Session,Course,Batch,Department/Group,subject_code,subject_name,exam,url,raw_action
July-December 2024,B.Sc.-B.Ed.,2024,INTEGRATED TEACHER EDUCATION PROGRAMME,EDCC0101,Evolution of Indian Education,Mid Sem,https://v1.nitj.ac.in/erp/academic_repository/uploads/Kb63nkRa5GefOHvB.pdf,
July-December 2024,B.Sc.-B.Ed.,2024,INTEGRATED TEACHER EDUCATION PROGRAMME,EDCC0101,Evolution of Indian Education,End Sem,https://v1.nitj.ac.in/erp/academic_repository/uploads/491DeuMLfh63lcKr.pdf,
July-December 2024,B.Sc.-B.Ed.,2024,INTEGRATED TEACHER EDUCATION PROGRAMME,EDCC0102,Understanding India,Mid Sem,https://v1.nitj.ac.in/erp/academic_repository/uploads/g9lD2k0s5oxZXP6C.pdf,
July-December 2024,B.Sc.-B.Ed.,2024,INTEGRATED TEACHER EDUCATION PROGRAMME,EDCC0102,Understanding India,End Sem,https://v1.nitj.ac.in/erp/academic_repository/uploads/a8Gj0f1kgvcTtsdo.pdf,
July-December 2024,B.Sc.-B.Ed.,2024,INTEGRATED TEACHER EDUCATION PROGRAMME,EDCC0103,Communication Skills-I,Mid Sem,https://v1.nitj.ac.in/erp/academic_repository/uploads/egrDkb7Zx49tPwfi.pdf,
July-December 2024,B.Sc.-B.Ed.,2024,INTEGRATED TEACHER EDUCATION PROGRAMME,EDCC0103,Communication Skills-I,End Sem,https://v1.nitj.ac.in/erp/academic_repository/uploads/6LoIJhCkDlVp98uA.pdf,
July-December 2024,B.Sc.-B.Ed.,2024,INTEGRATED TEACHER EDUCATION PROGRAMME,EDCY0101,Physical Chemistry-I,Mid Sem,https://v1.nitj.ac.in/erp/academic_repository/uploads/VAZzBoxigqYvPu6F.pdf,
July-December 2024,B.Sc.-B.Ed.,2024,INTEGRATED TEACHER EDUCATION PROGRAMME,EDCY0101,Physical Chemistry-I,End Sem,https://v1.nitj.ac.in/erp/academic_repository/uploads/0D3RUs2EcnZTaGpV.pdf,
July-December 2024,B.Sc.-B.Ed.,2024,INTEGRATED TEACHER EDUCATION PROGRAMME,EDEC0101,Hindi-I,Mid Sem,https://v1.nitj.ac.in/erp/academic_repository/uploads/206t8mnzBfDcN7HK.pdf,
July-December 2024,B.Sc.-B.Ed.,2024,INTEGRATED TEACHER EDUCATION PROGRAMME,EDEC0101,Hindi-I,End Sem,https://v1.nitj.ac.in/erp/academic_repository/uploads/AJCo5jgkBKSyWUhM.pdf,
July-December 2024,B.Sc.-B.Ed.,2024,INTEGRATED TEACHER EDUCATION PROGRAMME,EDEC0102,Punjabi-I,Mid Sem,https://v1.nitj.ac.in/erp/academic_repository/uploads/RaMYGkFD5VoyhB4e.pdf,
July-December 2024,B.Sc.-B.Ed.,2024,INTEGRATED TEACHER EDUCATION PROGRAMME,EDEC0102,Punjabi-I,End Sem,https://v1.nitj.ac.in/erp/academic_repository/uploads/2Z9NHmrSt4EPCB1n.pdf,
July-December 2024,B.Sc.-B.Ed.,2024,INTEGRATED TEACHER EDUCATION PROGRAMME,EDMA0101,Elementary Mathematics Maths-I,Mid Sem,https://v1.nitj.ac.in/erp/academic_repository/uploads/r04OjoQmYSnifKPa.pdf,
July-December 2024,B.Sc.-B.Ed.,2024,INTEGRATED TEACHER EDUCATION PROGRAMME,EDMA0101,Elementary Mathematics Maths-I,Mid Sem,https://v1.nitj.ac.in/erp/academic_repository/uploads/voZO0PnFXDpruqSd.pdf,
July-December 2024,B.Sc.-B.Ed.,2024,INTEGRATED TEACHER EDUCATION PROGRAMME,EDMA0101,Elementary Mathematics Maths-I,End Sem,https://v1.nitj.ac.in/erp/academic_repository/uploads/42GQemXR6oI5lhPd.pdf,
July-December 2024,B.Sc.-B.Ed.,2024,INTEGRATED TEACHER EDUCATION PROGRAMME,EDPH0101,Mechanics,Mid Sem,https://v1.nitj.ac.in/erp/academic_repository/uploads/CWMXmygZvTVspi5q.pdf,
July-December 2024,B.Sc.-B.Ed.,2024,INTEGRATED TEACHER EDUCATION PROGRAMME,EDPH0101,Mechanics,End Sem,https://v1.nitj.ac.in/erp/academic_repository/uploads/RQhxN0nYdEFOZ5iT.pdf,
July-December 2024,B.Sc.-B.Ed.,2023,INTEGRATED TEACHER EDUCATION PROGRAMME,CYMI0303,Inorganic Chemistry M-I,Mid Sem,https://v1.nitj.ac.in/erp/academic_repository/uploads/9j0qcUuQVgMB1DsA.pdf,
July-December 2024,B.Sc.-B.Ed.,2023,INTEGRATED TEACHER EDUCATION PROGRAMME,CYMI0303,Inorganic Chemistry M-I,End Sem,https://v1.nitj.ac.in/erp/academic_repository/uploads/zGPaAQhw8C5yjYRe.pdf,
July-December 2024,B.Sc.-B.Ed.,2023,INTEGRATED TEACHER EDUCATION PROGRAMME,CYMI0304,Organic Chemistry M-I,Mid Sem,https://v1.nitj.ac.in/erp/academic_repository/uploads/TWx5EGPnvIFXDCoQ.pdf,
July-December 2024,B.Sc.-B.Ed.,2023,INTEGRATED TEACHER EDUCATION PROGRAMME,CYMI0304,Organic Chemistry M-I,End Sem,https://v1.nitj.ac.in/erp/academic_repository/uploads/R7hAOyadeUqvkwfz.pdf,
July-December 2024,B.Sc.-B.Ed.,2023,INTEGRATED TEACHER EDUCATION PROGRAMME,CYMJ0301,Physical Chemistry-II,Mid Sem,https://v1.nitj.ac.in/erp/academic_repository/uploads/TeiRQYw1mafHGXd9.pdf,
July-December 2024,B.Sc.-B.Ed.,2023,INTEGRATED TEACHER EDUCATION PROGRAMME,CYMJ0301,Physical Chemistry-II,End Sem,https://v1.nitj.ac.in/erp/academic_repository/uploads/Y48uBWdA6cJUEeTV.pdf,
July-December 2024,B.Sc.-B.Ed.,2023,INTEGRATED TEACHER EDUCATION PROGRAMME,CYMJ0302,Organic Chemistry-II,Mid Sem,https://v1.nitj.ac.in/erp/academic_repository/uploads/2q67JGmkgbeX0Bfs.pdf,
July-December 2024,B.Sc.-B.Ed.,2023,INTEGRATED TEACHER EDUCATION PROGRAMME,CYMJ0302,Organic Chemistry-II,End Sem,https://v1.nitj.ac.in/erp/academic_repository/uploads/Tu90P5DAoVv47F8W.pdf,
July-December 2024,B.Sc.-B.Ed.,2023,INTEGRATED TEACHER EDUCATION PROGRAMME,HMMJ0301,Child Development & Educational Psychology,Mid Sem,https://v1.nitj.ac.in/erp/academic_repository/uploads/cIHGXO73PeTrn5BY.pdf,
July-December 2024,B.Sc.-B.Ed.,2023,INTEGRATED TEACHER EDUCATION PROGRAMME,HMMJ0301,Child Development & Educational Psychology,End Sem,https://v1.nitj.ac.in/erp/academic_repository/uploads/95yEtxs8U74HpTFd.pdf,
July-December 2024,B.Sc.-B.Ed.,2023,INTEGRATED TEACHER EDUCATION PROGRAMME,HMMJ0302,Stage Specific Content-cum- Pedagogy Courses-I,Mid Sem,https://v1.nitj.ac.in/erp/academic_repository/uploads/NiRhTxvPKzSyGgmE.pdf,
July-December 2024,B.Sc.-B.Ed.,2023,INTEGRATED TEACHER EDUCATION PROGRAMME,HMMJ0302,Stage Specific Content-cum- Pedagogy Courses-I,End Sem,https://v1.nitj.ac.in/erp/academic_repository/uploads/ymH0DozZpBv7sYxW.pdf,
July-December 2024,B.Sc.-B.Ed.,2023,INTEGRATED TEACHER EDUCATION PROGRAMME,MAMI0303,Elementary Mathematics-II,Mid Sem,https://v1.nitj.ac.in/erp/academic_repository/uploads/UEk2ypwAMNxjqOfn.pdf,
July-December 2024,B.Sc.-B.Ed.,2023,INTEGRATED TEACHER EDUCATION PROGRAMME,MAMI0303,Elementary Mathematics-II,End Sem,https://v1.nitj.ac.in/erp/academic_repository/uploads/xvoFZ4EyPu0s7Dfi.pdf,
July-December 2024,B.Sc.-B.Ed.,2023,INTEGRATED TEACHER EDUCATION PROGRAMME,MAMI0304,Elementary Mathematics-III,Mid Sem,https://v1.nitj.ac.in/erp/academic_repository/uploads/PlbTa06EOnmyKVkp.pdf,
July-December 2024,B.Sc.-B.Ed.,2023,INTEGRATED TEACHER EDUCATION PROGRAMME,MAMI0304,Elementary Mathematics-III,End Sem,https://v1.nitj.ac.in/erp/academic_repository/uploads/mK9RTDtpd08nP6Qb.pdf,
July-December 2024,B.Sc.-B.Ed.,2023,INTEGRATED TEACHER EDUCATION PROGRAMME,MAMJ0301,Descriptive Statistics and Probability,Mid Sem,https://v1.nitj.ac.in/erp/academic_repository/uploads/FADXOVGCrHsxNK4T.pdf,
July-December 2024,B.Sc.-B.Ed.,2023,INTEGRATED TEACHER EDUCATION PROGRAMME,MAMJ0301,Descriptive Statistics and Probability,End Sem,https://v1.nitj.ac.in/erp/academic_repository/uploads/t8W9UdYQxNOL2RAz.pdf,
July-December 2024,B.Sc.-B.Ed.,2023,INTEGRATED TEACHER EDUCATION PROGRAMME,MAMJ0302,Linear Algebra,Mid Sem,https://v1.nitj.ac.in/erp/academic_repository/uploads/E2VSfHztmeZKFXOj.pdf,
July-December 2024,B.Sc.-B.Ed.,2023,INTEGRATED TEACHER EDUCATION PROGRAMME,MAMJ0302,Linear Algebra,End Sem,https://v1.nitj.ac.in/erp/academic_repository/uploads/BFekfRjq7unxXLmi.pdf,
July-December 2024,B.Sc.-B.Ed.,2023,INTEGRATED TEACHER EDUCATION PROGRAMME,PHMI0303,Mathematical Physics,Mid Sem,https://v1.nitj.ac.in/erp/academic_repository/uploads/FTx2LpzEAr51gZwk.pdf,
July-December 2024,B.Sc.-B.Ed.,2023,INTEGRATED TEACHER EDUCATION PROGRAMME,PHMI0303,Mathematical Physics,End Sem,https://v1.nitj.ac.in/erp/academic_repository/uploads/SPayUHLfnJv1ZYRD.pdf,
July-December 2024,B.Sc.-B.Ed.,2023,INTEGRATED TEACHER EDUCATION PROGRAMME,PHMI0304,Mechanics,Mid Sem,https://v1.nitj.ac.in/erp/academic_repository/uploads/XrWGsevMyL5NTlV1.pdf,
July-December 2024,B.Sc.-B.Ed.,2023,INTEGRATED TEACHER EDUCATION PROGRAMME,PHMI0304,Mechanics,End Sem,https://v1.nitj.ac.in/erp/academic_repository/uploads/jIoP9aiCztFVkS85.pdf,
July-December 2024,B.Sc.-B.Ed.,2023,INTEGRATED TEACHER EDUCATION PROGRAMME,PHMJ0301,Thermodynamics & Statistical Mechanics,Mid Sem,https://v1.nitj.ac.in/erp/academic_repository/uploads/MtCPbqmL819FJkEI.pdf,
July-December 2024,B.Sc.-B.Ed.,2023,INTEGRATED TEACHER EDUCATION PROGRAMME,PHMJ0301,Thermodynamics & Statistical Mechanics,End Sem,https://v1.nitj.ac.in/erp/academic_repository/uploads/gQkPWb8SIOte640l.pdf,
July-December 2024,B.Sc.-B.Ed.,2023,INTEGRATED TEACHER EDUCATION PROGRAMME,PHMJ0302,Oscillations and Waves,Mid Sem,https://v1.nitj.ac.in/erp/academic_repository/uploads/P1hGlku2IQnUxEvp.pdf,
July-December 2024,B.Sc.-B.Ed.,2023,INTEGRATED TEACHER EDUCATION PROGRAMME,PHMJ0302,Oscillations and Waves,End Sem,https://v1.nitj.ac.in/erp/academic_repository/uploads/Kest8aHdVrZn0CRq.pdf,
July-December 2024,B.Tech,2024,B.Tech First Year,BTDC0101,Introduction to Biotechnology,Mid Sem,https://v1.nitj.ac.in/erp/academic_repository/uploads/XBQtJ9eK0ZfH4Sdp.pdf,
July-December 2024,B.Tech,2024,B.Tech First Year,BTDC0101,Introduction to Biotechnology,End Sem,https://v1.nitj.ac.in/erp/academic_repository/uploads/grKTwBEo9pYVqjy7.pdf,
July-December 2024,B.Tech,2024,B.Tech First Year,CEDC0101,Building Construction,Mid Sem,https://v1.nitj.ac.in/erp/academic_repository/uploads/S8T5ZMQFNf3bosmh.pdf,
July-December 2024,B.Tech,2024,B.Tech First Year,CEDC0101,Building Construction,End Sem,https://v1.nitj.ac.in/erp/academic_repository/uploads/VF3bvto89T6YrXyx.pdf,
July-December 2024,B.Tech,2024,B.Tech First Year,CHDC0101,Chemical Process Calculations,Mid Sem,https://v1.nitj.ac.in/erp/academic_repository/uploads/lpyPVu0jaeiIr4fO.pdf,
July-December 2024,B.Tech,2024,B.Tech First Year,CHDC0101,Chemical Process Calculations,End Sem,https://v1.nitj.ac.in/erp/academic_repository/uploads/2OoHJ3vn4EA7eFrx.pdf,
July-December 2024,B.Tech,2024,B.Tech First Year,CSDC0101,Digital Circuits and Logic Design,Mid Sem,https://v1.nitj.ac.in/erp/academic_repository/uploads/P5BQkLjfvg3cJUwX.pdf,
July-December 2024,B.Tech,2024,B.Tech First Year,CSDC0101,Digital Circuits and Logic Design,End Sem,https://v1.nitj.ac.in/erp/academic_repository/uploads/wBIxcKYozfPhy8Ep.pdf,
July-December 2024,B.Tech,2024,B.Tech First Year,CSFC0101,Computer Programming,Mid Sem,https://v1.nitj.ac.in/erp/academic_repository/uploads/d3AEPVWakXIoG6iy.pdf,
July-December 2024,B.Tech,2024,B.Tech First Year,CSFC0101,Computer Programming,End Sem,https://v1.nitj.ac.in/erp/academic_repository/uploads/cSstliKTOJAWxL9n.pdf,
July-December 2024,B.Tech,2024,B.Tech First Year,CYFC0103,Applied Chemistry,Mid Sem,https://v1.nitj.ac.in/erp/academic_repository/uploads/Nmk8izSR4bDLhgnG.pdf,
July-December 2024,B.Tech,2024,B.Tech First Year,CYFC0103,Applied Chemistry,End Sem,https://v1.nitj.ac.in/erp/academic_repository/uploads/FK1ng6eGwl7Y4Viq.pdf,
July-December 2024,B.Tech,2024,B.Tech First Year,ECDC0101,Circuit Theory,Mid Sem,https://v1.nitj.ac.in/erp/academic_repository/uploads/gHqXKnTZd92YRNcU.pdf,
July-December 2024,B.Tech,2024,B.Tech First Year,ECDC0101,Circuit Theory,End Sem,https://v1.nitj.ac.in/erp/academic_repository/uploads/3qt7eEuvF9TUiGhH.pdf,
July-December 2024,B.Tech,2024,B.Tech First Year,EEDC0101,Basic Electrical Engineering,Mid Sem,https://v1.nitj.ac.in/erp/academic_repository/uploads/21MPBIiXJE457egc.pdf,
July-December 2024,B.Tech,2024,B.Tech First Year,EEDC0101,Basic Electrical Engineering,End Sem,https://v1.nitj.ac.in/erp/academic_repository/uploads/kV96K7CoW0PIJMBS.pdf,
July-December 2024,B.Tech,2024,B.Tech First Year,EEFC0101,Fundamental of Electrical Engineering,Mid Sem,https://v1.nitj.ac.in/erp/academic_repository/uploads/9RhUeiMlGIwfF0vb.pdf,
July-December 2024,B.Tech,2024,B.Tech First Year,EEFC0101,Fundamental of Electrical Engineering,End Sem,https://v1.nitj.ac.in/erp/academic_repository/uploads/08h7tFLSmqXcf9ZB.pdf,
July-December 2024,B.Tech,2024,B.Tech First Year,EEFC0102,Basic Electrical Science,Mid Sem,https://v1.nitj.ac.in/erp/academic_repository/uploads/HD2UEmelc3fThNKQ.pdf,
July-December 2024,B.Tech,2024,B.Tech First Year,EEFC0102,Basic Electrical Science,End Sem,https://v1.nitj.ac.in/erp/academic_repository/uploads/R1Gk6j75s0NQWLcO.pdf,
July-December 2024,B.Tech,2024,B.Tech First Year,HMFC0101,English Communication and Report Writing,Mid Sem,https://v1.nitj.ac.in/erp/academic_repository/uploads/ROSmaBwsq1nYrlG9.pdf,
July-December 2024,B.Tech,2024,B.Tech First Year,HMFC0101,English Communication and Report Writing,End Sem,https://v1.nitj.ac.in/erp/academic_repository/uploads/itJpQq1VoSWCj2ID.pdf,
July-December 2024,B.Tech,2024,B.Tech First Year,HMFC0102,Management Principles and Indian Constitutional Values,Mid Sem,https://v1.nitj.ac.in/erp/academic_repository/uploads/EPb6t4qrVGLMdxN9.pdf,
July-December 2024,B.Tech,2024,B.Tech First Year,HMFC0102,Management Principles and Indian Constitutional Values,End Sem,https://v1.nitj.ac.in/erp/academic_repository/uploads/iIyQZRjVAWdDSaT1.pdf,
July-December 2024,B.Tech,2024,B.Tech First Year,ICDC0101,Basics of Electrical Engineering,Mid Sem,https://v1.nitj.ac.in/erp/academic_repository/uploads/MXATlWijUsxNZoyI.pdf,
July-December 2024,B.Tech,2024,B.Tech First Year,ICDC0101,Basics of Electrical Engineering,End Sem,https://v1.nitj.ac.in/erp/academic_repository/uploads/nXYVuFZK9dr7f03g.pdf,
July-December 2024,B.Tech,2024,B.Tech First Year,ICFC0101,Elements of Electrical and Electronics Engineering,Mid Sem,https://v1.nitj.ac.in/erp/academic_repository/uploads/Ganr2Cu4jNZ5qPef.pdf,
July-December 2024,B.Tech,2024,B.Tech First Year,ICFC0101,Elements of Electrical and Electronics Engineering,End Sem,https://v1.nitj.ac.in/erp/academic_repository/uploads/oYvEJfezIBu5C7PZ.pdf,
July-December 2024,B.Tech,2024,B.Tech First Year,IDFC0101,Environmental Sciences,Mid Sem,https://v1.nitj.ac.in/erp/academic_repository/uploads/elGgznar8LTZd2sC.pdf,
July-December 2024,B.Tech,2024,B.Tech First Year,IDFC0101,Environmental Sciences,End Sem,https://v1.nitj.ac.in/erp/academic_repository/uploads/sM0cUaqYSQPEZ1hy.pdf,
July-December 2024,B.Tech,2024,B.Tech First Year,IPDC0101,Engineering Graphics and CAD,Mid Sem,https://v1.nitj.ac.in/erp/academic_repository/uploads/OBNikrGgSUmpdK9j.pdf,
July-December 2024,B.Tech,2024,B.Tech First Year,IPDC0101,Engineering Graphics and CAD,End Sem,https://v1.nitj.ac.in/erp/academic_repository/uploads/2RgcMyEnFsKAfIGY.pdf,
July-December 2024,B.Tech,2024,B.Tech First Year,IPFC0101,Engineering Graphics and CAD,Mid Sem,https://v1.nitj.ac.in/erp/academic_repository/uploads/FdC3T4jORXkcaL2N.pdf,
July-December 2024,B.Tech,2024,B.Tech First Year,IPFC0101,Engineering Graphics and CAD,End Sem,https://v1.nitj.ac.in/erp/academic_repository/uploads/TV8BetEPv4uC1Hwl.pdf,
July-December 2024,B.Tech,2024,B.Tech First Year,ITDC0101,Probability and Computing,Mid Sem,https://v1.nitj.ac.in/erp/academic_repository/uploads/hHQgd3MVBzinwADY.pdf,
July-December 2024,B.Tech,2024,B.Tech First Year,ITDC0101,Probability and Computing,End Sem,https://v1.nitj.ac.in/erp/academic_repository/uploads/iekS2utoOjNMvW5c.pdf,
July-December 2024,B.Tech,2024,B.Tech First Year,ITFC0101,Problem Solving using Python,Mid Sem,https://v1.nitj.ac.in/erp/academic_repository/uploads/Ikw9DHE2XparqVhW.pdf,
July-December 2024,B.Tech,2024,B.Tech First Year,ITFC0101,Problem Solving using Python,End Sem,https://v1.nitj.ac.in/erp/academic_repository/uploads/M4elPWsXA15ip2tH.pdf,
July-December 2024,B.Tech,2024,B.Tech First Year,MADC0101,Departmental Core-1 Real and Complex Analysis,Mid Sem,https://v1.nitj.ac.in/erp/academic_repository/uploads/j0OAr79lZTYfm6et.pdf,
July-December 2024,B.Tech,2024,B.Tech First Year,MADC0101,Departmental Core-1 Real and Complex Analysis,End Sem,https://v1.nitj.ac.in/erp/academic_repository/uploads/3AcQ6dis5vSEH2CM.pdf,
July-December 2024,B.Tech,2024,B.Tech First Year,MAFC-0102,Mathematics-II,Mid Sem,https://v1.nitj.ac.in/erp/academic_repository/uploads/k1PMpWegfcsNIKQl.pdf,
July-December 2024,B.Tech,2024,B.Tech First Year,MAFC-0102,Mathematics-II,End Sem,https://v1.nitj.ac.in/erp/academic_repository/uploads/WP3fCqN0cJt4jzSo.pdf,
July-December 2024,B.Tech,2024,B.Tech First Year,MAFC0101,Mathematics-I,Mid Sem,https://v1.nitj.ac.in/erp/academic_repository/uploads/JuVIPiHlmtCFGW31.pdf,
July-December 2024,B.Tech,2024,B.Tech First Year,MAFC0101,Mathematics-I,End Sem,https://v1.nitj.ac.in/erp/academic_repository/uploads/XT7gt9Oe10fIsD4p.pdf,
July-December 2024,B.Tech,2024,B.Tech First Year,MAFC0102,Mathematics-II,Mid Sem,https://v1.nitj.ac.in/erp/academic_repository/uploads/0PgTZ3rz8OqGI5yn.pdf,
July-December 2024,B.Tech,2024,B.Tech First Year,MAFC0102,Mathematics-II,End Sem,https://v1.nitj.ac.in/erp/academic_repository/uploads/z2DMhyQWIaVKA96B.pdf,
July-December 2024,B.Tech,2024,B.Tech First Year,MEDC0101,Basic Thermodynamics,Mid Sem,https://v1.nitj.ac.in/erp/academic_repository/uploads/nLYABgSXV5KzTxEw.pdf,
July-December 2024,B.Tech,2024,B.Tech First Year,MEDC0101,Basic Thermodynamics,End Sem,https://v1.nitj.ac.in/erp/academic_repository/uploads/CFU0azc7gXyPjik5.pdf,
July-December 2024,B.Tech,2024,B.Tech First Year,MEFC0101,Elements of Mechanical Engineering,Mid Sem,https://v1.nitj.ac.in/erp/academic_repository/uploads/wxnMIe3WvhHpaPUE.pdf,
July-December 2024,B.Tech,2024,B.Tech First Year,MEFC0101,Elements of Mechanical Engineering,End Sem,https://v1.nitj.ac.in/erp/academic_repository/uploads/bJ9fL3T48vcXRKNm.pdf,
July-December 2024,B.Tech,2024,B.Tech First Year,MEFC0103,Introduction to Mechanical Engineering,Mid Sem,https://v1.nitj.ac.in/erp/academic_repository/uploads/nOMKx1Zj9zubT65P.pdf,
July-December 2024,B.Tech,2024,B.Tech First Year,MEFC0103,Introduction to Mechanical Engineering,Mid Sem,https://v1.nitj.ac.in/erp/academic_repository/uploads/vh31KWRtHU9TSQMz.pdf,
July-December 2024,B.Tech,2024,B.Tech First Year,MEFC0103,Introduction to Mechanical Engineering,End Sem,https://v1.nitj.ac.in/erp/academic_repository/uploads/i1KkP3EoMZ6a8rJx.pdf,
July-December 2024,B.Tech,2024,B.Tech First Year,PHFC0101,Applied Physics,End Sem,https://v1.nitj.ac.in/erp/academic_repository/uploads/FShrgs6uAWpq9UfX.pdf,
July-December 2024,B.Tech,2024,B.Tech First Year,PHFC0105,Applied Physics,Mid Sem,https://v1.nitj.ac.in/erp/academic_repository/uploads/v8Cnzrbl3JgoqZit.pdf,
July-December 2024,B.Tech,2024,B.Tech First Year,PHFC0105,Applied Physics,End Sem,https://v1.nitj.ac.in/erp/academic_repository/uploads/fKDJBWPw7Nmqe5ur.pdf,
July-December 2024,B.Tech,2024,B.Tech First Year,PHFC0107,Applied Physics,Mid Sem,https://v1.nitj.ac.in/erp/academic_repository/uploads/pALR1OsjJwNZU7FE.pdf,
July-December 2024,B.Tech,2024,B.Tech First Year,PHFC0107,Applied Physics,End Sem,https://v1.nitj.ac.in/erp/academic_repository/uploads/ULVdY0Ka8zlyrt95.pdf,
July-December 2024,B.Tech,2024,B.Tech First Year,TTDC0101,Fundamental of Textile Machines and Processes,Mid Sem,https://v1.nitj.ac.in/erp/academic_repository/uploads/Vhs9e3daKli1jQgE.pdf,
July-December 2024,B.Tech,2024,B.Tech First Year,TTDC0101,Fundamental of Textile Machines and Processes,End Sem,https://v1.nitj.ac.in/erp/academic_repository/uploads/di4nkzyFSKMV2a1l.pdf,
July-December 2024,B.Tech,2023,BIO TECHNOLOGY,BTDC0201,Microbiology,Mid Sem,https://v1.nitj.ac.in/erp/academic_repository/uploads/IfowZ0pDPh16RnSu.pdf,
July-December 2024,B.Tech,2023,BIO TECHNOLOGY,BTDC0201,Microbiology,End Sem,https://v1.nitj.ac.in/erp/academic_repository/uploads/emVwLFuETZ5phWnb.pdf,
July-December 2024,B.Tech,2023,BIO TECHNOLOGY,BTDC0203,Biochemistry,Mid Sem,https://v1.nitj.ac.in/erp/academic_repository/uploads/gtM73hDBlbxTwo5q.pdf,
July-December 2024,B.Tech,2023,BIO TECHNOLOGY,BTDC0203,Biochemistry,End Sem,https://v1.nitj.ac.in/erp/academic_repository/uploads/lsNhIUGyK6MgDqRm.pdf,
July-December 2024,B.Tech,2023,BIO TECHNOLOGY,BTDC0205,Cell and Molecular Biology,Mid Sem,https://v1.nitj.ac.in/erp/academic_repository/uploads/nSKzIX0uJDkO4LhF.pdf,
July-December 2024,B.Tech,2023,BIO TECHNOLOGY,BTDC0205,Cell and Molecular Biology,End Sem,https://v1.nitj.ac.in/erp/academic_repository/uploads/2qYrQURGoXi8c6yd.pdf,
July-December 2024,B.Tech,2023,BIO TECHNOLOGY,BTDC0207,Bioprocess Engineering,Mid Sem,https://v1.nitj.ac.in/erp/academic_repository/uploads/ctrb5sEMKYgkXjVW.pdf,
July-December 2024,B.Tech,2023,BIO TECHNOLOGY,BTDC0207,Bioprocess Engineering,End Sem,https://v1.nitj.ac.in/erp/academic_repository/uploads/cEPZSQnyzN8CHTU2.pdf,
July-December 2024,B.Tech,2023,BIO TECHNOLOGY,CHDC0281,Fluid and Particles Mechanics,Mid Sem,https://v1.nitj.ac.in/erp/academic_repository/uploads/TJmvs9eQ5SWiGCPZ.pdf,
July-December 2024,B.Tech,2023,BIO TECHNOLOGY,CHDC0281,Fluid and Particles Mechanics,Mid Sem,https://v1.nitj.ac.in/erp/academic_repository/uploads/Qs5zqCSN68cg2MFE.pdf,
July-December 2024,B.Tech,2023,BIO TECHNOLOGY,CHDC0281,Fluid and Particles Mechanics,End Sem,https://v1.nitj.ac.in/erp/academic_repository/uploads/dQ6ZXnLJfp7GiVkc.pdf,
July-December 2024,B.Tech,2023,BIO TECHNOLOGY,MCDC0204,Statistics and Probability,Mid Sem,https://v1.nitj.ac.in/erp/academic_repository/uploads/QUZXw3xbnPWfgdKB.pdf,
July-December 2024,B.Tech,2023,BIO TECHNOLOGY,MCDC0204,Statistics and Probability,End Sem,https://v1.nitj.ac.in/erp/academic_repository/uploads/xfV5U89H7SZjyrhQ.pdf,
July-December 2024,B.Tech,2023,CIVIL ENGINEERING,CEDC0203,Surveying,Mid Sem,https://v1.nitj.ac.in/erp/academic_repository/uploads/QxGzRtWcjw3h07O6.pdf,
July-December 2024,B.Tech,2023,CIVIL ENGINEERING,CEDC0203,Surveying,End Sem,https://v1.nitj.ac.in/erp/academic_repository/uploads/e5KDWC2JIOYRbn94.pdf,
July-December 2024,B.Tech,2023,CIVIL ENGINEERING,CEDC0205,Concrete Technology,Mid Sem,https://v1.nitj.ac.in/erp/academic_repository/uploads/z3SO5nwDWIEUMsuN.pdf,
July-December 2024,B.Tech,2023,CIVIL ENGINEERING,CEDC0205,Concrete Technology,End Sem,https://v1.nitj.ac.in/erp/academic_repository/uploads/YeipfdZDEI5trLXm.pdf,
July-December 2024,B.Tech,2023,CIVIL ENGINEERING,CEDC0207,Fluid Mechanics,Mid Sem,https://v1.nitj.ac.in/erp/academic_repository/uploads/HkjadivzfRsxK7CV.pdf,
July-December 2024,B.Tech,2023,CIVIL ENGINEERING,CEDC0207,Fluid Mechanics,End Sem,https://v1.nitj.ac.in/erp/academic_repository/uploads/dPXmVgETZ6t4j8yq.pdf,
July-December 2024,B.Tech,2023,CIVIL ENGINEERING,CEDC0209,Rock Mechanics & Engineering Geology,Mid Sem,https://v1.nitj.ac.in/erp/academic_repository/uploads/ptDPvbgE4XoYxHBM.pdf,
July-December 2024,B.Tech,2023,CIVIL ENGINEERING,CEDC0209,Rock Mechanics & Engineering Geology,End Sem,https://v1.nitj.ac.in/erp/academic_repository/uploads/s83Dneg9QRXxkYWu.pdf,
July-December 2024,B.Tech,2023,CIVIL ENGINEERING,CEDC0211,Water Supply Engineering,Mid Sem,https://v1.nitj.ac.in/erp/academic_repository/uploads/trwP3QLSO16Y0omN.pdf,
July-December 2024,B.Tech,2023,CIVIL ENGINEERING,CEDC0211,Water Supply Engineering,End Sem,https://v1.nitj.ac.in/erp/academic_repository/uploads/DBVzN8dCFp3Uhgwb.pdf,
July-December 2024,B.Tech,2023,CIVIL ENGINEERING,MCDC0201,Mathematics-III,Mid Sem,https://v1.nitj.ac.in/erp/academic_repository/uploads/13MJUZ2QaeEi9X04.pdf,
July-December 2024,B.Tech,2023,CIVIL ENGINEERING,MCDC0201,Mathematics-III,End Sem,https://v1.nitj.ac.in/erp/academic_repository/uploads/86NnvTXmt4qYeyh9.pdf,
July-December 2024,B.Tech,2023,CHEMICAL ENGINEERING,CHDC-0102,Industrial Pollution Abatement,Mid Sem,https://v1.nitj.ac.in/erp/academic_repository/uploads/XprVcKI6W1DSExCO.pdf,
July-December 2024,B.Tech,2023,CHEMICAL ENGINEERING,CHDC-0102,Industrial Pollution Abatement,End Sem,https://v1.nitj.ac.in/erp/academic_repository/uploads/yHdqJnXU2V8lDE09.pdf,
July-December 2024,B.Tech,2023,CHEMICAL ENGINEERING,CHDC0101,Chemical Process Calculations,Mid Sem,https://v1.nitj.ac.in/erp/academic_repository/uploads/IuP2cEeqT5baWCf3.pdf,
July-December 2024,B.Tech,2023,CHEMICAL ENGINEERING,CHDC0101,Chemical Process Calculations,End Sem,https://v1.nitj.ac.in/erp/academic_repository/uploads/GAT5CmMgSRQFwvcI.pdf,
July-December 2024,B.Tech,2023,CHEMICAL ENGINEERING,CHDC0201,Fluid Mechanics,Mid Sem,https://v1.nitj.ac.in/erp/academic_repository/uploads/rIjfSxcCqzaWp3Al.pdf,
July-December 2024,B.Tech,2023,CHEMICAL ENGINEERING,CHDC0201,Fluid Mechanics,End Sem,https://v1.nitj.ac.in/erp/academic_repository/uploads/8rOm3HCoG9ShFIsQ.pdf,
July-December 2024,B.Tech,2023,CHEMICAL ENGINEERING,CHDC0203,Mechanical Operations,Mid Sem,https://v1.nitj.ac.in/erp/academic_repository/uploads/8BFe1hkq2xEr0zPn.pdf,
July-December 2024,B.Tech,2023,CHEMICAL ENGINEERING,CHDC0203,Mechanical Operations,End Sem,https://v1.nitj.ac.in/erp/academic_repository/uploads/LApm7zCThxJ05sNG.pdf,
July-December 2024,B.Tech,2023,CHEMICAL ENGINEERING,CHDC0205,Chemical Technology-I,Mid Sem,https://v1.nitj.ac.in/erp/academic_repository/uploads/UiKpgAYX7u2jxwqE.pdf,
July-December 2024,B.Tech,2023,CHEMICAL ENGINEERING,CHDC0205,Chemical Technology-I,End Sem,https://v1.nitj.ac.in/erp/academic_repository/uploads/aJcqSo8flkCWDQ4V.pdf,
July-December 2024,B.Tech,2023,CHEMICAL ENGINEERING,CHDC0207,Material Science for Chemical Engineers,Mid Sem,https://v1.nitj.ac.in/erp/academic_repository/uploads/kGcAzCTIR08qg1h4.pdf,
July-December 2024,B.Tech,2023,CHEMICAL ENGINEERING,CHDC0207,Material Science for Chemical Engineers,End Sem,https://v1.nitj.ac.in/erp/academic_repository/uploads/aM8LrDp0eytVZH9I.pdf,
July-December 2024,B.Tech,2023,CHEMICAL ENGINEERING,MCDC0201,Mathematics-III,Mid Sem,https://v1.nitj.ac.in/erp/academic_repository/uploads/sQX4bMhliF2LxgVo.pdf,
July-December 2024,B.Tech,2023,CHEMICAL ENGINEERING,MCDC0201,Mathematics-III,End Sem,https://v1.nitj.ac.in/erp/academic_repository/uploads/ziysSJeNbYRpIVqg.pdf,
July-December 2024,B.Tech,2023,COMPUTER SCIENCE AND ENGINEERING,CSDC0101,Digital Circuits and Logic Design,Mid Sem,https://v1.nitj.ac.in/erp/academic_repository/uploads/2TkF0ci5HgUZfu1J.pdf,
July-December 2024,B.Tech,2023,COMPUTER SCIENCE AND ENGINEERING,CSDC0101,Digital Circuits and Logic Design,End Sem,https://v1.nitj.ac.in/erp/academic_repository/uploads/Cy2ecox0Ya6kj4nX.pdf,
July-December 2024,B.Tech,2023,COMPUTER SCIENCE AND ENGINEERING,CSDC0102,Discrete Structures,Mid Sem,https://v1.nitj.ac.in/erp/academic_repository/uploads/FA65zWBtdmy4uJQa.pdf,
July-December 2024,B.Tech,2023,COMPUTER SCIENCE AND ENGINEERING,CSDC0102,Discrete Structures,End Sem,https://v1.nitj.ac.in/erp/academic_repository/uploads/OXi38bPf0c5BYjst.pdf,
July-December 2024,B.Tech,2023,COMPUTER SCIENCE AND ENGINEERING,CSDC0201,Data Structures and Algorithms,Mid Sem,https://v1.nitj.ac.in/erp/academic_repository/uploads/J9ABUxs3TeoFRX42.pdf,
July-December 2024,B.Tech,2023,COMPUTER SCIENCE AND ENGINEERING,CSDC0201,Data Structures and Algorithms,End Sem,https://v1.nitj.ac.in/erp/academic_repository/uploads/UFYsth8kMuq7TRmP.pdf,
July-December 2024,B.Tech,2023,COMPUTER SCIENCE AND ENGINEERING,CSDC0203,Object Oriented Programming,Mid Sem,https://v1.nitj.ac.in/erp/academic_repository/uploads/V9sHl58LDF1QxJRT.pdf,
July-December 2024,B.Tech,2023,COMPUTER SCIENCE AND ENGINEERING,CSDC0203,Object Oriented Programming,End Sem,https://v1.nitj.ac.in/erp/academic_repository/uploads/nhXUm5Lkj2fCYb96.pdf,
July-December 2024,B.Tech,2023,COMPUTER SCIENCE AND ENGINEERING,CSDC0205,Computer Organization and Architecture,Mid Sem,https://v1.nitj.ac.in/erp/academic_repository/uploads/saupKCr98XUlfeiD.pdf,
July-December 2024,B.Tech,2023,COMPUTER SCIENCE AND ENGINEERING,CSDC0205,Computer Organization and Architecture,End Sem,https://v1.nitj.ac.in/erp/academic_repository/uploads/CjSwi1gzou3Tk4Z6.pdf,
July-December 2024,B.Tech,2023,COMPUTER SCIENCE AND ENGINEERING,CSDC0207,Data Visualization for Product Design,Mid Sem,https://v1.nitj.ac.in/erp/academic_repository/uploads/K8hUcADngQGZHdkW.pdf,
July-December 2024,B.Tech,2023,COMPUTER SCIENCE AND ENGINEERING,CSDC0207,Data Visualization for Product Design,End Sem,https://v1.nitj.ac.in/erp/academic_repository/uploads/gsAJTHPWI24DCxLY.pdf,
July-December 2024,B.Tech,2023,COMPUTER SCIENCE AND ENGINEERING,CSDC0209,Probability and Statistics,Mid Sem,https://v1.nitj.ac.in/erp/academic_repository/uploads/TkAobWMCEwfy1HYL.pdf,
July-December 2024,B.Tech,2023,COMPUTER SCIENCE AND ENGINEERING,CSDC0209,Probability and Statistics,End Sem,https://v1.nitj.ac.in/erp/academic_repository/uploads/v58FHM0fuLJWUTrX.pdf,
July-December 2024,B.Tech,2023,COMPUTER SCIENCE AND ENGINEERING,HMDC0201,Business Economics and Financial Accounting,Mid Sem,https://v1.nitj.ac.in/erp/academic_repository/uploads/u48KAIPdmnY5qGQt.pdf,
July-December 2024,B.Tech,2023,COMPUTER SCIENCE AND ENGINEERING,HMDC0201,Business Economics and Financial Accounting,End Sem,https://v1.nitj.ac.in/erp/academic_repository/uploads/Wh1mQnpfzF3rcaYo.pdf,
July-December 2024,B.Tech,2023,DATA SCIENCE AND ENGINEERING,CSDC0101,Digital Circuits and Logic Design,End Sem,https://v1.nitj.ac.in/erp/academic_repository/uploads/tJHPN4e7FraEgpmQ.pdf,
July-December 2024,B.Tech,2023,DATA SCIENCE AND ENGINEERING,CSDC0102,Discrete Structures,Mid Sem,https://v1.nitj.ac.in/erp/academic_repository/uploads/XCMUYIx8PWAOalfw.pdf,
July-December 2024,B.Tech,2023,DATA SCIENCE AND ENGINEERING,CSDC0102,Discrete Structures,End Sem,https://v1.nitj.ac.in/erp/academic_repository/uploads/M83hLO9t4lW7fopC.pdf,
July-December 2024,B.Tech,2023,DATA SCIENCE AND ENGINEERING,CSDC0201,Data Structures and Algorithms,Mid Sem,https://v1.nitj.ac.in/erp/academic_repository/uploads/xABvwPuDeMQmfgGs.pdf,
July-December 2024,B.Tech,2023,DATA SCIENCE AND ENGINEERING,CSDC0201,Data Structures and Algorithms,End Sem,https://v1.nitj.ac.in/erp/academic_repository/uploads/DRuO4lSMv3yEUtq0.pdf,
July-December 2024,B.Tech,2023,DATA SCIENCE AND ENGINEERING,CSDC0203,Object Oriented Programming,Mid Sem,https://v1.nitj.ac.in/erp/academic_repository/uploads/frRUZzBwPWkQ7GEF.pdf,
July-December 2024,B.Tech,2023,DATA SCIENCE AND ENGINEERING,CSDC0203,Object Oriented Programming,End Sem,https://v1.nitj.ac.in/erp/academic_repository/uploads/gHuDJazmY0sL9opS.pdf,
July-December 2024,B.Tech,2023,DATA SCIENCE AND ENGINEERING,CSDC0205,Computer Organization and Architecture,Mid Sem,https://v1.nitj.ac.in/erp/academic_repository/uploads/Vmvwa580qncHf7yG.pdf,
July-December 2024,B.Tech,2023,DATA SCIENCE AND ENGINEERING,CSDC0205,Computer Organization and Architecture,End Sem,https://v1.nitj.ac.in/erp/academic_repository/uploads/OFQt7YKp0PnCb6e9.pdf,
July-December 2024,B.Tech,2023,DATA SCIENCE AND ENGINEERING,CSDC0207,Data Visualization for Product Design,Mid Sem,https://v1.nitj.ac.in/erp/academic_repository/uploads/bNELtKp0zU6M2mZf.pdf,
July-December 2024,B.Tech,2023,DATA SCIENCE AND ENGINEERING,CSDC0207,Data Visualization for Product Design,End Sem,https://v1.nitj.ac.in/erp/academic_repository/uploads/gAoz0a6u1NG7eSfi.pdf,
July-December 2024,B.Tech,2023,DATA SCIENCE AND ENGINEERING,CSDC0211,Mathematical Foundation for Data Science - I,Mid Sem,https://v1.nitj.ac.in/erp/academic_repository/uploads/2YPXFLfBOlngwDqI.pdf,
July-December 2024,B.Tech,2023,DATA SCIENCE AND ENGINEERING,CSDC0211,Mathematical Foundation for Data Science - I,End Sem,https://v1.nitj.ac.in/erp/academic_repository/uploads/C2TxaNfcFzwkdvj5.pdf,
July-December 2024,B.Tech,2023,DATA SCIENCE AND ENGINEERING,HMDC0201,Business Economics and Financial Accounting,Mid Sem,https://v1.nitj.ac.in/erp/academic_repository/uploads/HPRNLd21nzEJ0b6r.pdf,
July-December 2024,B.Tech,2023,DATA SCIENCE AND ENGINEERING,HMDC0201,Business Economics and Financial Accounting,End Sem,https://v1.nitj.ac.in/erp/academic_repository/uploads/h9A0fZquP4mbVTOF.pdf,
July-December 2024,B.Tech,2023,ELECTRONICS AND COMMUNICATION ENGINEERING,CSDC0201,Data Structures and Algorithms,Mid Sem,https://v1.nitj.ac.in/erp/academic_repository/uploads/c5IslibFOUZSQK0J.pdf,
July-December 2024,B.Tech,2023,ELECTRONICS AND COMMUNICATION ENGINEERING,CSDC0201,Data Structures and Algorithms,End Sem,https://v1.nitj.ac.in/erp/academic_repository/uploads/sw64JBa3ehjpSmuV.pdf,
July-December 2024,B.Tech,2023,ELECTRONICS AND COMMUNICATION ENGINEERING,ECDC0101,Circuit Theory,Mid Sem,https://v1.nitj.ac.in/erp/academic_repository/uploads/ZfVyqDP2km398GWC.pdf,
July-December 2024,B.Tech,2023,ELECTRONICS AND COMMUNICATION ENGINEERING,ECDC0101,Circuit Theory,End Sem,https://v1.nitj.ac.in/erp/academic_repository/uploads/W0DVhoAcuOzqSKir.pdf,
July-December 2024,B.Tech,2023,ELECTRONICS AND COMMUNICATION ENGINEERING,ECDC0201,Electromagnetic Field Theory and Transmission Lines,Mid Sem,https://v1.nitj.ac.in/erp/academic_repository/uploads/4VkNeLfhXPBcvD2W.pdf,
July-December 2024,B.Tech,2023,ELECTRONICS AND COMMUNICATION ENGINEERING,ECDC0201,Electromagnetic Field Theory and Transmission Lines,End Sem,https://v1.nitj.ac.in/erp/academic_repository/uploads/DA920bN1LSluUexG.pdf,
July-December 2024,B.Tech,2023,ELECTRONICS AND COMMUNICATION ENGINEERING,ECDC0203,Electronic Devices and Circuits with Product Design,Mid Sem,https://v1.nitj.ac.in/erp/academic_repository/uploads/Y5KHzn8N0ZDtUqEm.pdf,
July-December 2024,B.Tech,2023,ELECTRONICS AND COMMUNICATION ENGINEERING,ECDC0203,Electronic Devices and Circuits with Product Design,End Sem,https://v1.nitj.ac.in/erp/academic_repository/uploads/dBN8YCbKUM7pQ1Pl.pdf,
July-December 2024,B.Tech,2023,ELECTRONICS AND COMMUNICATION ENGINEERING,ECDC0205,Digital Electronics,Mid Sem,https://v1.nitj.ac.in/erp/academic_repository/uploads/iwygY0eKBa8Erz5I.pdf,
July-December 2024,B.Tech,2023,ELECTRONICS AND COMMUNICATION ENGINEERING,ECDC0205,Digital Electronics,End Sem,https://v1.nitj.ac.in/erp/academic_repository/uploads/EN2MKi5LJnzhpWYr.pdf,
July-December 2024,B.Tech,2023,ELECTRONICS AND COMMUNICATION ENGINEERING,ECDC0207,Signals and Systems,Mid Sem,https://v1.nitj.ac.in/erp/academic_repository/uploads/H5jdXrYFySOfbAxa.pdf,
July-December 2024,B.Tech,2023,ELECTRONICS AND COMMUNICATION ENGINEERING,ECDC0207,Signals and Systems,End Sem,https://v1.nitj.ac.in/erp/academic_repository/uploads/6pigE8HD9QCv37NV.pdf,
July-December 2024,B.Tech,2023,ELECTRONICS AND COMMUNICATION ENGINEERING,ECDC0209,Analog Communication,Mid Sem,https://v1.nitj.ac.in/erp/academic_repository/uploads/ScDh4BYlXEG25ov9.pdf,
July-December 2024,B.Tech,2023,ELECTRONICS AND COMMUNICATION ENGINEERING,ECDC0209,Analog Communication,End Sem,https://v1.nitj.ac.in/erp/academic_repository/uploads/w9MPOWBqjCG6heSv.pdf,
July-December 2024,B.Tech,2023,ELECTRICAL ENGINEERING,CSDC0201,Data Structures and Algorithms,Mid Sem,https://v1.nitj.ac.in/erp/academic_repository/uploads/gFiwjy1P8aSJuHdq.pdf,
July-December 2024,B.Tech,2023,ELECTRICAL ENGINEERING,CSDC0201,Data Structures and Algorithms,End Sem,https://v1.nitj.ac.in/erp/academic_repository/uploads/Y9RlmDCsAnNpkIF4.pdf,
July-December 2024,B.Tech,2023,ELECTRICAL ENGINEERING,ECDC0215,Electronic Devices and Analog Integrated Circuits,Mid Sem,https://v1.nitj.ac.in/erp/academic_repository/uploads/5UhIkQfdwnlvFc8X.pdf,
July-December 2024,B.Tech,2023,ELECTRICAL ENGINEERING,ECDC0215,Electronic Devices and Analog Integrated Circuits,End Sem,https://v1.nitj.ac.in/erp/academic_repository/uploads/gsM6uGKXSFBTpwO8.pdf,
July-December 2024,B.Tech,2023,ELECTRICAL ENGINEERING,EEDC0101,Basic Electrical Engineering,Mid Sem,https://v1.nitj.ac.in/erp/academic_repository/uploads/M3tEvkRxJQbyceBg.pdf,
July-December 2024,B.Tech,2023,ELECTRICAL ENGINEERING,EEDC0101,Basic Electrical Engineering,End Sem,https://v1.nitj.ac.in/erp/academic_repository/uploads/TaQ4DApFygdBt871.pdf,
July-December 2024,B.Tech,2023,ELECTRICAL ENGINEERING,EEDC0102,EMF Theory,Mid Sem,https://v1.nitj.ac.in/erp/academic_repository/uploads/hY8gjlHzWnBETRfA.pdf,
July-December 2024,B.Tech,2023,ELECTRICAL ENGINEERING,EEDC0102,EMF Theory,End Sem,https://v1.nitj.ac.in/erp/academic_repository/uploads/v4GLiYyZI9QXpWBE.pdf,
July-December 2024,B.Tech,2023,ELECTRICAL ENGINEERING,EEDC0203,Circuit Theory,Mid Sem,https://v1.nitj.ac.in/erp/academic_repository/uploads/yNtG2rFUWInP7j4D.pdf,
July-December 2024,B.Tech,2023,ELECTRICAL ENGINEERING,EEDC0203,Circuit Theory,End Sem,https://v1.nitj.ac.in/erp/academic_repository/uploads/VtdZiFW2M3a1YTrD.pdf,
July-December 2024,B.Tech,2023,ELECTRICAL ENGINEERING,EEDC0205,Electrical Machines-I,Mid Sem,https://v1.nitj.ac.in/erp/academic_repository/uploads/cvC9igP5amLTOlI1.pdf,
July-December 2024,B.Tech,2023,ELECTRICAL ENGINEERING,EEDC0205,Electrical Machines-I,End Sem,https://v1.nitj.ac.in/erp/academic_repository/uploads/1WIJKch2NBag0AiQ.pdf,
July-December 2024,B.Tech,2023,ELECTRICAL ENGINEERING,EEDC0207,Digital Electronics,Mid Sem,https://v1.nitj.ac.in/erp/academic_repository/uploads/DAp8GF09k3n1Q6zg.pdf,
July-December 2024,B.Tech,2023,ELECTRICAL ENGINEERING,EEDC0207,Digital Electronics,End Sem,https://v1.nitj.ac.in/erp/academic_repository/uploads/4GDdrN0iKzqLh9tg.pdf,
July-December 2024,B.Tech,2023,ELECTRICAL ENGINEERING,EEDC0209,Measurements and Instrumentation,Mid Sem,https://v1.nitj.ac.in/erp/academic_repository/uploads/5ynJIHfchd90rWqE.pdf,
July-December 2024,B.Tech,2023,ELECTRICAL ENGINEERING,EEDC0209,Measurements and Instrumentation,End Sem,https://v1.nitj.ac.in/erp/academic_repository/uploads/XzhTnS27KMryHNqo.pdf,
July-December 2024,B.Tech,2023,INSTRUMENTATION AND CONTROL ENGINEERING,ECDC0213,Analog and Digital Electronics,Mid Sem,https://v1.nitj.ac.in/erp/academic_repository/uploads/UJmN41Q7clLsardw.pdf,
July-December 2024,B.Tech,2023,INSTRUMENTATION AND CONTROL ENGINEERING,ECDC0213,Analog and Digital Electronics,End Sem,https://v1.nitj.ac.in/erp/academic_repository/uploads/cRMqzF0yTU4rn3Cf.pdf,
July-December 2024,B.Tech,2023,INSTRUMENTATION AND CONTROL ENGINEERING,ICDC0101,Basics of Electrical Engineering,Mid Sem,https://v1.nitj.ac.in/erp/academic_repository/uploads/vf7eGnk8Q9S0RjW1.pdf,
July-December 2024,B.Tech,2023,INSTRUMENTATION AND CONTROL ENGINEERING,ICDC0101,Basics of Electrical Engineering,End Sem,https://v1.nitj.ac.in/erp/academic_repository/uploads/oVqkrjIWi9pHL0ws.pdf,
July-December 2024,B.Tech,2023,INSTRUMENTATION AND CONTROL ENGINEERING,ICDC0102,Basic Electronics and Instrumentation Engineering,Mid Sem,https://v1.nitj.ac.in/erp/academic_repository/uploads/5b3DaI1O4kHcX0SR.pdf,
July-December 2024,B.Tech,2023,INSTRUMENTATION AND CONTROL ENGINEERING,ICDC0102,Basic Electronics and Instrumentation Engineering,End Sem,https://v1.nitj.ac.in/erp/academic_repository/uploads/G0AQNk6JYeajV4dg.pdf,
July-December 2024,B.Tech,2023,INSTRUMENTATION AND CONTROL ENGINEERING,ICDC0201,Circuit Theory,Mid Sem,https://v1.nitj.ac.in/erp/academic_repository/uploads/yw8jaMN5PXfOITRu.pdf,
July-December 2024,B.Tech,2023,INSTRUMENTATION AND CONTROL ENGINEERING,ICDC0201,Circuit Theory,End Sem,https://v1.nitj.ac.in/erp/academic_repository/uploads/EsaKkophRBG2r3DL.pdf,
July-December 2024,B.Tech,2023,INSTRUMENTATION AND CONTROL ENGINEERING,ICDC0203,Electrical Measurements and Measuring Instruments,Mid Sem,https://v1.nitj.ac.in/erp/academic_repository/uploads/AbDpIJl2fWXiLk5U.pdf,
July-December 2024,B.Tech,2023,INSTRUMENTATION AND CONTROL ENGINEERING,ICDC0203,Electrical Measurements and Measuring Instruments,End Sem,https://v1.nitj.ac.in/erp/academic_repository/uploads/WCHanxZ2TNrM9dp0.pdf,
July-December 2024,B.Tech,2023,INSTRUMENTATION AND CONTROL ENGINEERING,ICDC0205,Transducers and Signal Conditioning,Mid Sem,https://v1.nitj.ac.in/erp/academic_repository/uploads/webTvIRkf67CFX9t.pdf,
July-December 2024,B.Tech,2023,INSTRUMENTATION AND CONTROL ENGINEERING,ICDC0205,Transducers and Signal Conditioning,End Sem,https://v1.nitj.ac.in/erp/academic_repository/uploads/IPJgLMh2ApwnbTBO.pdf,
July-December 2024,B.Tech,2023,INSTRUMENTATION AND CONTROL ENGINEERING,MCDC0203,Numerical Methods,Mid Sem,https://v1.nitj.ac.in/erp/academic_repository/uploads/ci9sIVPCJSjMno7h.pdf,
July-December 2024,B.Tech,2023,INSTRUMENTATION AND CONTROL ENGINEERING,MCDC0203,Numerical Methods,End Sem,https://v1.nitj.ac.in/erp/academic_repository/uploads/9GqnX4gYr78JLKU5.pdf,
July-December 2024,B.Tech,2023,INDUSTRIAL AND PRODUCTION ENGINEERING,IPDC0201,Machine Drawing and CAD,Mid Sem,https://v1.nitj.ac.in/erp/academic_repository/uploads/ZeNcmCiy3KJ2xobQ.pdf,
July-December 2024,B.Tech,2023,INDUSTRIAL AND PRODUCTION ENGINEERING,IPDC0201,Machine Drawing and CAD,End Sem,https://v1.nitj.ac.in/erp/academic_repository/uploads/AmuiNXlzt2yRj7fF.pdf,
July-December 2024,B.Tech,2023,INDUSTRIAL AND PRODUCTION ENGINEERING,IPDC0203,Production Planning and Control,Mid Sem,https://v1.nitj.ac.in/erp/academic_repository/uploads/fNHXlGpCevsBkz0R.pdf,
July-December 2024,B.Tech,2023,INDUSTRIAL AND PRODUCTION ENGINEERING,IPDC0203,Production Planning and Control,End Sem,https://v1.nitj.ac.in/erp/academic_repository/uploads/6AWsuGfqXaU3rj7y.pdf,
July-December 2024,B.Tech,2023,INDUSTRIAL AND PRODUCTION ENGINEERING,IPDC0205,Mechanics of Materials,Mid Sem,https://v1.nitj.ac.in/erp/academic_repository/uploads/dD4S7zh9bEV5uvOx.pdf,
July-December 2024,B.Tech,2023,INDUSTRIAL AND PRODUCTION ENGINEERING,IPDC0205,Mechanics of Materials,End Sem,https://v1.nitj.ac.in/erp/academic_repository/uploads/PHhSofO0pgnz7YB6.pdf,
July-December 2024,B.Tech,2023,INDUSTRIAL AND PRODUCTION ENGINEERING,IPDC0207,Material Science and Metallurgy,Mid Sem,https://v1.nitj.ac.in/erp/academic_repository/uploads/8NjOf3eWAcbwHEVY.pdf,
July-December 2024,B.Tech,2023,INDUSTRIAL AND PRODUCTION ENGINEERING,IPDC0207,Material Science and Metallurgy,End Sem,https://v1.nitj.ac.in/erp/academic_repository/uploads/kTsVGJKN37R1r9UW.pdf,
July-December 2024,B.Tech,2023,INDUSTRIAL AND PRODUCTION ENGINEERING,IPDC0209,Statistics,Mid Sem,https://v1.nitj.ac.in/erp/academic_repository/uploads/OpDGTVPai8kMAcKS.pdf,
July-December 2024,B.Tech,2023,INDUSTRIAL AND PRODUCTION ENGINEERING,IPDC0209,Statistics,End Sem,https://v1.nitj.ac.in/erp/academic_repository/uploads/LPCU4KTutksFmN9n.pdf,
July-December 2024,B.Tech,2023,INDUSTRIAL AND PRODUCTION ENGINEERING,IPDC0211,Manufacturing Technology-I,Mid Sem,https://v1.nitj.ac.in/erp/academic_repository/uploads/KXYJ8DBzTZkwn6qv.pdf,
July-December 2024,B.Tech,2023,INDUSTRIAL AND PRODUCTION ENGINEERING,IPDC0211,Manufacturing Technology-I,End Sem,https://v1.nitj.ac.in/erp/academic_repository/uploads/g5A7Z630cat4wTsi.pdf,
July-December 2024,B.Tech,2023,INFORMATION TECHNOLOGY,ITDC0101,Probability and Computing,Mid Sem,https://v1.nitj.ac.in/erp/academic_repository/uploads/xzNfIPbqAGrhKv5d.pdf,
July-December 2024,B.Tech,2023,INFORMATION TECHNOLOGY,ITDC0101,Probability and Computing,End Sem,https://v1.nitj.ac.in/erp/academic_repository/uploads/HUS1fGQlbXTh7qcA.pdf,
July-December 2024,B.Tech,2023,INFORMATION TECHNOLOGY,ITDC0102,Introduction to Digital Circuits and Communications,Mid Sem,https://v1.nitj.ac.in/erp/academic_repository/uploads/j0X7LwO2cVHSmBlI.pdf,
July-December 2024,B.Tech,2023,INFORMATION TECHNOLOGY,ITDC0102,Introduction to Digital Circuits and Communications,End Sem,https://v1.nitj.ac.in/erp/academic_repository/uploads/xjg6NnBlfGhbEZQO.pdf,
July-December 2024,B.Tech,2023,INFORMATION TECHNOLOGY,ITDC0201,Object Oriented Programming,Mid Sem,https://v1.nitj.ac.in/erp/academic_repository/uploads/DgkU3Xb7JHTiWOe8.pdf,
July-December 2024,B.Tech,2023,INFORMATION TECHNOLOGY,ITDC0201,Object Oriented Programming,End Sem,https://v1.nitj.ac.in/erp/academic_repository/uploads/wGBjLXZVYWtMnyiz.pdf,
July-December 2024,B.Tech,2023,INFORMATION TECHNOLOGY,ITDC0203,Data Structures,Mid Sem,https://v1.nitj.ac.in/erp/academic_repository/uploads/7FQ1EkmV95CAsLUZ.pdf,
July-December 2024,B.Tech,2023,INFORMATION TECHNOLOGY,ITDC0203,Data Structures,End Sem,https://v1.nitj.ac.in/erp/academic_repository/uploads/4wcQ5pNga9toK1rl.pdf,
July-December 2024,B.Tech,2023,INFORMATION TECHNOLOGY,ITDC0205,Web Technologies,Mid Sem,https://v1.nitj.ac.in/erp/academic_repository/uploads/qc1lo3M2PkYNBW7Q.pdf,
July-December 2024,B.Tech,2023,INFORMATION TECHNOLOGY,ITDC0205,Web Technologies,End Sem,https://v1.nitj.ac.in/erp/academic_repository/uploads/aM1NjOe53SpfFWnV.pdf,
July-December 2024,B.Tech,2023,INFORMATION TECHNOLOGY,ITDC0207,Database Management Systems,Mid Sem,https://v1.nitj.ac.in/erp/academic_repository/uploads/MLsCApqZa61iDBXf.pdf,
July-December 2024,B.Tech,2023,INFORMATION TECHNOLOGY,ITDC0207,Database Management Systems,End Sem,https://v1.nitj.ac.in/erp/academic_repository/uploads/VZSJn92NGsBjTWmk.pdf,
July-December 2024,B.Tech,2023,INFORMATION TECHNOLOGY,ITDC0209,Computer System Architecture,Mid Sem,https://v1.nitj.ac.in/erp/academic_repository/uploads/R3weQIFT8pWNuYO9.pdf,
July-December 2024,B.Tech,2023,INFORMATION TECHNOLOGY,ITDC0209,Computer System Architecture,End Sem,https://v1.nitj.ac.in/erp/academic_repository/uploads/4HnmlJgWMjQ5rexK.pdf,
July-December 2024,B.Tech,2023,INFORMATION TECHNOLOGY,ITDC0211,Discrete Structures,Mid Sem,https://v1.nitj.ac.in/erp/academic_repository/uploads/yOMa8eoZifY1nNWh.pdf,
July-December 2024,B.Tech,2023,INFORMATION TECHNOLOGY,ITDC0211,Discrete Structures,End Sem,https://v1.nitj.ac.in/erp/academic_repository/uploads/sYM4Z9IgmOcKLbHG.pdf,
July-December 2024,B.Tech,2023,MECHANICAL ENGINEERING,MEDC0101,Basic Thermodynamics,Mid Sem,https://v1.nitj.ac.in/erp/academic_repository/uploads/Hn0VFJ1MxNZLUEDR.pdf,
July-December 2024,B.Tech,2023,MECHANICAL ENGINEERING,MEDC0101,Basic Thermodynamics,End Sem,https://v1.nitj.ac.in/erp/academic_repository/uploads/uMBm2pZL9aQnrPSy.pdf,
July-December 2024,B.Tech,2023,MECHANICAL ENGINEERING,MEDC0102,Engineering Mechanics of Solids,Mid Sem,https://v1.nitj.ac.in/erp/academic_repository/uploads/G7Uh4TgtZ0ew5ku2.pdf,
July-December 2024,B.Tech,2023,MECHANICAL ENGINEERING,MEDC0102,Engineering Mechanics of Solids,End Sem,https://v1.nitj.ac.in/erp/academic_repository/uploads/y82rj7I3nKQNz9Co.pdf,
July-December 2024,B.Tech,2023,MECHANICAL ENGINEERING,MEDC0201,Mechanics of Materials,Mid Sem,https://v1.nitj.ac.in/erp/academic_repository/uploads/4MOzlVU7mW8ayuFP.pdf,
July-December 2024,B.Tech,2023,MECHANICAL ENGINEERING,MEDC0201,Mechanics of Materials,End Sem,https://v1.nitj.ac.in/erp/academic_repository/uploads/ieD9QdXavmcgPwWJ.pdf,
July-December 2024,B.Tech,2023,MECHANICAL ENGINEERING,MEDC0203,Theory of Machines,Mid Sem,https://v1.nitj.ac.in/erp/academic_repository/uploads/nMPo4U8deyH73kIZ.pdf,
July-December 2024,B.Tech,2023,MECHANICAL ENGINEERING,MEDC0203,Theory of Machines,End Sem,https://v1.nitj.ac.in/erp/academic_repository/uploads/89KqlCpakN3yDdTG.pdf,
July-December 2024,B.Tech,2023,MECHANICAL ENGINEERING,MEDC0205,Computer Aided Machine Drawing,Mid Sem,https://v1.nitj.ac.in/erp/academic_repository/uploads/A4S9Zx0WbjNoidnI.pdf,
July-December 2024,B.Tech,2023,MECHANICAL ENGINEERING,MEDC0205,Computer Aided Machine Drawing,End Sem,https://v1.nitj.ac.in/erp/academic_repository/uploads/lbkZt6QUwq8vH5dL.pdf,
July-December 2024,B.Tech,2023,MECHANICAL ENGINEERING,MEDC0207,Applied Thermodynamics,Mid Sem,https://v1.nitj.ac.in/erp/academic_repository/uploads/xWRcUHpMX1SOa6Ff.pdf,
July-December 2024,B.Tech,2023,MECHANICAL ENGINEERING,MEDC0207,Applied Thermodynamics,End Sem,https://v1.nitj.ac.in/erp/academic_repository/uploads/KBRyFjMlDYo3VXhc.pdf,
July-December 2024,B.Tech,2023,MECHANICAL ENGINEERING,MEDC0209,Materials Science for Engineers,Mid Sem,https://v1.nitj.ac.in/erp/academic_repository/uploads/3jVi8mzsCw6QdgDJ.pdf,
July-December 2024,B.Tech,2023,MECHANICAL ENGINEERING,MEDC0209,Materials Science for Engineers,End Sem,https://v1.nitj.ac.in/erp/academic_repository/uploads/5zlydfWQpANHkL2J.pdf,
July-December 2024,B.Tech,2023,MECHANICAL ENGINEERING,MEDC0211,Fluid Mechanics,Mid Sem,https://v1.nitj.ac.in/erp/academic_repository/uploads/37lfLhT0rJPymdM2.pdf,
July-December 2024,B.Tech,2023,MECHANICAL ENGINEERING,MEDC0211,Fluid Mechanics,End Sem,https://v1.nitj.ac.in/erp/academic_repository/uploads/6ENGrTKzel52JOHm.pdf,
July-December 2024,B.Tech,2023,TEXTILE TECHNOLOGY,TTDC0201,Manmade Fibres,Mid Sem,https://v1.nitj.ac.in/erp/academic_repository/uploads/Q5m8CNxflThg4rnG.pdf,
July-December 2024,B.Tech,2023,TEXTILE TECHNOLOGY,TTDC0201,Manmade Fibres,End Sem,https://v1.nitj.ac.in/erp/academic_repository/uploads/CjlGZMUpdQSk6HAR.pdf,
July-December 2024,B.Tech,2023,TEXTILE TECHNOLOGY,TTDC0203,Yarn Formation-I,Mid Sem,https://v1.nitj.ac.in/erp/academic_repository/uploads/mS9BJUkcOdwPoMfY.pdf,
July-December 2024,B.Tech,2023,TEXTILE TECHNOLOGY,TTDC0203,Yarn Formation-I,End Sem,https://v1.nitj.ac.in/erp/academic_repository/uploads/nLcqrth9S3GMFjwp.pdf,
July-December 2024,B.Tech,2023,TEXTILE TECHNOLOGY,TTDC0205,Preparatory and Basics of Fabric Formation,Mid Sem,https://v1.nitj.ac.in/erp/academic_repository/uploads/n5NetgXLPjh7vAy2.pdf,
July-December 2024,B.Tech,2023,TEXTILE TECHNOLOGY,TTDC0205,Preparatory and Basics of Fabric Formation,End Sem,https://v1.nitj.ac.in/erp/academic_repository/uploads/tHUbaCYWhX64gR9G.pdf,
July-December 2024,B.Tech,2023,TEXTILE TECHNOLOGY,TTDC0207,Preparatory and Coloration of Textiles,Mid Sem,https://v1.nitj.ac.in/erp/academic_repository/uploads/sr3xveIuLYO84Fbn.pdf,
July-December 2024,B.Tech,2023,TEXTILE TECHNOLOGY,TTDC0207,Preparatory and Coloration of Textiles,End Sem,https://v1.nitj.ac.in/erp/academic_repository/uploads/SMKax8FAw0IyOsfV.pdf,
July-December 2024,B.Tech,2023,TEXTILE TECHNOLOGY,TTDC0209,Fabric Structure and Design Analysis,Mid Sem,https://v1.nitj.ac.in/erp/academic_repository/uploads/871Qfun2VH3sMI9v.pdf,
July-December 2024,B.Tech,2023,TEXTILE TECHNOLOGY,TTDC0209,Fabric Structure and Design Analysis,End Sem,https://v1.nitj.ac.in/erp/academic_repository/uploads/7cmYkxK9HOs1Leza.pdf,
July-December 2024,B.Tech,2023,TEXTILE TECHNOLOGY,TTDC0211,Properties of Fibres,Mid Sem,https://v1.nitj.ac.in/erp/academic_repository/uploads/Vrz1nvIqtx8iUoya.pdf,
July-December 2024,B.Tech,2023,TEXTILE TECHNOLOGY,TTDC0211,Properties of Fibres,End Sem,https://v1.nitj.ac.in/erp/academic_repository/uploads/g2Ti4aSjAOymGcBK.pdf,
July-December 2024,B.Tech,2023,ELECTRONICS AND VLSI ENGINEERING,CSDC0201,Data Structures and Algorithms,Mid Sem,https://v1.nitj.ac.in/erp/academic_repository/uploads/PxM3zmdwsLCvOKeI.pdf,
July-December 2024,B.Tech,2023,ELECTRONICS AND VLSI ENGINEERING,CSDC0201,Data Structures and Algorithms,Mid Sem,https://v1.nitj.ac.in/erp/academic_repository/uploads/KfHNc71gqJ6EOaIV.pdf,
July-December 2024,B.Tech,2023,ELECTRONICS AND VLSI ENGINEERING,CSDC0201,Data Structures and Algorithms,End Sem,https://v1.nitj.ac.in/erp/academic_repository/uploads/nq9U103sj5rlDeGM.pdf,
July-December 2024,B.Tech,2023,ELECTRONICS AND VLSI ENGINEERING,ECDC0201,Electromagnetic Field Theory and Transmission Lines,Mid Sem,https://v1.nitj.ac.in/erp/academic_repository/uploads/TfruBIeNQxKZCvMd.pdf,
July-December 2024,B.Tech,2023,ELECTRONICS AND VLSI ENGINEERING,ECDC0201,Electromagnetic Field Theory and Transmission Lines,End Sem,https://v1.nitj.ac.in/erp/academic_repository/uploads/1gs80EKHYjnp7Iqz.pdf,
July-December 2024,B.Tech,2023,ELECTRONICS AND VLSI ENGINEERING,ECDC0203,Electronic Devices and Circuits with Product Design,Mid Sem,https://v1.nitj.ac.in/erp/academic_repository/uploads/6C4hzU8vKBsZGLDn.pdf,
July-December 2024,B.Tech,2023,ELECTRONICS AND VLSI ENGINEERING,ECDC0203,Electronic Devices and Circuits with Product Design,End Sem,https://v1.nitj.ac.in/erp/academic_repository/uploads/16bLIpAN3Ti89YMC.pdf,
July-December 2024,B.Tech,2023,ELECTRONICS AND VLSI ENGINEERING,ECDC0205,Digital Electronics,Mid Sem,https://v1.nitj.ac.in/erp/academic_repository/uploads/Gep49MzfkQv7WJYy.pdf,
July-December 2024,B.Tech,2023,ELECTRONICS AND VLSI ENGINEERING,ECDC0205,Digital Electronics,End Sem,https://v1.nitj.ac.in/erp/academic_repository/uploads/L6YRaN4JbEcG9kwg.pdf,
July-December 2024,B.Tech,2023,ELECTRONICS AND VLSI ENGINEERING,ECDC0207,Signals and Systems,Mid Sem,https://v1.nitj.ac.in/erp/academic_repository/uploads/cr5hfE7GgTbke4oC.pdf,
July-December 2024,B.Tech,2023,ELECTRONICS AND VLSI ENGINEERING,ECDC0207,Signals and Systems,End Sem,https://v1.nitj.ac.in/erp/academic_repository/uploads/lE3oB5pdtxibaLUz.pdf,
July-December 2024,B.Tech,2023,ELECTRONICS AND VLSI ENGINEERING,ECDC0211,Analog and Digital Communication,Mid Sem,https://v1.nitj.ac.in/erp/academic_repository/uploads/qEt4fMoKBd6m2P8w.pdf,
July-December 2024,B.Tech,2023,ELECTRONICS AND VLSI ENGINEERING,ECDC0211,Analog and Digital Communication,End Sem,https://v1.nitj.ac.in/erp/academic_repository/uploads/sp0coS4HUXj17vCK.pdf,
July-December 2024,B.Tech,2022,BIO TECHNOLOGY,BTPC301,Enzyme Engineering and Technology,Mid Sem,https://v1.nitj.ac.in/erp/academic_repository/uploads/xm28XOsR5vEAqlkf.pdf,
July-December 2024,B.Tech,2022,BIO TECHNOLOGY,BTPC301,Enzyme Engineering and Technology,End Sem,https://v1.nitj.ac.in/erp/academic_repository/uploads/y7f9SF3sx1BmtMIW.pdf,
July-December 2024,B.Tech,2022,BIO TECHNOLOGY,BTPC303,Animal and Plant Tissue Culture,Mid Sem,https://v1.nitj.ac.in/erp/academic_repository/uploads/eo6ihax9ELVS8DRm.pdf,
July-December 2024,B.Tech,2022,BIO TECHNOLOGY,BTPC303,Animal and Plant Tissue Culture,End Sem,https://v1.nitj.ac.in/erp/academic_repository/uploads/WQyEvuN8P9rnD0pX.pdf,
July-December 2024,B.Tech,2022,BIO TECHNOLOGY,BTPC305,Separation Methods in Biotechnology,Mid Sem,https://v1.nitj.ac.in/erp/academic_repository/uploads/d2mlHV9zF5Rw1AsY.pdf,
July-December 2024,B.Tech,2022,BIO TECHNOLOGY,BTPC305,Separation Methods in Biotechnology,End Sem,https://v1.nitj.ac.in/erp/academic_repository/uploads/njbvf402IdYRSBPC.pdf,
July-December 2024,B.Tech,2022,BIO TECHNOLOGY,BTPC307,Immunology,Mid Sem,https://v1.nitj.ac.in/erp/academic_repository/uploads/KRpjl3W1ksfJPEmC.pdf,
July-December 2024,B.Tech,2022,BIO TECHNOLOGY,BTPC307,Immunology,End Sem,https://v1.nitj.ac.in/erp/academic_repository/uploads/5bsBiwgRanI364Hh.pdf,
July-December 2024,B.Tech,2022,BIO TECHNOLOGY,BTPC309,Industrial Biotechnology,Mid Sem,https://v1.nitj.ac.in/erp/academic_repository/uploads/qprI9WakBzofvXF7.pdf,
July-December 2024,B.Tech,2022,BIO TECHNOLOGY,BTPC309,Industrial Biotechnology,End Sem,https://v1.nitj.ac.in/erp/academic_repository/uploads/FpTumNshPk3QRlSv.pdf,
July-December 2024,B.Tech,2022,BIO TECHNOLOGY,BTPC311,Biological Waste Treatment,Mid Sem,https://v1.nitj.ac.in/erp/academic_repository/uploads/Jv0uGoBLRy2hrwDf.pdf,
July-December 2024,B.Tech,2022,BIO TECHNOLOGY,BTPC311,Biological Waste Treatment,End Sem,https://v1.nitj.ac.in/erp/academic_repository/uploads/xT5Z7vkVy4gJa30l.pdf,
July-December 2024,B.Tech,2022,CIVIL ENGINEERING,CEPC-301,Design of Concrete Structures-I,Mid Sem,https://v1.nitj.ac.in/erp/academic_repository/uploads/W0ZQf7RXSKO5wyz1.pdf,
July-December 2024,B.Tech,2022,CIVIL ENGINEERING,CEPC-301,Design of Concrete Structures-I,End Sem,https://v1.nitj.ac.in/erp/academic_repository/uploads/pZ9M1CJPNnAmwGUk.pdf,
July-December 2024,B.Tech,2022,CIVIL ENGINEERING,CEPC-303,"Railway, Airport and Harbour Engineering",Mid Sem,https://v1.nitj.ac.in/erp/academic_repository/uploads/wSAl9tihGq8kzeRO.pdf,
July-December 2024,B.Tech,2022,CIVIL ENGINEERING,CEPC-303,"Railway, Airport and Harbour Engineering",End Sem,https://v1.nitj.ac.in/erp/academic_repository/uploads/RnOEGep8UP6gj1YV.pdf,
July-December 2024,B.Tech,2022,CIVIL ENGINEERING,CEPC-305,Soil Mechanics,Mid Sem,https://v1.nitj.ac.in/erp/academic_repository/uploads/9ZQjKEdxC2OSWRoc.pdf,
July-December 2024,B.Tech,2022,CIVIL ENGINEERING,CEPC-305,Soil Mechanics,End Sem,https://v1.nitj.ac.in/erp/academic_repository/uploads/TPeLWlVvQi7USZft.pdf,
July-December 2024,B.Tech,2022,CIVIL ENGINEERING,CEPC-307,Structural Analysis-II,Mid Sem,https://v1.nitj.ac.in/erp/academic_repository/uploads/Ws6f4yxSpTOzD3bB.pdf,
July-December 2024,B.Tech,2022,CIVIL ENGINEERING,CEPC-307,Structural Analysis-II,End Sem,https://v1.nitj.ac.in/erp/academic_repository/uploads/zLCvoRxsw8NmtDaI.pdf,
July-December 2024,B.Tech,2022,CIVIL ENGINEERING,CEPC-309,Construction Management,Mid Sem,https://v1.nitj.ac.in/erp/academic_repository/uploads/SB65Yedt7b9PXKw3.pdf,
July-December 2024,B.Tech,2022,CIVIL ENGINEERING,CEPC-309,Construction Management,End Sem,https://v1.nitj.ac.in/erp/academic_repository/uploads/372TknJidStAvOch.pdf,
July-December 2024,B.Tech,2022,CIVIL ENGINEERING,CEPC-311,Irrigation Engineering,Mid Sem,https://v1.nitj.ac.in/erp/academic_repository/uploads/TBD735yjdRixCmPS.pdf,
July-December 2024,B.Tech,2022,CIVIL ENGINEERING,CEPC-311,Irrigation Engineering,End Sem,https://v1.nitj.ac.in/erp/academic_repository/uploads/r6YE8oJfDGZyHnIp.pdf,
July-December 2024,B.Tech,2022,CHEMICAL ENGINEERING,CHPC-301,Mass Transfer-I,Mid Sem,https://v1.nitj.ac.in/erp/academic_repository/uploads/Mp0UhmWjKGdC3NuR.pdf,
July-December 2024,B.Tech,2022,CHEMICAL ENGINEERING,CHPC-301,Mass Transfer-I,End Sem,https://v1.nitj.ac.in/erp/academic_repository/uploads/oDZIXyfimj9sRdOb.pdf,
July-December 2024,B.Tech,2022,CHEMICAL ENGINEERING,CHPC-303,Chemical Reaction Engineering-I,Mid Sem,https://v1.nitj.ac.in/erp/academic_repository/uploads/t6pdYV54WePcmUDk.pdf,
July-December 2024,B.Tech,2022,CHEMICAL ENGINEERING,CHPC-303,Chemical Reaction Engineering-I,End Sem,https://v1.nitj.ac.in/erp/academic_repository/uploads/d1bcRkHC9EDXUyzO.pdf,
July-December 2024,B.Tech,2022,CHEMICAL ENGINEERING,CHPC-305,Process Engineering and Economics,Mid Sem,https://v1.nitj.ac.in/erp/academic_repository/uploads/MBWE4F8jORnmIXvx.pdf,
July-December 2024,B.Tech,2022,CHEMICAL ENGINEERING,CHPC-305,Process Engineering and Economics,End Sem,https://v1.nitj.ac.in/erp/academic_repository/uploads/PjWGvowVpAqbhuHt.pdf,
July-December 2024,B.Tech,2022,CHEMICAL ENGINEERING,CHPC-307,Environmental Engineering,Mid Sem,https://v1.nitj.ac.in/erp/academic_repository/uploads/lZtibTYQMVshjRGw.pdf,
July-December 2024,B.Tech,2022,CHEMICAL ENGINEERING,CHPC-307,Environmental Engineering,End Sem,https://v1.nitj.ac.in/erp/academic_repository/uploads/5squlFnMSYBhjoR9.pdf,
July-December 2024,B.Tech,2022,CHEMICAL ENGINEERING,CHPE-353,Biomass Conversion Processes,Mid Sem,https://v1.nitj.ac.in/erp/academic_repository/uploads/BiIM01L6GFZfQ3Ap.pdf,
July-December 2024,B.Tech,2022,CHEMICAL ENGINEERING,CHPE-353,Biomass Conversion Processes,End Sem,https://v1.nitj.ac.in/erp/academic_repository/uploads/X5PHjwqDhnKxstuc.pdf,
July-December 2024,B.Tech,2022,CHEMICAL ENGINEERING,CHPE-356,Industrial Rheology,Mid Sem,https://v1.nitj.ac.in/erp/academic_repository/uploads/4wY0RHxIjBgMucJN.pdf,
July-December 2024,B.Tech,2022,CHEMICAL ENGINEERING,CHPE-356,Industrial Rheology,End Sem,https://v1.nitj.ac.in/erp/academic_repository/uploads/NzwgEcb9q3GpOoVt.pdf,
July-December 2024,B.Tech,2022,CHEMICAL ENGINEERING,HMCI-202,Entrepreneurship Development and Management,Mid Sem,https://v1.nitj.ac.in/erp/academic_repository/uploads/3WqBQ4hfTtDJrs1m.pdf,
July-December 2024,B.Tech,2022,CHEMICAL ENGINEERING,HMCI-202,Entrepreneurship Development and Management,End Sem,https://v1.nitj.ac.in/erp/academic_repository/uploads/uGE1HXt3QvdsA89J.pdf,
July-December 2024,B.Tech,2022,COMPUTER SCIENCE AND ENGINEERING,CSPC-301,Theory of Computation,Mid Sem,https://v1.nitj.ac.in/erp/academic_repository/uploads/cAr50MkVg8xpLswN.pdf,
July-December 2024,B.Tech,2022,COMPUTER SCIENCE AND ENGINEERING,CSPC-301,Theory of Computation,End Sem,https://v1.nitj.ac.in/erp/academic_repository/uploads/oVIQTEOHtkCxKnUX.pdf,
July-December 2024,B.Tech,2022,COMPUTER SCIENCE AND ENGINEERING,CSPC-303,Operating Systems,Mid Sem,https://v1.nitj.ac.in/erp/academic_repository/uploads/g1ZYBhRbk67a4OTU.pdf,
July-December 2024,B.Tech,2022,COMPUTER SCIENCE AND ENGINEERING,CSPC-303,Operating Systems,End Sem,https://v1.nitj.ac.in/erp/academic_repository/uploads/C9HyQGwBzpqL8k7r.pdf,
July-December 2024,B.Tech,2022,COMPUTER SCIENCE AND ENGINEERING,CSPC-305,Software Engineering,Mid Sem,https://v1.nitj.ac.in/erp/academic_repository/uploads/z9QG7EmC0se3WN4b.pdf,
July-December 2024,B.Tech,2022,COMPUTER SCIENCE AND ENGINEERING,CSPC-305,Software Engineering,End Sem,https://v1.nitj.ac.in/erp/academic_repository/uploads/y1gBb6MA4hli7cTK.pdf,
July-December 2024,B.Tech,2022,COMPUTER SCIENCE AND ENGINEERING,CSPC-307,Information Security System,Mid Sem,https://v1.nitj.ac.in/erp/academic_repository/uploads/HbYcapg1x5tZMTNh.pdf,
July-December 2024,B.Tech,2022,COMPUTER SCIENCE AND ENGINEERING,CSPC-307,Information Security System,End Sem,https://v1.nitj.ac.in/erp/academic_repository/uploads/CEbW1Aj7ne2XSuVZ.pdf,
July-December 2024,B.Tech,2022,COMPUTER SCIENCE AND ENGINEERING,CSPC-309,Probability Theory for Data Analytics,Mid Sem,https://v1.nitj.ac.in/erp/academic_repository/uploads/reXmy7RPZE46gtoY.pdf,
July-December 2024,B.Tech,2022,COMPUTER SCIENCE AND ENGINEERING,CSPC-309,Probability Theory for Data Analytics,End Sem,https://v1.nitj.ac.in/erp/academic_repository/uploads/DfNij0puhnlMPtoU.pdf,
July-December 2024,B.Tech,2022,COMPUTER SCIENCE AND ENGINEERING,CSPE-331,Advanced Programming Concepts Using Java,Mid Sem,https://v1.nitj.ac.in/erp/academic_repository/uploads/gedEnoOYsXTKHIy7.pdf,
July-December 2024,B.Tech,2022,COMPUTER SCIENCE AND ENGINEERING,CSPE-331,Advanced Programming Concepts Using Java,End Sem,https://v1.nitj.ac.in/erp/academic_repository/uploads/ya9vD3KuZt4MLRUb.pdf,
July-December 2024,B.Tech,2022,COMPUTER SCIENCE AND ENGINEERING,CSPE-333,Natural Language Processing,Mid Sem,https://v1.nitj.ac.in/erp/academic_repository/uploads/8M24bmGZJoR5vFPw.pdf,
July-December 2024,B.Tech,2022,COMPUTER SCIENCE AND ENGINEERING,CSPE-333,Natural Language Processing,End Sem,https://v1.nitj.ac.in/erp/academic_repository/uploads/heOIKypgSsBqQ6Jv.pdf,
July-December 2024,B.Tech,2022,COMPUTER SCIENCE AND ENGINEERING,CSPE-335,Web Technologies,Mid Sem,https://v1.nitj.ac.in/erp/academic_repository/uploads/S859ACuOEetkoqJh.pdf,
July-December 2024,B.Tech,2022,COMPUTER SCIENCE AND ENGINEERING,CSPE-335,Web Technologies,End Sem,https://v1.nitj.ac.in/erp/academic_repository/uploads/VPX8m6FqskWxibOL.pdf,
July-December 2024,B.Tech,2022,ELECTRONICS AND COMMUNICATION ENGINEERING,ECPC-301,Microprocessor and Its Applications,Mid Sem,https://v1.nitj.ac.in/erp/academic_repository/uploads/6Fu3pmWbBodOILM1.pdf,
July-December 2024,B.Tech,2022,ELECTRONICS AND COMMUNICATION ENGINEERING,ECPC-301,Microprocessor and Its Applications,End Sem,https://v1.nitj.ac.in/erp/academic_repository/uploads/CQxVKdJ7UNpB3LOR.pdf,
July-December 2024,B.Tech,2022,ELECTRONICS AND COMMUNICATION ENGINEERING,ECPC-303,VLSI Circuit Design,Mid Sem,https://v1.nitj.ac.in/erp/academic_repository/uploads/KRpar8F7oSu3kvMG.pdf,
July-December 2024,B.Tech,2022,ELECTRONICS AND COMMUNICATION ENGINEERING,ECPC-303,VLSI Circuit Design,End Sem,https://v1.nitj.ac.in/erp/academic_repository/uploads/mFqxQaXeVc5GTznP.pdf,
July-December 2024,B.Tech,2022,ELECTRONICS AND COMMUNICATION ENGINEERING,ECPC-305,Information Theory and Coding,Mid Sem,https://v1.nitj.ac.in/erp/academic_repository/uploads/l6RVQGDLZ4YfOM0P.pdf,
July-December 2024,B.Tech,2022,ELECTRONICS AND COMMUNICATION ENGINEERING,ECPC-305,Information Theory and Coding,End Sem,https://v1.nitj.ac.in/erp/academic_repository/uploads/7UYeMKVT9PLRAix6.pdf,
July-December 2024,B.Tech,2022,ELECTRONICS AND COMMUNICATION ENGINEERING,ECPC-307,Antenna and Wave Propagation,Mid Sem,https://v1.nitj.ac.in/erp/academic_repository/uploads/Ss4rfjtBRxz1VnlC.pdf,
July-December 2024,B.Tech,2022,ELECTRONICS AND COMMUNICATION ENGINEERING,ECPC-307,Antenna and Wave Propagation,End Sem,https://v1.nitj.ac.in/erp/academic_repository/uploads/LNdaQGZEql0bstpm.pdf,
July-December 2024,B.Tech,2022,ELECTRONICS AND COMMUNICATION ENGINEERING,HMCI-201,Economics for Engineers,Mid Sem,https://v1.nitj.ac.in/erp/academic_repository/uploads/jIFQtrKdbP0a7SiX.pdf,
July-December 2024,B.Tech,2022,ELECTRONICS AND COMMUNICATION ENGINEERING,HMCI-201,Economics for Engineers,End Sem,https://v1.nitj.ac.in/erp/academic_repository/uploads/QpBj97nNeyTADMoF.pdf,
July-December 2024,B.Tech,2022,ELECTRONICS AND COMMUNICATION ENGINEERING,ICPC-351,Control Engineering,Mid Sem,https://v1.nitj.ac.in/erp/academic_repository/uploads/pxfTkuc6JboIidA3.pdf,
July-December 2024,B.Tech,2022,ELECTRONICS AND COMMUNICATION ENGINEERING,ICPC-351,Control Engineering,End Sem,https://v1.nitj.ac.in/erp/academic_repository/uploads/cUeYALk61iV90gO5.pdf,
July-December 2024,B.Tech,2022,ELECTRICAL ENGINEERING,EEPC-301,Microprocessors and Interfacing,Mid Sem,https://v1.nitj.ac.in/erp/academic_repository/uploads/suAIMJvcLzjH7983.pdf,
July-December 2024,B.Tech,2022,ELECTRICAL ENGINEERING,EEPC-301,Microprocessors and Interfacing,End Sem,https://v1.nitj.ac.in/erp/academic_repository/uploads/9NW0K2Z3qCJIoQ5E.pdf,
July-December 2024,B.Tech,2022,ELECTRICAL ENGINEERING,EEPC-303,Control System Engineering,Mid Sem,https://v1.nitj.ac.in/erp/academic_repository/uploads/HWakyoPlMSGA1hKE.pdf,
July-December 2024,B.Tech,2022,ELECTRICAL ENGINEERING,EEPC-303,Control System Engineering,End Sem,https://v1.nitj.ac.in/erp/academic_repository/uploads/MvaqrsLYTi3h7GXE.pdf,
July-December 2024,B.Tech,2022,ELECTRICAL ENGINEERING,EEPC-305,Power Electronics,Mid Sem,https://v1.nitj.ac.in/erp/academic_repository/uploads/nLx7YSM6AvJF8HEO.pdf,
July-December 2024,B.Tech,2022,ELECTRICAL ENGINEERING,EEPC-305,Power Electronics,End Sem,https://v1.nitj.ac.in/erp/academic_repository/uploads/nQwqEiKILZzfTuDy.pdf,
July-December 2024,B.Tech,2022,ELECTRICAL ENGINEERING,EEPC-307,Electrical Machines-II,Mid Sem,https://v1.nitj.ac.in/erp/academic_repository/uploads/kR5ICtLQx4dbrhVe.pdf,
July-December 2024,B.Tech,2022,ELECTRICAL ENGINEERING,EEPC-307,Electrical Machines-II,End Sem,https://v1.nitj.ac.in/erp/academic_repository/uploads/4h9An3lwrWTHzmVb.pdf,
July-December 2024,B.Tech,2022,ELECTRICAL ENGINEERING,EEPC-309,Transmission and Distribution of Electric Power,Mid Sem,https://v1.nitj.ac.in/erp/academic_repository/uploads/Keq6UDywo1O5ALl3.pdf,
July-December 2024,B.Tech,2022,ELECTRICAL ENGINEERING,EEPC-309,Transmission and Distribution of Electric Power,End Sem,https://v1.nitj.ac.in/erp/academic_repository/uploads/ljOrHUK0L6mtqyvR.pdf,
July-December 2024,B.Tech,2022,ELECTRICAL ENGINEERING,EEPE-361,Introduction to Machine Learning,Mid Sem,https://v1.nitj.ac.in/erp/academic_repository/uploads/9eNgjy7iFoRZOG28.pdf,
July-December 2024,B.Tech,2022,ELECTRICAL ENGINEERING,EEPE-361,Introduction to Machine Learning,End Sem,https://v1.nitj.ac.in/erp/academic_repository/uploads/kQqENYHdu8jRtl32.pdf,
July-December 2024,B.Tech,2022,INSTRUMENTATION AND CONTROL ENGINEERING,IC-581,Advance Measurement Systems,Mid Sem,https://v1.nitj.ac.in/erp/academic_repository/uploads/Z5u2O1a68blVMSCQ.pdf,
July-December 2024,B.Tech,2022,INSTRUMENTATION AND CONTROL ENGINEERING,ICPC-301,Microprocessors & Interfacing,Mid Sem,https://v1.nitj.ac.in/erp/academic_repository/uploads/ugVrsX8nmPM90i4f.pdf,
July-December 2024,B.Tech,2022,INSTRUMENTATION AND CONTROL ENGINEERING,ICPC-301,Microprocessors & Interfacing,End Sem,https://v1.nitj.ac.in/erp/academic_repository/uploads/sjNrFwLMRH2vYfoC.pdf,
July-December 2024,B.Tech,2022,INSTRUMENTATION AND CONTROL ENGINEERING,ICPC-303,Control System Engineering,Mid Sem,https://v1.nitj.ac.in/erp/academic_repository/uploads/VjFy6n0R9JvPWwdB.pdf,
July-December 2024,B.Tech,2022,INSTRUMENTATION AND CONTROL ENGINEERING,ICPC-303,Control System Engineering,End Sem,https://v1.nitj.ac.in/erp/academic_repository/uploads/BJY7z9L0Erx5pdMt.pdf,
July-December 2024,B.Tech,2022,INSTRUMENTATION AND CONTROL ENGINEERING,ICPC-305,Signal Processing,Mid Sem,https://v1.nitj.ac.in/erp/academic_repository/uploads/1KL2PQgs6FjTdDUp.pdf,
July-December 2024,B.Tech,2022,INSTRUMENTATION AND CONTROL ENGINEERING,ICPC-305,Signal Processing,End Sem,https://v1.nitj.ac.in/erp/academic_repository/uploads/Qz0pH5R9qATcG8xX.pdf,
July-December 2024,B.Tech,2022,INSTRUMENTATION AND CONTROL ENGINEERING,ICPC-307,Industrial Measurement Systems,Mid Sem,https://v1.nitj.ac.in/erp/academic_repository/uploads/cvhLJptHu1GV49SK.pdf,
July-December 2024,B.Tech,2022,INSTRUMENTATION AND CONTROL ENGINEERING,ICPC-307,Industrial Measurement Systems,End Sem,https://v1.nitj.ac.in/erp/academic_repository/uploads/6NviXqh4ktVSWMYC.pdf,
July-December 2024,B.Tech,2022,INSTRUMENTATION AND CONTROL ENGINEERING,ICPC-309,Data Acquisition and Telemetry,Mid Sem,https://v1.nitj.ac.in/erp/academic_repository/uploads/HQKOEV9IaZP3glMw.pdf,
July-December 2024,B.Tech,2022,INSTRUMENTATION AND CONTROL ENGINEERING,ICPC-309,Data Acquisition and Telemetry,End Sem,https://v1.nitj.ac.in/erp/academic_repository/uploads/fOV2Y4doIiGgKMQe.pdf,
July-December 2024,B.Tech,2022,INSTRUMENTATION AND CONTROL ENGINEERING,ICPE-351,Fiber Optics and Laser Instrumentation,Mid Sem,https://v1.nitj.ac.in/erp/academic_repository/uploads/xnPOcv0Uklz5KG6R.pdf,
July-December 2024,B.Tech,2022,INSTRUMENTATION AND CONTROL ENGINEERING,ICPE-351,Fiber Optics and Laser Instrumentation,End Sem,https://v1.nitj.ac.in/erp/academic_repository/uploads/EbCFYn2gLdIHkuOp.pdf,
July-December 2024,B.Tech,2022,INDUSTRIAL AND PRODUCTION ENGINEERING,HMCI-202,Entrepreneurship Development and Management,Mid Sem,https://v1.nitj.ac.in/erp/academic_repository/uploads/cdasA5zoqeyIVT4v.pdf,
July-December 2024,B.Tech,2022,INDUSTRIAL AND PRODUCTION ENGINEERING,HMCI-202,Entrepreneurship Development and Management,End Sem,https://v1.nitj.ac.in/erp/academic_repository/uploads/GOtCvKjZmk2IA1eq.pdf,
July-December 2024,B.Tech,2022,INDUSTRIAL AND PRODUCTION ENGINEERING,IPPC-301,Theory of Production Processes,Mid Sem,https://v1.nitj.ac.in/erp/academic_repository/uploads/rZSt2lRwjJqEFAf6.pdf,
July-December 2024,B.Tech,2022,INDUSTRIAL AND PRODUCTION ENGINEERING,IPPC-301,Theory of Production Processes,End Sem,https://v1.nitj.ac.in/erp/academic_repository/uploads/NeVZ0fYkt4ObKTPA.pdf,
July-December 2024,B.Tech,2022,INDUSTRIAL AND PRODUCTION ENGINEERING,IPPC-303,Work Study and Ergonomics,Mid Sem,https://v1.nitj.ac.in/erp/academic_repository/uploads/A9fHk3jBUmswM2NO.pdf,
July-December 2024,B.Tech,2022,INDUSTRIAL AND PRODUCTION ENGINEERING,IPPC-303,Work Study and Ergonomics,End Sem,https://v1.nitj.ac.in/erp/academic_repository/uploads/4RwNAJMgZBhQVPb6.pdf,
July-December 2024,B.Tech,2022,INDUSTRIAL AND PRODUCTION ENGINEERING,IPPC-305,Quality Control & Assurance,Mid Sem,https://v1.nitj.ac.in/erp/academic_repository/uploads/UwJvWYCZO1h6AFc3.pdf,
July-December 2024,B.Tech,2022,INDUSTRIAL AND PRODUCTION ENGINEERING,IPPC-305,Quality Control & Assurance,End Sem,https://v1.nitj.ac.in/erp/academic_repository/uploads/EWsnmM6Hj8Vo7N1q.pdf,
July-December 2024,B.Tech,2022,INDUSTRIAL AND PRODUCTION ENGINEERING,IPPC-307,Computer Integrated Manufacturing & Robotics,Mid Sem,https://v1.nitj.ac.in/erp/academic_repository/uploads/eMdfY7VWuKoJmHSE.pdf,
July-December 2024,B.Tech,2022,INDUSTRIAL AND PRODUCTION ENGINEERING,IPPC-307,Computer Integrated Manufacturing & Robotics,End Sem,https://v1.nitj.ac.in/erp/academic_repository/uploads/L9XnlOQtGDxZ5dWw.pdf,
July-December 2024,B.Tech,2022,INDUSTRIAL AND PRODUCTION ENGINEERING,IPPE-433,Supply Chain Management,Mid Sem,https://v1.nitj.ac.in/erp/academic_repository/uploads/wGxvq7NlR91j26JV.pdf,
July-December 2024,B.Tech,2022,INDUSTRIAL AND PRODUCTION ENGINEERING,IPPE-433,Supply Chain Management,End Sem,https://v1.nitj.ac.in/erp/academic_repository/uploads/aKne6ZqYyIFxg8Gv.pdf,
July-December 2024,B.Tech,2022,INDUSTRIAL AND PRODUCTION ENGINEERING,IPPE-470,Introduction to Data Analytics,Mid Sem,https://v1.nitj.ac.in/erp/academic_repository/uploads/Yd8lhJ3ijrwBDUPW.pdf,
July-December 2024,B.Tech,2022,INDUSTRIAL AND PRODUCTION ENGINEERING,IPPE-470,Introduction to Data Analytics,End Sem,https://v1.nitj.ac.in/erp/academic_repository/uploads/zVMLwKYy12r7eojq.pdf,
July-December 2024,B.Tech,2022,INFORMATION TECHNOLOGY,ITPC-301,Cryptography and Network Security,Mid Sem,https://v1.nitj.ac.in/erp/academic_repository/uploads/4hmte3psP8vZ5cfz.pdf,
July-December 2024,B.Tech,2022,INFORMATION TECHNOLOGY,ITPC-301,Cryptography and Network Security,End Sem,https://v1.nitj.ac.in/erp/academic_repository/uploads/2KtoRmBYe4FCVAlz.pdf,
July-December 2024,B.Tech,2022,INFORMATION TECHNOLOGY,ITPC-303,Software Engineering Concepts,Mid Sem,https://v1.nitj.ac.in/erp/academic_repository/uploads/9sKLA65xmkG40auc.pdf,
July-December 2024,B.Tech,2022,INFORMATION TECHNOLOGY,ITPC-303,Software Engineering Concepts,End Sem,https://v1.nitj.ac.in/erp/academic_repository/uploads/jDFNOu6tA904rH8Y.pdf,
July-December 2024,B.Tech,2022,INFORMATION TECHNOLOGY,ITPC-305,Web Design Technologies,Mid Sem,https://v1.nitj.ac.in/erp/academic_repository/uploads/ZVatIkMWKdG6sj9e.pdf,
July-December 2024,B.Tech,2022,INFORMATION TECHNOLOGY,ITPC-305,Web Design Technologies,End Sem,https://v1.nitj.ac.in/erp/academic_repository/uploads/kgxL74yfZ6ONSspU.pdf,
July-December 2024,B.Tech,2022,INFORMATION TECHNOLOGY,ITPC-307,Computer Graphics and Applications,Mid Sem,https://v1.nitj.ac.in/erp/academic_repository/uploads/YAW3dF4SNb6IVQK8.pdf,
July-December 2024,B.Tech,2022,INFORMATION TECHNOLOGY,ITPC-307,Computer Graphics and Applications,End Sem,https://v1.nitj.ac.in/erp/academic_repository/uploads/xqKDJVSlzbCmFyAi.pdf,
July-December 2024,B.Tech,2022,INFORMATION TECHNOLOGY,ITPC-309,Discrete Mathematics,Mid Sem,https://v1.nitj.ac.in/erp/academic_repository/uploads/GIwJP7MYOeElCri0.pdf,
July-December 2024,B.Tech,2022,INFORMATION TECHNOLOGY,ITPC-309,Discrete Mathematics,End Sem,https://v1.nitj.ac.in/erp/academic_repository/uploads/Z5D4ezv0XtmglAJQ.pdf,
July-December 2024,B.Tech,2022,INFORMATION TECHNOLOGY,ITPE-059,Data Analytics,Mid Sem,https://v1.nitj.ac.in/erp/academic_repository/uploads/ZBpifI4rNdF3Glhz.pdf,
July-December 2024,B.Tech,2022,INFORMATION TECHNOLOGY,ITPE-059,Data Analytics,End Sem,https://v1.nitj.ac.in/erp/academic_repository/uploads/gI806zBtlUiGYhFQ.pdf,
July-December 2024,B.Tech,2022,MECHANICAL ENGINEERING,HMCI-202,Entrepreneurship Development and Management,Mid Sem,https://v1.nitj.ac.in/erp/academic_repository/uploads/gajciSIYlFwRqrsp.pdf,
July-December 2024,B.Tech,2022,MECHANICAL ENGINEERING,HMCI-202,Entrepreneurship Development and Management,End Sem,https://v1.nitj.ac.in/erp/academic_repository/uploads/JCsIlZmDaXdYVMBq.pdf,
July-December 2024,B.Tech,2022,MECHANICAL ENGINEERING,MEPC-301,Design of Machine Elements-I,Mid Sem,https://v1.nitj.ac.in/erp/academic_repository/uploads/65E2MZNawQ3RzhOq.pdf,
July-December 2024,B.Tech,2022,MECHANICAL ENGINEERING,MEPC-301,Design of Machine Elements-I,End Sem,https://v1.nitj.ac.in/erp/academic_repository/uploads/8nztOYNgwaQGsI6S.pdf,
July-December 2024,B.Tech,2022,MECHANICAL ENGINEERING,MEPC-303,Heat Transfer,Mid Sem,https://v1.nitj.ac.in/erp/academic_repository/uploads/pQzvGMnfmRbTE9Hh.pdf,
July-December 2024,B.Tech,2022,MECHANICAL ENGINEERING,MEPC-303,Heat Transfer,End Sem,https://v1.nitj.ac.in/erp/academic_repository/uploads/X7PJ6FphHlMki4eu.pdf,
July-December 2024,B.Tech,2022,MECHANICAL ENGINEERING,MEPC-305,Internal Combustion Engines and Emission Control,Mid Sem,https://v1.nitj.ac.in/erp/academic_repository/uploads/QRSJFnkbM9fLCoUE.pdf,
July-December 2024,B.Tech,2022,MECHANICAL ENGINEERING,MEPC-305,Internal Combustion Engines and Emission Control,End Sem,https://v1.nitj.ac.in/erp/academic_repository/uploads/STD4cWXr1C5o92qb.pdf,
July-December 2024,B.Tech,2022,MECHANICAL ENGINEERING,MEPC-309,Mechatronics,Mid Sem,https://v1.nitj.ac.in/erp/academic_repository/uploads/vrMyOz3H6aSgTP9u.pdf,
July-December 2024,B.Tech,2022,MECHANICAL ENGINEERING,MEPC-309,Mechatronics,End Sem,https://v1.nitj.ac.in/erp/academic_repository/uploads/9UrHAxQ23EzOSG4W.pdf,
July-December 2024,B.Tech,2022,MECHANICAL ENGINEERING,MEPC-319,Computer Aided Design (CAD),Mid Sem,https://v1.nitj.ac.in/erp/academic_repository/uploads/XMgdKuQOR8ip71YJ.pdf,
July-December 2024,B.Tech,2022,MECHANICAL ENGINEERING,MEPC-319,Computer Aided Design (CAD),End Sem,https://v1.nitj.ac.in/erp/academic_repository/uploads/GkDMQ8zaA0gfwyCW.pdf,
July-December 2024,B.Tech,2022,TEXTILE TECHNOLOGY,HMCI-204,Human Resource Management,Mid Sem,https://v1.nitj.ac.in/erp/academic_repository/uploads/yFHUYrxTgGM2Whsb.pdf,
July-December 2024,B.Tech,2022,TEXTILE TECHNOLOGY,HMCI-204,Human Resource Management,End Sem,https://v1.nitj.ac.in/erp/academic_repository/uploads/P9gXkhAaEdVutUCe.pdf,
July-December 2024,B.Tech,2022,TEXTILE TECHNOLOGY,TTPC-301,Properties of Fibres,Mid Sem,https://v1.nitj.ac.in/erp/academic_repository/uploads/TDFSvaBVwr1QWEgA.pdf,
July-December 2024,B.Tech,2022,TEXTILE TECHNOLOGY,TTPC-301,Properties of Fibres,End Sem,https://v1.nitj.ac.in/erp/academic_repository/uploads/ZlJpUosya98NRO4M.pdf,
July-December 2024,B.Tech,2022,TEXTILE TECHNOLOGY,TTPC-303,Printing and Finishing,Mid Sem,https://v1.nitj.ac.in/erp/academic_repository/uploads/XTzv6iIuFM9KdG8V.pdf,
July-December 2024,B.Tech,2022,TEXTILE TECHNOLOGY,TTPC-303,Printing and Finishing,End Sem,https://v1.nitj.ac.in/erp/academic_repository/uploads/nl4I1Bc6MsSRiCyH.pdf,
July-December 2024,B.Tech,2022,TEXTILE TECHNOLOGY,TTPC-305,Textile Testing,Mid Sem,https://v1.nitj.ac.in/erp/academic_repository/uploads/cA7VKhn3ERT9HlBq.pdf,
July-December 2024,B.Tech,2022,TEXTILE TECHNOLOGY,TTPC-305,Textile Testing,End Sem,https://v1.nitj.ac.in/erp/academic_repository/uploads/CXmaikKreDpznbjT.pdf,
July-December 2024,B.Tech,2022,TEXTILE TECHNOLOGY,TTPC-307,Knitting Technology,Mid Sem,https://v1.nitj.ac.in/erp/academic_repository/uploads/SJXK3o0kIhdPaDvM.pdf,
July-December 2024,B.Tech,2022,TEXTILE TECHNOLOGY,TTPC-307,Knitting Technology,End Sem,https://v1.nitj.ac.in/erp/academic_repository/uploads/bvPHl3t1jDesFV6Z.pdf,
July-December 2024,B.Tech,2022,TEXTILE TECHNOLOGY,TTPE-323,Marketing Management in Textiles,Mid Sem,https://v1.nitj.ac.in/erp/academic_repository/uploads/O4D5XtqVnWgkie1m.pdf,
July-December 2024,B.Tech,2022,TEXTILE TECHNOLOGY,TTPE-323,Marketing Management in Textiles,End Sem,https://v1.nitj.ac.in/erp/academic_repository/uploads/ZsOvrMt8wdU12gkC.pdf,
July-December 2024,B.Tech,2022,TEXTILE TECHNOLOGY,TTPE-325,Product Design,Mid Sem,https://v1.nitj.ac.in/erp/academic_repository/uploads/HM7vVa2W64uiN9sj.pdf,
July-December 2024,B.Tech,2022,TEXTILE TECHNOLOGY,TTPE-325,Product Design,End Sem,https://v1.nitj.ac.in/erp/academic_repository/uploads/K1FB9rixoMH3dZRn.pdf,
July-December 2024,B.Tech,2021,BIO TECHNOLOGY,BTPC401,IPR in Biotechnology,Mid Sem,https://v1.nitj.ac.in/erp/academic_repository/uploads/KfJ96ag7dAnjW4wh.pdf,
July-December 2024,B.Tech,2021,BIO TECHNOLOGY,BTPC401,IPR in Biotechnology,End Sem,https://v1.nitj.ac.in/erp/academic_repository/uploads/8Lo1zPGI05Yl9pB7.pdf,
July-December 2024,B.Tech,2021,BIO TECHNOLOGY,BTPE415,Nano Biotechnology and Nano Science,Mid Sem,https://v1.nitj.ac.in/erp/academic_repository/uploads/MWJ2Bsp4I0hSvtTw.pdf,
July-December 2024,B.Tech,2021,BIO TECHNOLOGY,BTPE415,Nano Biotechnology and Nano Science,Mid Sem,https://v1.nitj.ac.in/erp/academic_repository/uploads/OWUmg3E9PsDztBAM.pdf,
July-December 2024,B.Tech,2021,BIO TECHNOLOGY,BTPE415,Nano Biotechnology and Nano Science,End Sem,https://v1.nitj.ac.in/erp/academic_repository/uploads/pJwvLNoG9zluqT68.pdf,
July-December 2024,B.Tech,2021,BIO TECHNOLOGY,BTPE415,Nano Biotechnology and Nano Science,End Sem,https://v1.nitj.ac.in/erp/academic_repository/uploads/Lb6qaQxOl32eAkof.pdf,
July-December 2024,B.Tech,2021,BIO TECHNOLOGY,BTPE421,DE-III: Biostatistics,Mid Sem,https://v1.nitj.ac.in/erp/academic_repository/uploads/7XTPbxjSyLHRJrVY.pdf,
July-December 2024,B.Tech,2021,BIO TECHNOLOGY,BTPE421,DE-III: Biostatistics,End Sem,https://v1.nitj.ac.in/erp/academic_repository/uploads/WjsvnYEelDch5VTK.pdf,
July-December 2024,B.Tech,2021,BIO TECHNOLOGY,CHPC481,Instrumentation and Process Control,Mid Sem,https://v1.nitj.ac.in/erp/academic_repository/uploads/Bj0W7Ta6kNSnFzOp.pdf,
July-December 2024,B.Tech,2021,BIO TECHNOLOGY,CHPC481,Instrumentation and Process Control,End Sem,https://v1.nitj.ac.in/erp/academic_repository/uploads/Dbh29ZHyvmpcrKnS.pdf,
July-December 2024,B.Tech,2021,CIVIL ENGINEERING,CECI-401,Industrial Lecture,Mid Sem,https://v1.nitj.ac.in/erp/academic_repository/uploads/XaluUAQcxZWPFR74.pdf,
July-December 2024,B.Tech,2021,CIVIL ENGINEERING,CECI-401,Industrial Lecture,End Sem,https://v1.nitj.ac.in/erp/academic_repository/uploads/57sM2m0jL1U6bz4D.pdf,
July-December 2024,B.Tech,2021,CIVIL ENGINEERING,CEOE-370,Ecology and Environment,Mid Sem,https://v1.nitj.ac.in/erp/academic_repository/uploads/XTEtH5gKenwAOSzl.pdf,
July-December 2024,B.Tech,2021,CIVIL ENGINEERING,CEOE-370,Ecology and Environment,End Sem,https://v1.nitj.ac.in/erp/academic_repository/uploads/amu2RLNtIr3syicf.pdf,
July-December 2024,B.Tech,2021,CIVIL ENGINEERING,CEPC-401,Design of Hydraulic Structures,Mid Sem,https://v1.nitj.ac.in/erp/academic_repository/uploads/zRZSk4PiQ2K05NDd.pdf,
July-December 2024,B.Tech,2021,CIVIL ENGINEERING,CEPC-401,Design of Hydraulic Structures,End Sem,https://v1.nitj.ac.in/erp/academic_repository/uploads/XbymWPcuMIVUwoNe.pdf,
July-December 2024,B.Tech,2021,CIVIL ENGINEERING,CEPC-403,Design of Steel Structures II,Mid Sem,https://v1.nitj.ac.in/erp/academic_repository/uploads/UqK9ZdRMS2AzNgP8.pdf,
July-December 2024,B.Tech,2021,CIVIL ENGINEERING,CEPC-403,Design of Steel Structures II,End Sem,https://v1.nitj.ac.in/erp/academic_repository/uploads/b2PtSsxFrKORU8w5.pdf,
July-December 2024,B.Tech,2021,CIVIL ENGINEERING,CEPE-431,Advanced Foundation Engineering,Mid Sem,https://v1.nitj.ac.in/erp/academic_repository/uploads/J9fKkC2ItWMwRh01.pdf,
July-December 2024,B.Tech,2021,CIVIL ENGINEERING,CEPE-431,Advanced Foundation Engineering,End Sem,https://v1.nitj.ac.in/erp/academic_repository/uploads/XlyS746PWF8voDaH.pdf,
July-December 2024,B.Tech,2021,CIVIL ENGINEERING,CEPE-439,Finite Element Methods in Engineering,Mid Sem,https://v1.nitj.ac.in/erp/academic_repository/uploads/LjvMBlKpYAUdh520.pdf,
July-December 2024,B.Tech,2021,CIVIL ENGINEERING,CEPE-439,Finite Element Methods in Engineering,End Sem,https://v1.nitj.ac.in/erp/academic_repository/uploads/sQ1x6hXoIYBe4D5T.pdf,
July-December 2024,B.Tech,2021,CIVIL ENGINEERING,CEPE-453,Environmental Geotechnology,Mid Sem,https://v1.nitj.ac.in/erp/academic_repository/uploads/EV9OPqLK1jiSGC8h.pdf,
July-December 2024,B.Tech,2021,CIVIL ENGINEERING,CEPE-453,Environmental Geotechnology,End Sem,https://v1.nitj.ac.in/erp/academic_repository/uploads/NwYcr4JeyZ8aHXLh.pdf,
July-December 2024,B.Tech,2021,CHEMICAL ENGINEERING,CHOE-401,Hydrocarbon Engineering,Mid Sem,https://v1.nitj.ac.in/erp/academic_repository/uploads/QWHpudIVfmg3Stj9.pdf,
July-December 2024,B.Tech,2021,CHEMICAL ENGINEERING,CHOE-401,Hydrocarbon Engineering,End Sem,https://v1.nitj.ac.in/erp/academic_repository/uploads/bh58QNyBSzo9mF0Z.pdf,
July-December 2024,B.Tech,2021,CHEMICAL ENGINEERING,CHPC-401,Transport Phenomena,Mid Sem,https://v1.nitj.ac.in/erp/academic_repository/uploads/652i8cBSyuGatmqH.pdf,
July-December 2024,B.Tech,2021,CHEMICAL ENGINEERING,CHPC-401,Transport Phenomena,End Sem,https://v1.nitj.ac.in/erp/academic_repository/uploads/q3ibx8fg7XI6rDEa.pdf,
July-December 2024,B.Tech,2021,CHEMICAL ENGINEERING,CHPC-403,Industrial Safety and Hazards Management,Mid Sem,https://v1.nitj.ac.in/erp/academic_repository/uploads/AedT2MVC4ZBgERGb.pdf,
July-December 2024,B.Tech,2021,CHEMICAL ENGINEERING,CHPC-403,Industrial Safety and Hazards Management,End Sem,https://v1.nitj.ac.in/erp/academic_repository/uploads/oLsCZqWKavb4htYH.pdf,
July-December 2024,B.Tech,2021,CHEMICAL ENGINEERING,CHPC-405,Process Plant Design,Mid Sem,https://v1.nitj.ac.in/erp/academic_repository/uploads/hrLAoYnmU3DWXiuq.pdf,
July-December 2024,B.Tech,2021,CHEMICAL ENGINEERING,CHPC-405,Process Plant Design,End Sem,https://v1.nitj.ac.in/erp/academic_repository/uploads/ybMG6r1zgETjRtpP.pdf,
July-December 2024,B.Tech,2021,CHEMICAL ENGINEERING,CHPE-457,Introduction to Multiphase Flow,Mid Sem,https://v1.nitj.ac.in/erp/academic_repository/uploads/UOvxIQi8sEX3h4ga.pdf,
July-December 2024,B.Tech,2021,CHEMICAL ENGINEERING,CHPE-457,Introduction to Multiphase Flow,End Sem,https://v1.nitj.ac.in/erp/academic_repository/uploads/zSZim5HhVYfdRFbs.pdf,
July-December 2024,B.Tech,2021,CHEMICAL ENGINEERING,CHPE-466,Fluidization Engineering,Mid Sem,https://v1.nitj.ac.in/erp/academic_repository/uploads/c7g3WanMkX4AKeSp.pdf,
July-December 2024,B.Tech,2021,CHEMICAL ENGINEERING,CHPE-466,Fluidization Engineering,End Sem,https://v1.nitj.ac.in/erp/academic_repository/uploads/w3skMn2EPrG9JfyC.pdf,
July-December 2024,B.Tech,2021,COMPUTER SCIENCE AND ENGINEERING,CSOE-004,Artificial Intelligence and Applications,Mid Sem,https://v1.nitj.ac.in/erp/academic_repository/uploads/7cwb1LZrXSqgtz3V.pdf,
July-December 2024,B.Tech,2021,COMPUTER SCIENCE AND ENGINEERING,CSOE-004,Artificial Intelligence and Applications,End Sem,https://v1.nitj.ac.in/erp/academic_repository/uploads/XyCrbtkVMqLlTR9A.pdf,
July-December 2024,B.Tech,2021,COMPUTER SCIENCE AND ENGINEERING,CSPC-401,System Programming and Compiler Design,Mid Sem,https://v1.nitj.ac.in/erp/academic_repository/uploads/dvxCVI3MyF2NETf4.pdf,
July-December 2024,B.Tech,2021,COMPUTER SCIENCE AND ENGINEERING,CSPC-401,System Programming and Compiler Design,End Sem,https://v1.nitj.ac.in/erp/academic_repository/uploads/mXMx9y4GaQTJhOL6.pdf,
July-December 2024,B.Tech,2021,COMPUTER SCIENCE AND ENGINEERING,CSPC-403,Computer Graphics and Image Processing,Mid Sem,https://v1.nitj.ac.in/erp/academic_repository/uploads/LtriH0s35oCuQMFm.pdf,
July-December 2024,B.Tech,2021,COMPUTER SCIENCE AND ENGINEERING,CSPC-403,Computer Graphics and Image Processing,End Sem,https://v1.nitj.ac.in/erp/academic_repository/uploads/OBa9n0e4VNG3cvlx.pdf,
July-December 2024,B.Tech,2021,COMPUTER SCIENCE AND ENGINEERING,CSPC-405,Artificial Intelligence,Mid Sem,https://v1.nitj.ac.in/erp/academic_repository/uploads/oJ7218EmSzNnXeRB.pdf,
July-December 2024,B.Tech,2021,COMPUTER SCIENCE AND ENGINEERING,CSPC-405,Artificial Intelligence,End Sem,https://v1.nitj.ac.in/erp/academic_repository/uploads/TJ0DMBG26Ng4ZeEd.pdf,
July-December 2024,B.Tech,2021,ELECTRONICS AND COMMUNICATION ENGINEERING,ECOE-473,Design Thinking,Mid Sem,https://v1.nitj.ac.in/erp/academic_repository/uploads/eUPDSwEjr79nYXC2.pdf,
July-December 2024,B.Tech,2021,ELECTRONICS AND COMMUNICATION ENGINEERING,ECOE-473,Design Thinking,End Sem,https://v1.nitj.ac.in/erp/academic_repository/uploads/O54WZL7UHPuedkmG.pdf,
July-December 2024,B.Tech,2021,ELECTRONICS AND COMMUNICATION ENGINEERING,ECPC-401,Microwave Engineering,Mid Sem,https://v1.nitj.ac.in/erp/academic_repository/uploads/MVikRfcsxbWq9ult.pdf,
July-December 2024,B.Tech,2021,ELECTRONICS AND COMMUNICATION ENGINEERING,ECPC-401,Microwave Engineering,End Sem,https://v1.nitj.ac.in/erp/academic_repository/uploads/Ol62JtixFMsQoSDT.pdf,
July-December 2024,B.Tech,2021,ELECTRONICS AND COMMUNICATION ENGINEERING,ECPC-403,Biomedical Signal Processing and Telemedicine,Mid Sem,https://v1.nitj.ac.in/erp/academic_repository/uploads/bqCZMxpS0ghr8n6a.pdf,
July-December 2024,B.Tech,2021,ELECTRONICS AND COMMUNICATION ENGINEERING,ECPC-403,Biomedical Signal Processing and Telemedicine,End Sem,https://v1.nitj.ac.in/erp/academic_repository/uploads/bYH8W0vM9L4n2PIO.pdf,
July-December 2024,B.Tech,2021,ELECTRONICS AND COMMUNICATION ENGINEERING,ECPC-405,Advanced Communication Systems,Mid Sem,https://v1.nitj.ac.in/erp/academic_repository/uploads/Pk7BAXGadIWQE1vs.pdf,
July-December 2024,B.Tech,2021,ELECTRONICS AND COMMUNICATION ENGINEERING,ECPC-405,Advanced Communication Systems,End Sem,https://v1.nitj.ac.in/erp/academic_repository/uploads/fBysD8R9mFTV40aP.pdf,
July-December 2024,B.Tech,2021,ELECTRONICS AND COMMUNICATION ENGINEERING,ECPE-465,Digital Filter Design,Mid Sem,https://v1.nitj.ac.in/erp/academic_repository/uploads/bsWgaFyLtPlGBfSu.pdf,
July-December 2024,B.Tech,2021,ELECTRONICS AND COMMUNICATION ENGINEERING,ECPE-465,Digital Filter Design,End Sem,https://v1.nitj.ac.in/erp/academic_repository/uploads/fvwDYnX9UTIc3R4E.pdf,
July-December 2024,B.Tech,2021,ELECTRONICS AND COMMUNICATION ENGINEERING,ECPE-467,Machine Learning,Mid Sem,https://v1.nitj.ac.in/erp/academic_repository/uploads/fMlAcyW1RCuqbTho.pdf,
July-December 2024,B.Tech,2021,ELECTRONICS AND COMMUNICATION ENGINEERING,ECPE-467,Machine Learning,End Sem,https://v1.nitj.ac.in/erp/academic_repository/uploads/RIj5fEYhT0SP4wzZ.pdf,
July-December 2024,B.Tech,2021,ELECTRICAL ENGINEERING,EEPC-401,Switchgear and Protection,Mid Sem,https://v1.nitj.ac.in/erp/academic_repository/uploads/WUlY31N0HcoQLkF8.pdf,
July-December 2024,B.Tech,2021,ELECTRICAL ENGINEERING,EEPC-401,Switchgear and Protection,End Sem,https://v1.nitj.ac.in/erp/academic_repository/uploads/769urXnv8VEdfZqt.pdf,
July-December 2024,B.Tech,2021,ELECTRICAL ENGINEERING,EEPC-402,Electric Drives & Control,Mid Sem,https://v1.nitj.ac.in/erp/academic_repository/uploads/merqnwD9usa2UC6k.pdf,
July-December 2024,B.Tech,2021,ELECTRICAL ENGINEERING,EEPC-402,Electric Drives & Control,End Sem,https://v1.nitj.ac.in/erp/academic_repository/uploads/QASCWFRTIbioa9Ns.pdf,
July-December 2024,B.Tech,2021,ELECTRICAL ENGINEERING,EEPC-403,Power System Operation and Control,Mid Sem,https://v1.nitj.ac.in/erp/academic_repository/uploads/E3AoJL715Tn8Mx2z.pdf,
July-December 2024,B.Tech,2021,ELECTRICAL ENGINEERING,EEPC-403,Power System Operation and Control,End Sem,https://v1.nitj.ac.in/erp/academic_repository/uploads/w4N967uVvCjcD2Er.pdf,
July-December 2024,B.Tech,2021,ELECTRICAL ENGINEERING,EEPC-406,Utilization of Electrical Energy and Electric Traction,Mid Sem,https://v1.nitj.ac.in/erp/academic_repository/uploads/AZemaHifPdquVnl5.pdf,
July-December 2024,B.Tech,2021,ELECTRICAL ENGINEERING,EEPC-406,Utilization of Electrical Energy and Electric Traction,End Sem,https://v1.nitj.ac.in/erp/academic_repository/uploads/qlnDpK72eC06ys9t.pdf,
July-December 2024,B.Tech,2021,HUMANITIES AND MANAGEMENT (Open Elective),HMOE-422,Financial Management,Mid Sem,https://v1.nitj.ac.in/erp/academic_repository/uploads/gmDdiq1tp2QHZP6V.pdf,
July-December 2024,B.Tech,2021,HUMANITIES AND MANAGEMENT (Open Elective),HMOE-422,Financial Management,End Sem,https://v1.nitj.ac.in/erp/academic_repository/uploads/ug0pUqMxflLd3C9J.pdf,
July-December 2024,B.Tech,2021,INSTRUMENTATION AND CONTROL ENGINEERING,ICOE-483,Industrial Measurements,Mid Sem,https://v1.nitj.ac.in/erp/academic_repository/uploads/2wxVZ16WIQFlfnXz.pdf,
July-December 2024,B.Tech,2021,INSTRUMENTATION AND CONTROL ENGINEERING,ICOE-483,Industrial Measurements,End Sem,https://v1.nitj.ac.in/erp/academic_repository/uploads/XgVEdv35TtazqUc2.pdf,
July-December 2024,B.Tech,2021,INSTRUMENTATION AND CONTROL ENGINEERING,ICPC-401,"PLC, DCS and SCADA",Mid Sem,https://v1.nitj.ac.in/erp/academic_repository/uploads/pR2FD3YstGCEK7Wm.pdf,
July-December 2024,B.Tech,2021,INSTRUMENTATION AND CONTROL ENGINEERING,ICPC-401,"PLC, DCS and SCADA",End Sem,https://v1.nitj.ac.in/erp/academic_repository/uploads/CJufasledpZU4Wgj.pdf,
July-December 2024,B.Tech,2021,INSTRUMENTATION AND CONTROL ENGINEERING,ICPC-403,Biomedical Instrumentation,Mid Sem,https://v1.nitj.ac.in/erp/academic_repository/uploads/KOiGheHQUVcrsl1P.pdf,
July-December 2024,B.Tech,2021,INSTRUMENTATION AND CONTROL ENGINEERING,ICPC-403,Biomedical Instrumentation,End Sem,https://v1.nitj.ac.in/erp/academic_repository/uploads/lY4BgGhpuxAzvres.pdf,
July-December 2024,B.Tech,2021,INSTRUMENTATION AND CONTROL ENGINEERING,ICPC-404,Virtual Instrumentation,Mid Sem,https://v1.nitj.ac.in/erp/academic_repository/uploads/NZ3qmG1zXY5KsBoC.pdf,
July-December 2024,B.Tech,2021,INSTRUMENTATION AND CONTROL ENGINEERING,ICPC-404,Virtual Instrumentation,End Sem,https://v1.nitj.ac.in/erp/academic_repository/uploads/Y7ZpyrTXn8VKwejb.pdf,
July-December 2024,B.Tech,2021,INSTRUMENTATION AND CONTROL ENGINEERING,ICPC-406,Industrial Automation and Robotics,Mid Sem,https://v1.nitj.ac.in/erp/academic_repository/uploads/qTku6jsQPE2M8FnO.pdf,
July-December 2024,B.Tech,2021,INSTRUMENTATION AND CONTROL ENGINEERING,ICPC-406,Industrial Automation and Robotics,End Sem,https://v1.nitj.ac.in/erp/academic_repository/uploads/UmtyBdYOq0lC27FV.pdf,
July-December 2024,B.Tech,2021,INDUSTRIAL AND PRODUCTION ENGINEERING,IPPC-401,Materials Management,Mid Sem,https://v1.nitj.ac.in/erp/academic_repository/uploads/4oHRSs2XwDKY1Ccf.pdf,
July-December 2024,B.Tech,2021,INDUSTRIAL AND PRODUCTION ENGINEERING,IPPC-401,Materials Management,End Sem,https://v1.nitj.ac.in/erp/academic_repository/uploads/6DjKtaAsI4TruLzX.pdf,
July-December 2024,B.Tech,2021,INDUSTRIAL AND PRODUCTION ENGINEERING,IPPC-403,Engineering Economy,Mid Sem,https://v1.nitj.ac.in/erp/academic_repository/uploads/sq0RAiWQPKYEJgUz.pdf,
July-December 2024,B.Tech,2021,INDUSTRIAL AND PRODUCTION ENGINEERING,IPPC-403,Engineering Economy,End Sem,https://v1.nitj.ac.in/erp/academic_repository/uploads/XguwyEP0SMHZfF7o.pdf,
July-December 2024,B.Tech,2021,INDUSTRIAL AND PRODUCTION ENGINEERING,IPPC-409,Product Design & Value Engineering,Mid Sem,https://v1.nitj.ac.in/erp/academic_repository/uploads/F5nHrqkzVLIRdXJN.pdf,
July-December 2024,B.Tech,2021,INDUSTRIAL AND PRODUCTION ENGINEERING,IPPC-409,Product Design & Value Engineering,End Sem,https://v1.nitj.ac.in/erp/academic_repository/uploads/L9GR8kWcY5Z2iyJh.pdf,
July-December 2024,B.Tech,2021,INFORMATION TECHNOLOGY,ITOE-006,Fundamentals of Cloud Computing,Mid Sem,https://v1.nitj.ac.in/erp/academic_repository/uploads/4gt2yBZvUhe5nRmx.pdf,
July-December 2024,B.Tech,2021,INFORMATION TECHNOLOGY,ITOE-006,Fundamentals of Cloud Computing,End Sem,https://v1.nitj.ac.in/erp/academic_repository/uploads/DrLfzuyhSGlE8PHn.pdf,
July-December 2024,B.Tech,2021,INFORMATION TECHNOLOGY,ITPC-401,Software Testing,Mid Sem,https://v1.nitj.ac.in/erp/academic_repository/uploads/8WVOBbAqMmLs2ZF3.pdf,
July-December 2024,B.Tech,2021,INFORMATION TECHNOLOGY,ITPC-401,Software Testing,End Sem,https://v1.nitj.ac.in/erp/academic_repository/uploads/sVrkl0XEJ3gDu4tn.pdf,
July-December 2024,B.Tech,2021,INFORMATION TECHNOLOGY,ITPC-403,Cloud Computing,Mid Sem,https://v1.nitj.ac.in/erp/academic_repository/uploads/N2GmJtQlfM9wadDs.pdf,
July-December 2024,B.Tech,2021,INFORMATION TECHNOLOGY,ITPC-403,Cloud Computing,End Sem,https://v1.nitj.ac.in/erp/academic_repository/uploads/Huj0d7qwyaX6YzhG.pdf,
July-December 2024,B.Tech,2021,INFORMATION TECHNOLOGY,ITPC-405,Introduction to System Programming,Mid Sem,https://v1.nitj.ac.in/erp/academic_repository/uploads/vJGxi4Ttp3Ykdra9.pdf,
July-December 2024,B.Tech,2021,INFORMATION TECHNOLOGY,ITPC-405,Introduction to System Programming,End Sem,https://v1.nitj.ac.in/erp/academic_repository/uploads/F8huCeRB7aivkUjP.pdf,
July-December 2024,B.Tech,2021,INFORMATION TECHNOLOGY,ITPC-407,E-Commerce,Mid Sem,https://v1.nitj.ac.in/erp/academic_repository/uploads/rN6WE3VvR7Hzstm4.pdf,
July-December 2024,B.Tech,2021,INFORMATION TECHNOLOGY,ITPC-407,E-Commerce,End Sem,https://v1.nitj.ac.in/erp/academic_repository/uploads/DZu3eziE2rJ6doKs.pdf,
July-December 2024,B.Tech,2021,MATHEMATICS (Open Elective),MAOE-408,Introduction to Theory of Numbers,Mid Sem,https://v1.nitj.ac.in/erp/academic_repository/uploads/81HLjuUNAqVbsTvI.pdf,
July-December 2024,B.Tech,2021,MATHEMATICS (Open Elective),MAOE-408,Introduction to Theory of Numbers,End Sem,https://v1.nitj.ac.in/erp/academic_repository/uploads/REihBzlXV5Gq361T.pdf,
July-December 2024,B.Tech,2021,MECHANICAL ENGINEERING,MEDC0203,Theory of Machines,Mid Sem,https://v1.nitj.ac.in/erp/academic_repository/uploads/hNojEYOTsdmJwiQv.pdf,
July-December 2024,B.Tech,2021,MECHANICAL ENGINEERING,MEOE-457,Non-Conventional Energy,Mid Sem,https://v1.nitj.ac.in/erp/academic_repository/uploads/aC8zPGuHmxfnUOt3.pdf,
July-December 2024,B.Tech,2021,MECHANICAL ENGINEERING,MEOE-457,Non-Conventional Energy,End Sem,https://v1.nitj.ac.in/erp/academic_repository/uploads/TwgSickxLHG5PrNb.pdf,
July-December 2024,B.Tech,2021,MECHANICAL ENGINEERING,MEPC-401,Refrigeration and Air Conditioning,Mid Sem,https://v1.nitj.ac.in/erp/academic_repository/uploads/8cagZhCr9WnDvLJU.pdf,
July-December 2024,B.Tech,2021,MECHANICAL ENGINEERING,MEPC-401,Refrigeration and Air Conditioning,End Sem,https://v1.nitj.ac.in/erp/academic_repository/uploads/yLkCvB6REdNhMJuo.pdf,
July-December 2024,B.Tech,2021,MECHANICAL ENGINEERING,MEPC-403,Vibrations and Control,Mid Sem,https://v1.nitj.ac.in/erp/academic_repository/uploads/2JfpM1stYXbBOlFG.pdf,
July-December 2024,B.Tech,2021,MECHANICAL ENGINEERING,MEPC-403,Vibrations and Control,End Sem,https://v1.nitj.ac.in/erp/academic_repository/uploads/jZblPuwNKExtR7Ho.pdf,
July-December 2024,B.Tech,2021,MECHANICAL ENGINEERING,MEPE-402,Combustion Generated Pollution and Control,Mid Sem,https://v1.nitj.ac.in/erp/academic_repository/uploads/A7bcjPZKQLVeqdX0.pdf,
July-December 2024,B.Tech,2021,MECHANICAL ENGINEERING,MEPE-402,Combustion Generated Pollution and Control,End Sem,https://v1.nitj.ac.in/erp/academic_repository/uploads/nhUZM1oYtiT6XJLx.pdf,
July-December 2024,B.Tech,2021,MECHANICAL ENGINEERING,MEPE-403,Computational Fluid Dynamics,Mid Sem,https://v1.nitj.ac.in/erp/academic_repository/uploads/x4uhoZnQqv2epji0.pdf,
July-December 2024,B.Tech,2021,MECHANICAL ENGINEERING,MEPE-403,Computational Fluid Dynamics,End Sem,https://v1.nitj.ac.in/erp/academic_repository/uploads/8x7ICkvQFHDzRPrc.pdf,
July-December 2024,B.Tech,2021,MECHANICAL ENGINEERING,MEPE-405,Cryogenics,Mid Sem,https://v1.nitj.ac.in/erp/academic_repository/uploads/k8xK6q4A1ncrdWgC.pdf,
July-December 2024,B.Tech,2021,MECHANICAL ENGINEERING,MEPE-405,Cryogenics,End Sem,https://v1.nitj.ac.in/erp/academic_repository/uploads/2uc1KL8P7VhwMIpq.pdf,
July-December 2024,B.Tech,2021,MECHANICAL ENGINEERING,MEPE-410,Introduction to Finite Element Methods,Mid Sem,https://v1.nitj.ac.in/erp/academic_repository/uploads/gtu9CnWq8avG3F2B.pdf,
July-December 2024,B.Tech,2021,MECHANICAL ENGINEERING,MEPE-410,Introduction to Finite Element Methods,End Sem,https://v1.nitj.ac.in/erp/academic_repository/uploads/MlvDEIgT0X8FuwaC.pdf,
July-December 2024,B.Tech,2021,MECHANICAL ENGINEERING,MEPE-420,Non-Conventional Energy,Mid Sem,https://v1.nitj.ac.in/erp/academic_repository/uploads/oRqvP2GYrCQUhjIk.pdf,
July-December 2024,B.Tech,2021,MECHANICAL ENGINEERING,MEPE-420,Non-Conventional Energy,End Sem,https://v1.nitj.ac.in/erp/academic_repository/uploads/MANUXtl0Y2iD38jd.pdf,
July-December 2024,B.Tech,2021,MECHANICAL ENGINEERING,MEPE-424,Solar Thermal Process,Mid Sem,https://v1.nitj.ac.in/erp/academic_repository/uploads/lg0bjASLZy2QUv1C.pdf,
July-December 2024,B.Tech,2021,MECHANICAL ENGINEERING,MEPE-424,Solar Thermal Process,End Sem,https://v1.nitj.ac.in/erp/academic_repository/uploads/OWIr6c3ZApbYTFix.pdf,
July-December 2024,B.Tech,2021,MECHANICAL ENGINEERING,MEPE-425,System Design,Mid Sem,https://v1.nitj.ac.in/erp/academic_repository/uploads/lLmeTRZBrqM3iSoH.pdf,
July-December 2024,B.Tech,2021,MECHANICAL ENGINEERING,MEPE-425,System Design,End Sem,https://v1.nitj.ac.in/erp/academic_repository/uploads/LqCIpwg0K6h3HteF.pdf,
July-December 2024,B.Tech,2021,MECHANICAL ENGINEERING,MEPE-435,"Science, Technology and Engineering Projects for Sustainability (STEPS)",Mid Sem,https://v1.nitj.ac.in/erp/academic_repository/uploads/zjaCpy58tRKGZ3Ji.pdf,
July-December 2024,B.Tech,2021,MECHANICAL ENGINEERING,MEPE-435,"Science, Technology and Engineering Projects for Sustainability (STEPS)",End Sem,https://v1.nitj.ac.in/erp/academic_repository/uploads/Rb5Z2k6nYoiz9dE8.pdf,
July-December 2024,B.Tech,2021,PHYSICS (Open Elective),PHOE-301,Material Science (Nano Science),Mid Sem,https://v1.nitj.ac.in/erp/academic_repository/uploads/OqY4Jx07f6nPButL.pdf,
July-December 2024,B.Tech,2021,PHYSICS (Open Elective),PHOE-301,Material Science (Nano Science),Mid Sem,https://v1.nitj.ac.in/erp/academic_repository/uploads/aCYkAgIueoc1isOW.pdf,
July-December 2024,B.Tech,2021,PHYSICS (Open Elective),PHOE-301,Material Science (Nano Science),End Sem,https://v1.nitj.ac.in/erp/academic_repository/uploads/iNXYqjSZh6KvOU7d.pdf,
July-December 2024,B.Tech,2021,TEXTILE TECHNOLOGY,TTPC-401,Theory of Textile Structure,Mid Sem,https://v1.nitj.ac.in/erp/academic_repository/uploads/aZefdg4EoUvz6Kh9.pdf,
July-December 2024,B.Tech,2021,TEXTILE TECHNOLOGY,TTPC-401,Theory of Textile Structure,End Sem,https://v1.nitj.ac.in/erp/academic_repository/uploads/m5lUxI6GZ42tv8Wh.pdf,
July-December 2024,B.Tech,2021,TEXTILE TECHNOLOGY,TTPC-403,Statistical Quality Control in Textile,Mid Sem,https://v1.nitj.ac.in/erp/academic_repository/uploads/Qe5XavcMdzhGg42E.pdf,
July-December 2024,B.Tech,2021,TEXTILE TECHNOLOGY,TTPC-403,Statistical Quality Control in Textile,End Sem,https://v1.nitj.ac.in/erp/academic_repository/uploads/PCOcwMye417tX3Wz.pdf,
July-December 2024,B.Tech,2021,TEXTILE TECHNOLOGY,TTPC-405,Mill Management and Maintenance,Mid Sem,https://v1.nitj.ac.in/erp/academic_repository/uploads/2jQ3fx7laPAFXYmI.pdf,
July-December 2024,B.Tech,2021,TEXTILE TECHNOLOGY,TTPC-405,Mill Management and Maintenance,End Sem,https://v1.nitj.ac.in/erp/academic_repository/uploads/DuC296Qrvbjgyed0.pdf,
July-December 2024,B.Tech,2021,TEXTILE TECHNOLOGY,TTPC-407,Sustainable Textile Technologies,Mid Sem,https://v1.nitj.ac.in/erp/academic_repository/uploads/uMB4R01Kx6egbnIh.pdf,
July-December 2024,B.Tech,2021,TEXTILE TECHNOLOGY,TTPC-407,Sustainable Textile Technologies,End Sem,https://v1.nitj.ac.in/erp/academic_repository/uploads/TPsmkBYfacLDgiOE.pdf,
July-December 2024,B.Tech,2021,TEXTILE TECHNOLOGY,TTPC-409,Mechanics of Textile Processes,Mid Sem,https://v1.nitj.ac.in/erp/academic_repository/uploads/7OA8zkSfrVjXtgeJ.pdf,
July-December 2024,B.Tech,2021,TEXTILE TECHNOLOGY,TTPC-409,Mechanics of Textile Processes,End Sem,https://v1.nitj.ac.in/erp/academic_repository/uploads/PpRnBxcAUhuO30JN.pdf,
July-December 2024,B.Tech (Minor),2023,COMPUTER SCIENCE AND ENGINEERING,CSMI0201,Data Structures and Algorithms,Mid Sem,https://v1.nitj.ac.in/erp/academic_repository/uploads/aVkMZSU0IEcl6K8y.pdf,
July-December 2024,B.Tech (Minor),2023,COMPUTER SCIENCE AND ENGINEERING,CSMI0201,Data Structures and Algorithms,End Sem,https://v1.nitj.ac.in/erp/academic_repository/uploads/8Gt7EsLmqiwdc2Bl.pdf,
July-December 2024,B.Tech (Minor),2023,COMPUTER SCIENCE AND ENGINEERING,CSMI0203,Object Oriented Programming,Mid Sem,https://v1.nitj.ac.in/erp/academic_repository/uploads/URqTurvtBNF6pglY.pdf,
July-December 2024,B.Tech (Minor),2023,COMPUTER SCIENCE AND ENGINEERING,CSMI0203,Object Oriented Programming,Mid Sem,https://v1.nitj.ac.in/erp/academic_repository/uploads/T2x9cAPDEqVMruLN.pdf,
July-December 2024,B.Tech (Minor),2023,COMPUTER SCIENCE AND ENGINEERING,CSMI0203,Object Oriented Programming,End Sem,https://v1.nitj.ac.in/erp/academic_repository/uploads/tGsjySUQrAxLl293.pdf,
July-December 2024,B.Tech (Minor),2022,COMPUTER SCIENCE AND ENGINEERING,CSMI-301,Operating System,Mid Sem,https://v1.nitj.ac.in/erp/academic_repository/uploads/uTZ3y82fn0SUrqwY.pdf,
July-December 2024,B.Tech (Minor),2022,COMPUTER SCIENCE AND ENGINEERING,CSMI-301,Operating System,Mid Sem,https://v1.nitj.ac.in/erp/academic_repository/uploads/n8gG0HQxVtpCuKNd.pdf,
July-December 2024,B.Tech (Minor),2022,COMPUTER SCIENCE AND ENGINEERING,CSMI-301,Operating System,End Sem,https://v1.nitj.ac.in/erp/academic_repository/uploads/AMY5p1bqcOJiXEIG.pdf,
July-December 2024,B.Tech (Minor),2021,COMPUTER SCIENCE AND ENGINEERING,CSMI-401,Software Engineering,Mid Sem,https://v1.nitj.ac.in/erp/academic_repository/uploads/a8ElUmgGLsnpOSTc.pdf,
July-December 2024,B.Tech (Minor),2021,COMPUTER SCIENCE AND ENGINEERING,CSMI-401,Software Engineering,Mid Sem,https://v1.nitj.ac.in/erp/academic_repository/uploads/pm1xWBZtl8TqIyYo.pdf,
July-December 2024,B.Tech (Minor),2021,COMPUTER SCIENCE AND ENGINEERING,CSMI-401,Software Engineering,End Sem,https://v1.nitj.ac.in/erp/academic_repository/uploads/xOalLg30KCVGUSbq.pdf,
July-December 2024,B.Tech (Minor),2021,ELECTRONICS AND COMMUNICATION ENGINEERING,ECMI-401,Analog and Digital Communication Systems,Mid Sem,https://v1.nitj.ac.in/erp/academic_repository/uploads/YRAs4Hyl5dvgQBCM.pdf,
July-December 2024,B.Tech (Minor),2021,ELECTRONICS AND COMMUNICATION ENGINEERING,ECMI-401,Analog and Digital Communication Systems,Mid Sem,https://v1.nitj.ac.in/erp/academic_repository/uploads/EHeN4GQYhXrflz2K.pdf,
July-December 2024,B.Tech (Minor),2021,ELECTRONICS AND COMMUNICATION ENGINEERING,ECMI-401,Analog and Digital Communication Systems,End Sem,https://v1.nitj.ac.in/erp/academic_repository/uploads/2HALgXfvO9MrkecU.pdf,
July-December 2024,M.Sc.,2024,CHEMISTRY,CY-501,Stereochemistry and Reaction Mechanism,Mid Sem,https://v1.nitj.ac.in/erp/academic_repository/uploads/vTfkXEw17a4u6JhN.pdf,
July-December 2024,M.Sc.,2024,CHEMISTRY,CY-501,Stereochemistry and Reaction Mechanism,End Sem,https://v1.nitj.ac.in/erp/academic_repository/uploads/NzTwyrCiQ1tq5MH0.pdf,
July-December 2024,M.Sc.,2024,CHEMISTRY,CY-503,Thermodynamics and Chemical Kinetics,Mid Sem,https://v1.nitj.ac.in/erp/academic_repository/uploads/3ETXcMrDYzCUlIy1.pdf,
July-December 2024,M.Sc.,2024,CHEMISTRY,CY-503,Thermodynamics and Chemical Kinetics,End Sem,https://v1.nitj.ac.in/erp/academic_repository/uploads/PG8g96IQfnvXHcOE.pdf,
July-December 2024,M.Sc.,2024,CHEMISTRY,CY-505,Main Group Chemistry,Mid Sem,https://v1.nitj.ac.in/erp/academic_repository/uploads/gJSu1rwHCYmFQLVx.pdf,
July-December 2024,M.Sc.,2024,CHEMISTRY,CY-505,Main Group Chemistry,End Sem,https://v1.nitj.ac.in/erp/academic_repository/uploads/Dzs1d98H56Bkx3yv.pdf,
July-December 2024,M.Sc.,2024,CHEMISTRY,CY-507,Physical Methods of Structure Elucidation,Mid Sem,https://v1.nitj.ac.in/erp/academic_repository/uploads/1ipP6mGNYunMKEkS.pdf,
July-December 2024,M.Sc.,2024,CHEMISTRY,CY-507,Physical Methods of Structure Elucidation,End Sem,https://v1.nitj.ac.in/erp/academic_repository/uploads/n7hsIUTZy6KiNBW9.pdf,
July-December 2024,M.Sc.,2024,CHEMISTRY,CY-509,Basic Biological Chemistry,Mid Sem,https://v1.nitj.ac.in/erp/academic_repository/uploads/ucod56TzBJ38m97n.pdf,
July-December 2024,M.Sc.,2024,CHEMISTRY,CY-509,Basic Biological Chemistry,End Sem,https://v1.nitj.ac.in/erp/academic_repository/uploads/uRosIqXVimzAM0f5.pdf,
July-December 2024,M.Sc.,2024,CHEMISTRY,MA-551,Mathematics for Chemists,Mid Sem,https://v1.nitj.ac.in/erp/academic_repository/uploads/UjzxEAD4YLlK6bOM.pdf,
July-December 2024,M.Sc.,2024,CHEMISTRY,MA-551,Mathematics for Chemists,End Sem,https://v1.nitj.ac.in/erp/academic_repository/uploads/IETsLAtFfXcohNY9.pdf,
July-December 2024,M.Sc.,2024,MATHEMATICS,MA-501,Linear Algebra,Mid Sem,https://v1.nitj.ac.in/erp/academic_repository/uploads/kqYnapXz4DL9HMiW.pdf,
July-December 2024,M.Sc.,2024,MATHEMATICS,MA-501,Linear Algebra,End Sem,https://v1.nitj.ac.in/erp/academic_repository/uploads/1oQqhPaXMstE7RzG.pdf,
July-December 2024,M.Sc.,2024,MATHEMATICS,MA-503,Real Analysis-I,Mid Sem,https://v1.nitj.ac.in/erp/academic_repository/uploads/bKVGzynYJuoZ8eWm.pdf,
July-December 2024,M.Sc.,2024,MATHEMATICS,MA-503,Real Analysis-I,End Sem,https://v1.nitj.ac.in/erp/academic_repository/uploads/BQJMP9uDnXRvHVCW.pdf,
July-December 2024,M.Sc.,2024,MATHEMATICS,MA-505,Mechanics,Mid Sem,https://v1.nitj.ac.in/erp/academic_repository/uploads/5mXCnbOw70zeagpS.pdf,
July-December 2024,M.Sc.,2024,MATHEMATICS,MA-505,Mechanics,End Sem,https://v1.nitj.ac.in/erp/academic_repository/uploads/Q4L6qUSJZtIldDwm.pdf,
July-December 2024,M.Sc.,2024,MATHEMATICS,MA-507,Differential Equations,Mid Sem,https://v1.nitj.ac.in/erp/academic_repository/uploads/twq2eMSXb0OAL6Gi.pdf,
July-December 2024,M.Sc.,2024,MATHEMATICS,MA-507,Differential Equations,End Sem,https://v1.nitj.ac.in/erp/academic_repository/uploads/mJKkfZ1B8i7UEcRS.pdf,
July-December 2024,M.Sc.,2024,MATHEMATICS,MA-509,Abstract Algebra,Mid Sem,https://v1.nitj.ac.in/erp/academic_repository/uploads/Hu0moLyG1b62iBYs.pdf,
July-December 2024,M.Sc.,2024,MATHEMATICS,MA-509,Abstract Algebra,End Sem,https://v1.nitj.ac.in/erp/academic_repository/uploads/LoGjiv6QBhxI018r.pdf,
July-December 2024,M.Sc.,2024,PHYSICS,PH-501,Classical Mechanics,Mid Sem,https://v1.nitj.ac.in/erp/academic_repository/uploads/XZFtUK6c5H29Czf3.pdf,
July-December 2024,M.Sc.,2024,PHYSICS,PH-501,Classical Mechanics,End Sem,https://v1.nitj.ac.in/erp/academic_repository/uploads/kyMLDZNXbOu2viEI.pdf,
July-December 2024,M.Sc.,2024,PHYSICS,PH-503,Mathematical Physics,Mid Sem,https://v1.nitj.ac.in/erp/academic_repository/uploads/IbesnyW8CruxqS7j.pdf,
July-December 2024,M.Sc.,2024,PHYSICS,PH-503,Mathematical Physics,End Sem,https://v1.nitj.ac.in/erp/academic_repository/uploads/9NQW7dFJiszmKfgb.pdf,
July-December 2024,M.Sc.,2024,PHYSICS,PH-505,Electronics,Mid Sem,https://v1.nitj.ac.in/erp/academic_repository/uploads/189Dj6Xs2AEmgJfe.pdf,
July-December 2024,M.Sc.,2024,PHYSICS,PH-505,Electronics,End Sem,https://v1.nitj.ac.in/erp/academic_repository/uploads/TtG2YzoaiVusLn5E.pdf,
July-December 2024,M.Sc.,2024,PHYSICS,PH-507,Computational Physics,Mid Sem,https://v1.nitj.ac.in/erp/academic_repository/uploads/4rnuNkWGIbwpH9CS.pdf,
July-December 2024,M.Sc.,2024,PHYSICS,PH-507,Computational Physics,End Sem,https://v1.nitj.ac.in/erp/academic_repository/uploads/dhIeDJvucNt1i2PY.pdf,
July-December 2024,M.Sc.,2023,CHEMISTRY,CY-515,Chemistry of Transition and Inner-transition Elements,Mid Sem,https://v1.nitj.ac.in/erp/academic_repository/uploads/W6UT1sXqtmNDPR2J.pdf,
July-December 2024,M.Sc.,2023,CHEMISTRY,CY-515,Chemistry of Transition and Inner-transition Elements,End Sem,https://v1.nitj.ac.in/erp/academic_repository/uploads/wjsqib06FMEYNOaC.pdf,
July-December 2024,M.Sc.,2023,CHEMISTRY,CY-517,Intellectual Property Rights,Mid Sem,https://v1.nitj.ac.in/erp/academic_repository/uploads/MxfnwF2GNIHX3Egt.pdf,
July-December 2024,M.Sc.,2023,CHEMISTRY,CY-517,Intellectual Property Rights,End Sem,https://v1.nitj.ac.in/erp/academic_repository/uploads/Q5ap1J0ZOYtbkd8h.pdf,
July-December 2024,M.Sc.,2023,CHEMISTRY,CY-519,Analytical Principles and Instrumental Methods of Analysis,Mid Sem,https://v1.nitj.ac.in/erp/academic_repository/uploads/PcVaCY29vK8Rg6Nj.pdf,
July-December 2024,M.Sc.,2023,CHEMISTRY,CY-519,Analytical Principles and Instrumental Methods of Analysis,End Sem,https://v1.nitj.ac.in/erp/academic_repository/uploads/FsiSnvHO4J76ZUGh.pdf,
July-December 2024,M.Sc.,2023,CHEMISTRY,CY-521,Advanced Organic Chemistry,Mid Sem,https://v1.nitj.ac.in/erp/academic_repository/uploads/EDT1O34R0ImhrNdv.pdf,
July-December 2024,M.Sc.,2023,CHEMISTRY,CY-521,Advanced Organic Chemistry,End Sem,https://v1.nitj.ac.in/erp/academic_repository/uploads/mAUDBjw2dNEpSqfG.pdf,
July-December 2024,M.Sc.,2023,CHEMISTRY,CY-526,Advanced Inorganic Chemistry - I,Mid Sem,https://v1.nitj.ac.in/erp/academic_repository/uploads/12a8RCWIwyrvPhTx.pdf,
July-December 2024,M.Sc.,2023,CHEMISTRY,CY-526,Advanced Inorganic Chemistry - I,End Sem,https://v1.nitj.ac.in/erp/academic_repository/uploads/F15ibaJ4LlHk0wK2.pdf,
July-December 2024,M.Sc.,2023,CHEMISTRY,CY-529,Nanochemistry,Mid Sem,https://v1.nitj.ac.in/erp/academic_repository/uploads/6mpiPqFaevH21QgG.pdf,
July-December 2024,M.Sc.,2023,CHEMISTRY,CY-529,Nanochemistry,End Sem,https://v1.nitj.ac.in/erp/academic_repository/uploads/dik9MBy0wSOqtUfX.pdf,
July-December 2024,M.Sc.,2023,MATHEMATICS,MA-513,Functional Analysis,Mid Sem,https://v1.nitj.ac.in/erp/academic_repository/uploads/9ic5TaJDpxteGSOQ.pdf,
July-December 2024,M.Sc.,2023,MATHEMATICS,MA-513,Functional Analysis,End Sem,https://v1.nitj.ac.in/erp/academic_repository/uploads/pj6vcqy3UOB9GM2L.pdf,
July-December 2024,M.Sc.,2023,MATHEMATICS,MA-515,Discrete Mathematics,Mid Sem,https://v1.nitj.ac.in/erp/academic_repository/uploads/5suCfJayijYIGFzH.pdf,
July-December 2024,M.Sc.,2023,MATHEMATICS,MA-515,Discrete Mathematics,End Sem,https://v1.nitj.ac.in/erp/academic_repository/uploads/B9m7vi52z6forZDx.pdf,
July-December 2024,M.Sc.,2023,MATHEMATICS,MA-522,Numerical Solution of DEs,Mid Sem,https://v1.nitj.ac.in/erp/academic_repository/uploads/mnrzWlZoDGXP7kdK.pdf,
July-December 2024,M.Sc.,2023,MATHEMATICS,MA-522,Numerical Solution of DEs,End Sem,https://v1.nitj.ac.in/erp/academic_repository/uploads/LoRVeEpwcTs748Cz.pdf,
July-December 2024,M.Sc.,2023,MATHEMATICS,MA-529,Probability Theory,Mid Sem,https://v1.nitj.ac.in/erp/academic_repository/uploads/EmdoV270w4tsaXvi.pdf,
July-December 2024,M.Sc.,2023,MATHEMATICS,MA-529,Probability Theory,End Sem,https://v1.nitj.ac.in/erp/academic_repository/uploads/Bfis8LKj3tGIzg26.pdf,
July-December 2024,M.Sc.,2023,MATHEMATICS,MA-545,Number Theory,Mid Sem,https://v1.nitj.ac.in/erp/academic_repository/uploads/Qjn83PaNZqoGwsB6.pdf,
July-December 2024,M.Sc.,2023,MATHEMATICS,MA-545,Number Theory,End Sem,https://v1.nitj.ac.in/erp/academic_repository/uploads/02faqUvcBn9h8TYC.pdf,
July-December 2024,M.Sc.,2023,PHYSICS,PH-509,Quantum Mechanics-II,Mid Sem,https://v1.nitj.ac.in/erp/academic_repository/uploads/lR8r4i2wpXbhH0MC.pdf,
July-December 2024,M.Sc.,2023,PHYSICS,PH-509,Quantum Mechanics-II,End Sem,https://v1.nitj.ac.in/erp/academic_repository/uploads/TxBqMYWQ3dpw7jN4.pdf,
July-December 2024,M.Sc.,2023,PHYSICS,PH-511,Solid State Physics -II,Mid Sem,https://v1.nitj.ac.in/erp/academic_repository/uploads/I6mLh7oyjr8bYeuR.pdf,
July-December 2024,M.Sc.,2023,PHYSICS,PH-511,Solid State Physics -II,End Sem,https://v1.nitj.ac.in/erp/academic_repository/uploads/B1yzcfaQ39SWmKkJ.pdf,
July-December 2024,M.Sc.,2023,PHYSICS,PH-513,Plasma Physics,Mid Sem,https://v1.nitj.ac.in/erp/academic_repository/uploads/3rZp0aF9mv8wQ21N.pdf,
July-December 2024,M.Sc.,2023,PHYSICS,PH-513,Plasma Physics,End Sem,https://v1.nitj.ac.in/erp/academic_repository/uploads/Fsnf30PKHXWGDVpm.pdf,
July-December 2024,M.Sc.,2023,PHYSICS,PH-515,Nuclear Physics,Mid Sem,https://v1.nitj.ac.in/erp/academic_repository/uploads/m6LzosYBJQlDEx7e.pdf,
July-December 2024,M.Sc.,2023,PHYSICS,PH-515,Nuclear Physics,End Sem,https://v1.nitj.ac.in/erp/academic_repository/uploads/ZtvrHboGnSFEDm0A.pdf,
July-December 2024,M.Tech,2024,ARTIFICIAL INTELLIGENCE,AI-501,Mathematical Foundation For AI,Mid Sem,https://v1.nitj.ac.in/erp/academic_repository/uploads/GsFOJ9ZWcpStI7ua.pdf,
July-December 2024,M.Tech,2024,ARTIFICIAL INTELLIGENCE,AI-501,Mathematical Foundation For AI,End Sem,https://v1.nitj.ac.in/erp/academic_repository/uploads/64VUIPrstyCidzKO.pdf,
July-December 2024,M.Tech,2024,ARTIFICIAL INTELLIGENCE,AI-503,Computer Programming Basics with Python,Mid Sem,https://v1.nitj.ac.in/erp/academic_repository/uploads/cXqGRIYdenZyjAUT.pdf,
July-December 2024,M.Tech,2024,ARTIFICIAL INTELLIGENCE,AI-503,Computer Programming Basics with Python,End Sem,https://v1.nitj.ac.in/erp/academic_repository/uploads/RG3bNZHmoxrucBCf.pdf,
July-December 2024,M.Tech,2024,ARTIFICIAL INTELLIGENCE,AI-505,Data Science and Analytics,Mid Sem,https://v1.nitj.ac.in/erp/academic_repository/uploads/cChEOLbq9QgYA1zr.pdf,
July-December 2024,M.Tech,2024,ARTIFICIAL INTELLIGENCE,AI-505,Data Science and Analytics,End Sem,https://v1.nitj.ac.in/erp/academic_repository/uploads/AORp3NGWIKqwzj61.pdf,
July-December 2024,M.Tech,2024,ARTIFICIAL INTELLIGENCE,AI-507,Advanced Data Structures and Algorithms,Mid Sem,https://v1.nitj.ac.in/erp/academic_repository/uploads/7WyfBwZJnmHqQr8p.pdf,
July-December 2024,M.Tech,2024,ARTIFICIAL INTELLIGENCE,AI-507,Advanced Data Structures and Algorithms,End Sem,https://v1.nitj.ac.in/erp/academic_repository/uploads/Z8UtujWKO6BJY5nq.pdf,
July-December 2024,M.Tech,2024,ARTIFICIAL INTELLIGENCE,AI-509,Principles of Artificial Intelligence and Machine Learning,Mid Sem,https://v1.nitj.ac.in/erp/academic_repository/uploads/lBmvPUQHMAeTSVYX.pdf,
July-December 2024,M.Tech,2024,ARTIFICIAL INTELLIGENCE,AI-509,Principles of Artificial Intelligence and Machine Learning,End Sem,https://v1.nitj.ac.in/erp/academic_repository/uploads/ure2J3wEAOtX8n5Y.pdf,
July-December 2024,M.Tech,2024,ARTIFICIAL INTELLIGENCE,AI-511,Engineering MLOps,Mid Sem,https://v1.nitj.ac.in/erp/academic_repository/uploads/Qn1wP8CNRGolu5Mk.pdf,
July-December 2024,M.Tech,2024,ARTIFICIAL INTELLIGENCE,AI-511,Engineering MLOps,End Sem,https://v1.nitj.ac.in/erp/academic_repository/uploads/NsqH85DCdwAfyTGz.pdf,
July-December 2024,M.Tech,2024,BIOTECHNOLOGY,BT-501,Bioreactor and Bioprocess Design,Mid Sem,https://v1.nitj.ac.in/erp/academic_repository/uploads/XGBzqTdiR6P2yUOp.pdf,
July-December 2024,M.Tech,2024,BIOTECHNOLOGY,BT-501,Bioreactor and Bioprocess Design,End Sem,https://v1.nitj.ac.in/erp/academic_repository/uploads/Urkn9jC5aPTIu8Wm.pdf,
July-December 2024,M.Tech,2024,BIOTECHNOLOGY,BT503,Bioseparation Engineering,Mid Sem,https://v1.nitj.ac.in/erp/academic_repository/uploads/aE4sbGthxB6JIgC0.pdf,
July-December 2024,M.Tech,2024,BIOTECHNOLOGY,BT503,Bioseparation Engineering,End Sem,https://v1.nitj.ac.in/erp/academic_repository/uploads/0y5RmI3l2vdktzuZ.pdf,
July-December 2024,M.Tech,2024,BIOTECHNOLOGY,BT505,Animal Cell Culture Technology,Mid Sem,https://v1.nitj.ac.in/erp/academic_repository/uploads/OMfamrnXyxqbwYVh.pdf,
July-December 2024,M.Tech,2024,BIOTECHNOLOGY,BT505,Animal Cell Culture Technology,End Sem,https://v1.nitj.ac.in/erp/academic_repository/uploads/wGoQ59bBxpH4CuN0.pdf,
July-December 2024,M.Tech,2024,BIOTECHNOLOGY,BT507,Plant Cell and Tissue Culture Engineering,Mid Sem,https://v1.nitj.ac.in/erp/academic_repository/uploads/MjVKkucYJL5Z0IEq.pdf,
July-December 2024,M.Tech,2024,BIOTECHNOLOGY,BT507,Plant Cell and Tissue Culture Engineering,End Sem,https://v1.nitj.ac.in/erp/academic_repository/uploads/LCTJRKoGmdVhUgx0.pdf,
July-December 2024,M.Tech,2024,BIOTECHNOLOGY,BT525,Elective I: Biosensors,Mid Sem,https://v1.nitj.ac.in/erp/academic_repository/uploads/PT2x608RLEN9Uuda.pdf,
July-December 2024,M.Tech,2024,BIOTECHNOLOGY,BT525,Elective I: Biosensors,End Sem,https://v1.nitj.ac.in/erp/academic_repository/uploads/Kjd6Ybcry7mUzRIg.pdf,
July-December 2024,M.Tech,2024,BIOTECHNOLOGY,BT529,Elective II: Instrumental Methods of Analysis in Biotechnology,Mid Sem,https://v1.nitj.ac.in/erp/academic_repository/uploads/PHLfr1vJ7jYVhxDA.pdf,
July-December 2024,M.Tech,2024,BIOTECHNOLOGY,BT529,Elective II: Instrumental Methods of Analysis in Biotechnology,End Sem,https://v1.nitj.ac.in/erp/academic_repository/uploads/hz8yuI4KBx7vwJPS.pdf,
July-December 2024,M.Tech,2024,CHEMICAL ENGINEERING,CH-501,Computational Techniques in Chemical Engineering,Mid Sem,https://v1.nitj.ac.in/erp/academic_repository/uploads/N85kwZmsqRGSYXoW.pdf,
July-December 2024,M.Tech,2024,CHEMICAL ENGINEERING,CH-501,Computational Techniques in Chemical Engineering,End Sem,https://v1.nitj.ac.in/erp/academic_repository/uploads/p8iranG37xmUcPN6.pdf,
July-December 2024,M.Tech,2024,CHEMICAL ENGINEERING,CH-503,Chemical Reactor Analysis and Design,Mid Sem,https://v1.nitj.ac.in/erp/academic_repository/uploads/9rOclgx37NDEUzeL.pdf,
July-December 2024,M.Tech,2024,CHEMICAL ENGINEERING,CH-503,Chemical Reactor Analysis and Design,End Sem,https://v1.nitj.ac.in/erp/academic_repository/uploads/UdVPbHrOl5K62we4.pdf,
July-December 2024,M.Tech,2024,CHEMICAL ENGINEERING,CH-505,Process Modeling and Simulation,Mid Sem,https://v1.nitj.ac.in/erp/academic_repository/uploads/BeAqOrVdi0u7faYp.pdf,
July-December 2024,M.Tech,2024,CHEMICAL ENGINEERING,CH-505,Process Modeling and Simulation,End Sem,https://v1.nitj.ac.in/erp/academic_repository/uploads/jBDQm2OdoHI1pyF5.pdf,
July-December 2024,M.Tech,2024,CHEMICAL ENGINEERING,CH-507,Process Plant Design,Mid Sem,https://v1.nitj.ac.in/erp/academic_repository/uploads/nRoeahcFLO8D5YVH.pdf,
July-December 2024,M.Tech,2024,CHEMICAL ENGINEERING,CH-507,Process Plant Design,End Sem,https://v1.nitj.ac.in/erp/academic_repository/uploads/UzAwR6Q1lZ4XEYaH.pdf,
July-December 2024,M.Tech,2024,CHEMICAL ENGINEERING,CH-528,Fertilizer Technology,Mid Sem,https://v1.nitj.ac.in/erp/academic_repository/uploads/GYnmkbT3fFs2xQRP.pdf,
July-December 2024,M.Tech,2024,CHEMICAL ENGINEERING,CH-528,Fertilizer Technology,End Sem,https://v1.nitj.ac.in/erp/academic_repository/uploads/w6BefXVkI84sp2ro.pdf,
July-December 2024,M.Tech,2024,CHEMICAL ENGINEERING,CH-529,Environment Impact Assessment,Mid Sem,https://v1.nitj.ac.in/erp/academic_repository/uploads/0B1cwXZohA6pdkGr.pdf,
July-December 2024,M.Tech,2024,CHEMICAL ENGINEERING,CH-529,Environment Impact Assessment,End Sem,https://v1.nitj.ac.in/erp/academic_repository/uploads/M2w9j6dvOehc7gX1.pdf,
July-December 2024,M.Tech,2024,COMPUTER SCIENCE AND ENGINEERING,CS-501,Cryptography,Mid Sem,https://v1.nitj.ac.in/erp/academic_repository/uploads/zPIZrYduyEVhpae7.pdf,
July-December 2024,M.Tech,2024,COMPUTER SCIENCE AND ENGINEERING,CS-501,Cryptography,End Sem,https://v1.nitj.ac.in/erp/academic_repository/uploads/JM6y7cLWHegEI2TU.pdf,
July-December 2024,M.Tech,2024,COMPUTER SCIENCE AND ENGINEERING,CS-502,Advanced Computer Networks,Mid Sem,https://v1.nitj.ac.in/erp/academic_repository/uploads/RpUru1eMIFdPwzWV.pdf,
July-December 2024,M.Tech,2024,COMPUTER SCIENCE AND ENGINEERING,CS-502,Advanced Computer Networks,End Sem,https://v1.nitj.ac.in/erp/academic_repository/uploads/r0OVCfLMEdhaJDcl.pdf,
July-December 2024,M.Tech,2024,COMPUTER SCIENCE AND ENGINEERING,CS-505,Digital Image Processing,Mid Sem,https://v1.nitj.ac.in/erp/academic_repository/uploads/VeuXtUiyAlvSG2o0.pdf,
July-December 2024,M.Tech,2024,COMPUTER SCIENCE AND ENGINEERING,CS-505,Digital Image Processing,End Sem,https://v1.nitj.ac.in/erp/academic_repository/uploads/NnJxC67wfKXBQaSA.pdf,
July-December 2024,M.Tech,2024,COMPUTER SCIENCE AND ENGINEERING,CS-532,Cloud Computing & Communication,Mid Sem,https://v1.nitj.ac.in/erp/academic_repository/uploads/6zdj4Leacq02MNmn.pdf,
July-December 2024,M.Tech,2024,COMPUTER SCIENCE AND ENGINEERING,CS-532,Cloud Computing & Communication,End Sem,https://v1.nitj.ac.in/erp/academic_repository/uploads/9plUFVbn6AvEaW8R.pdf,
July-December 2024,M.Tech,2024,COMPUTER SCIENCE AND ENGINEERING,CS-538,Applications of Artificial Intelligence and Neural Networks,Mid Sem,https://v1.nitj.ac.in/erp/academic_repository/uploads/HXq5hFmu82ZUBAjT.pdf,
July-December 2024,M.Tech,2024,COMPUTER SCIENCE AND ENGINEERING,CS-538,Applications of Artificial Intelligence and Neural Networks,End Sem,https://v1.nitj.ac.in/erp/academic_repository/uploads/sJpX8g146wD3QBVu.pdf,
July-December 2024,M.Tech,2024,COMPUTER SCIENCE AND ENGINEERING,CS-554,Network Security,Mid Sem,https://v1.nitj.ac.in/erp/academic_repository/uploads/ACIyx9bt06cJKhre.pdf,
July-December 2024,M.Tech,2024,COMPUTER SCIENCE AND ENGINEERING,CS-554,Network Security,End Sem,https://v1.nitj.ac.in/erp/academic_repository/uploads/bzi7pZvuMHmx5e4S.pdf,
July-December 2024,M.Tech,2024,DATA ANALYTICS,IT-501,Statistical Computing,Mid Sem,https://v1.nitj.ac.in/erp/academic_repository/uploads/f8MP5q6ONVDQRer2.pdf,
July-December 2024,M.Tech,2024,DATA ANALYTICS,IT-501,Statistical Computing,End Sem,https://v1.nitj.ac.in/erp/academic_repository/uploads/1yBQducjp6K9rPGx.pdf,
July-December 2024,M.Tech,2024,DATA ANALYTICS,IT-503,Big Data Analytics,Mid Sem,https://v1.nitj.ac.in/erp/academic_repository/uploads/4X7v8gbju5xKp1Zt.pdf,
July-December 2024,M.Tech,2024,DATA ANALYTICS,IT-503,Big Data Analytics,End Sem,https://v1.nitj.ac.in/erp/academic_repository/uploads/nyLTupzM0h2ZSrXt.pdf,
July-December 2024,M.Tech,2024,DATA ANALYTICS,IT-505,Introduction to Artificial Intelligence,Mid Sem,https://v1.nitj.ac.in/erp/academic_repository/uploads/9oR3NkE6zP0TFs7q.pdf,
July-December 2024,M.Tech,2024,DATA ANALYTICS,IT-505,Introduction to Artificial Intelligence,End Sem,https://v1.nitj.ac.in/erp/academic_repository/uploads/RG9LvlsZih7Ewjx0.pdf,
July-December 2024,M.Tech,2024,DATA ANALYTICS,IT-507,Next Generation Databases,Mid Sem,https://v1.nitj.ac.in/erp/academic_repository/uploads/A3LzwOShlCx8ak54.pdf,
July-December 2024,M.Tech,2024,DATA ANALYTICS,IT-507,Next Generation Databases,End Sem,https://v1.nitj.ac.in/erp/academic_repository/uploads/RlWhTHwtivNSIsgu.pdf,
July-December 2024,M.Tech,2024,DATA ANALYTICS,IT-521,Advanced Data Structure and Algorithm,Mid Sem,https://v1.nitj.ac.in/erp/academic_repository/uploads/0gX6PQAYEje3B4Rf.pdf,
July-December 2024,M.Tech,2024,DATA ANALYTICS,IT-521,Advanced Data Structure and Algorithm,End Sem,https://v1.nitj.ac.in/erp/academic_repository/uploads/45VtAW6J8quUl17X.pdf,
July-December 2024,M.Tech,2024,DATA ANALYTICS,IT-535,Introduction to Internet of Things(IoT),Mid Sem,https://v1.nitj.ac.in/erp/academic_repository/uploads/Q9gtRVwX1ebMshln.pdf,
July-December 2024,M.Tech,2024,DATA ANALYTICS,IT-535,Introduction to Internet of Things(IoT),End Sem,https://v1.nitj.ac.in/erp/academic_repository/uploads/sDvJce2AVUbPYFrt.pdf,
July-December 2024,M.Tech,2024,DESIGN ENGINEERING,MA-553,Computational Methods in Engineering,Mid Sem,https://v1.nitj.ac.in/erp/academic_repository/uploads/mc0vVbdCigzlkaPR.pdf,
July-December 2024,M.Tech,2024,DESIGN ENGINEERING,MA-553,Computational Methods in Engineering,End Sem,https://v1.nitj.ac.in/erp/academic_repository/uploads/LxBlydHX7DS6kch8.pdf,
July-December 2024,M.Tech,2024,DESIGN ENGINEERING,ME-501,Continuum Mechanics,Mid Sem,https://v1.nitj.ac.in/erp/academic_repository/uploads/vl2xFqC3KoTyOaU6.pdf,
July-December 2024,M.Tech,2024,DESIGN ENGINEERING,ME-501,Continuum Mechanics,End Sem,https://v1.nitj.ac.in/erp/academic_repository/uploads/9HVJDTwQAC2sLdi8.pdf,
July-December 2024,M.Tech,2024,DESIGN ENGINEERING,ME-503,Materials in Mechanical Design,Mid Sem,https://v1.nitj.ac.in/erp/academic_repository/uploads/pkPbf9QuUwm2iEtl.pdf,
July-December 2024,M.Tech,2024,DESIGN ENGINEERING,ME-503,Materials in Mechanical Design,End Sem,https://v1.nitj.ac.in/erp/academic_repository/uploads/l0tBAYiqXTGa6Zzb.pdf,
July-December 2024,M.Tech,2024,DESIGN ENGINEERING,ME-505,Finite Element Methods,Mid Sem,https://v1.nitj.ac.in/erp/academic_repository/uploads/vewBQckm9bshEVi8.pdf,
July-December 2024,M.Tech,2024,DESIGN ENGINEERING,ME-505,Finite Element Methods,End Sem,https://v1.nitj.ac.in/erp/academic_repository/uploads/qEd3Rsm6L4UnWQxI.pdf,
July-December 2024,M.Tech,2024,DESIGN ENGINEERING,ME-529,Mechanics of Composite Materials,Mid Sem,https://v1.nitj.ac.in/erp/academic_repository/uploads/QnWzbjFXZtksrgOG.pdf,
July-December 2024,M.Tech,2024,DESIGN ENGINEERING,ME-529,Mechanics of Composite Materials,End Sem,https://v1.nitj.ac.in/erp/academic_repository/uploads/VdKBYAEkTmRDarxn.pdf,
July-December 2024,M.Tech,2024,DESIGN ENGINEERING,ME-535,Robotics: Mechanics and Control,Mid Sem,https://v1.nitj.ac.in/erp/academic_repository/uploads/VFHhBa3o1OmXIiu0.pdf,
July-December 2024,M.Tech,2024,DESIGN ENGINEERING,ME-535,Robotics: Mechanics and Control,End Sem,https://v1.nitj.ac.in/erp/academic_repository/uploads/WhkFQ5jqiHRVoGns.pdf,
July-December 2024,M.Tech,2024,DATA SCIENCE AND ENGINEERING,CS-504,Advanced Data Structures and Algorithms,Mid Sem,https://v1.nitj.ac.in/erp/academic_repository/uploads/mhGlr2saxFY6Iq3Q.pdf,
July-December 2024,M.Tech,2024,DATA SCIENCE AND ENGINEERING,CS-504,Advanced Data Structures and Algorithms,End Sem,https://v1.nitj.ac.in/erp/academic_repository/uploads/uQJpeSFM2akbAP0d.pdf,
July-December 2024,M.Tech,2024,DATA SCIENCE AND ENGINEERING,CS-603,Statistical foundations of Data Science,Mid Sem,https://v1.nitj.ac.in/erp/academic_repository/uploads/qeGxfCNzm51ZtoYD.pdf,
July-December 2024,M.Tech,2024,DATA SCIENCE AND ENGINEERING,CS-603,Statistical foundations of Data Science,End Sem,https://v1.nitj.ac.in/erp/academic_repository/uploads/w0svuDdVMqT9ZL1Q.pdf,
July-December 2024,M.Tech,2024,DATA SCIENCE AND ENGINEERING,CS-605,Advanced Machine Learning,Mid Sem,https://v1.nitj.ac.in/erp/academic_repository/uploads/gTFi4pWcl5R6e9sD.pdf,
July-December 2024,M.Tech,2024,DATA SCIENCE AND ENGINEERING,CS-605,Advanced Machine Learning,End Sem,https://v1.nitj.ac.in/erp/academic_repository/uploads/YImED2i3w7cjGHRW.pdf,
July-December 2024,M.Tech,2024,DATA SCIENCE AND ENGINEERING,CS-607,Ethics and IT acts,Mid Sem,https://v1.nitj.ac.in/erp/academic_repository/uploads/ew82RBOmgou5yC0f.pdf,
July-December 2024,M.Tech,2024,DATA SCIENCE AND ENGINEERING,CS-607,Ethics and IT acts,End Sem,https://v1.nitj.ac.in/erp/academic_repository/uploads/jWPxSNy5wvisB6VT.pdf,
July-December 2024,M.Tech,2024,DATA SCIENCE AND ENGINEERING,CS-631,Advanced Internet of Things,Mid Sem,https://v1.nitj.ac.in/erp/academic_repository/uploads/gfUNXQCnu26JsVPY.pdf,
July-December 2024,M.Tech,2024,DATA SCIENCE AND ENGINEERING,CS-631,Advanced Internet of Things,End Sem,https://v1.nitj.ac.in/erp/academic_repository/uploads/Rjmb09sqDCeo2Fuz.pdf,
July-December 2024,M.Tech,2024,DATA SCIENCE AND ENGINEERING,CS-634,Soft Computing,Mid Sem,https://v1.nitj.ac.in/erp/academic_repository/uploads/zvl2yqbnQ1rNZgBY.pdf,
July-December 2024,M.Tech,2024,DATA SCIENCE AND ENGINEERING,CS-634,Soft Computing,End Sem,https://v1.nitj.ac.in/erp/academic_repository/uploads/2gSL7E5Z0e9lwTmv.pdf,
July-December 2024,M.Tech,2024,ELECTRIC VEHICLE DESIGN,EEEV-501,Fundamental of Electric Vehicles,Mid Sem,https://v1.nitj.ac.in/erp/academic_repository/uploads/hCtG4wEykRvidYPe.pdf,
July-December 2024,M.Tech,2024,ELECTRIC VEHICLE DESIGN,EEEV-501,Fundamental of Electric Vehicles,End Sem,https://v1.nitj.ac.in/erp/academic_repository/uploads/fYwEdsrOTmhcNeLD.pdf,
July-December 2024,M.Tech,2024,ELECTRIC VEHICLE DESIGN,EEEV-503,Power Electronics and Electric Drives,Mid Sem,https://v1.nitj.ac.in/erp/academic_repository/uploads/lmejdR4Wcn2qgL9E.pdf,
July-December 2024,M.Tech,2024,ELECTRIC VEHICLE DESIGN,EEEV-503,Power Electronics and Electric Drives,End Sem,https://v1.nitj.ac.in/erp/academic_repository/uploads/rMueGWhALbO1q2v6.pdf,
July-December 2024,M.Tech,2024,ELECTRIC VEHICLE DESIGN,EEEV-505,Embedded Systems,Mid Sem,https://v1.nitj.ac.in/erp/academic_repository/uploads/QE6ZkT2qfXyhIcCw.pdf,
July-December 2024,M.Tech,2024,ELECTRIC VEHICLE DESIGN,EEEV-505,Embedded Systems,End Sem,https://v1.nitj.ac.in/erp/academic_repository/uploads/sJxY4dXn6KucItZV.pdf,
July-December 2024,M.Tech,2024,ELECTRIC VEHICLE DESIGN,EEEV-507,Modelling and Simulation of Electric Vehicles,Mid Sem,https://v1.nitj.ac.in/erp/academic_repository/uploads/fMTDl2hQiOJ5n0uc.pdf,
July-December 2024,M.Tech,2024,ELECTRIC VEHICLE DESIGN,EEEV-507,Modelling and Simulation of Electric Vehicles,Mid Sem,https://v1.nitj.ac.in/erp/academic_repository/uploads/p5BvDiT6mI42GR0M.pdf,
July-December 2024,M.Tech,2024,ELECTRIC VEHICLE DESIGN,EEEV-507,Modelling and Simulation of Electric Vehicles,End Sem,https://v1.nitj.ac.in/erp/academic_repository/uploads/GkezHS3PlUqNdrcY.pdf,
July-December 2024,M.Tech,2024,ELECTRIC VEHICLE DESIGN,EEEV-564,Hybrid Vehicle Technology,Mid Sem,https://v1.nitj.ac.in/erp/academic_repository/uploads/DopM7y2kQb9x1eEJ.pdf,
July-December 2024,M.Tech,2024,ELECTRIC VEHICLE DESIGN,EEEV-564,Hybrid Vehicle Technology,End Sem,https://v1.nitj.ac.in/erp/academic_repository/uploads/KE6Ms1FbykjNwxlo.pdf,
July-December 2024,M.Tech,2024,ELECTRIC VEHICLE DESIGN,EEEV-569,Smart Grid,Mid Sem,https://v1.nitj.ac.in/erp/academic_repository/uploads/dEHYZ9QblPx5pukh.pdf,
July-December 2024,M.Tech,2024,ELECTRIC VEHICLE DESIGN,EEEV-569,Smart Grid,End Sem,https://v1.nitj.ac.in/erp/academic_repository/uploads/WzQ7rktjq05cfRvB.pdf,
July-December 2024,M.Tech,2024,GEOTECHNICAL AND GEO-ENVIRONMENTAL ENGINEERING,CE-513,Advanced Numerical Methods,Mid Sem,https://v1.nitj.ac.in/erp/academic_repository/uploads/NCZuHBOsjoq1k35v.pdf,
July-December 2024,M.Tech,2024,GEOTECHNICAL AND GEO-ENVIRONMENTAL ENGINEERING,CE-513,Advanced Numerical Methods,End Sem,https://v1.nitj.ac.in/erp/academic_repository/uploads/pshFSobjJwVTimrN.pdf,
July-December 2024,M.Tech,2024,GEOTECHNICAL AND GEO-ENVIRONMENTAL ENGINEERING,CE-533,Solid and Hazardous Waste Management,Mid Sem,https://v1.nitj.ac.in/erp/academic_repository/uploads/1TcXefjwQNE5Prsh.pdf,
July-December 2024,M.Tech,2024,GEOTECHNICAL AND GEO-ENVIRONMENTAL ENGINEERING,CE-533,Solid and Hazardous Waste Management,End Sem,https://v1.nitj.ac.in/erp/academic_repository/uploads/WEsDTAj4yMhNO21R.pdf,
July-December 2024,M.Tech,2024,GEOTECHNICAL AND GEO-ENVIRONMENTAL ENGINEERING,CE-539,Engineering Behaviour of Soils,Mid Sem,https://v1.nitj.ac.in/erp/academic_repository/uploads/asZOVFJmP7kKz1M5.pdf,
July-December 2024,M.Tech,2024,GEOTECHNICAL AND GEO-ENVIRONMENTAL ENGINEERING,CE-539,Engineering Behaviour of Soils,End Sem,https://v1.nitj.ac.in/erp/academic_repository/uploads/BdWTcDwYOCXKyg71.pdf,
July-December 2024,M.Tech,2024,GEOTECHNICAL AND GEO-ENVIRONMENTAL ENGINEERING,CE-551,Design of Substructures,Mid Sem,https://v1.nitj.ac.in/erp/academic_repository/uploads/cdHotTYR67FV4ypE.pdf,
July-December 2024,M.Tech,2024,GEOTECHNICAL AND GEO-ENVIRONMENTAL ENGINEERING,CE-551,Design of Substructures,End Sem,https://v1.nitj.ac.in/erp/academic_repository/uploads/QHvYmKdxai6M8pPo.pdf,
July-December 2024,M.Tech,2024,GEOTECHNICAL AND GEO-ENVIRONMENTAL ENGINEERING,CE-565,Ground Improvement Techniques,Mid Sem,https://v1.nitj.ac.in/erp/academic_repository/uploads/2dKPSVtivj3OoA6C.pdf,
July-December 2024,M.Tech,2024,GEOTECHNICAL AND GEO-ENVIRONMENTAL ENGINEERING,CE-565,Ground Improvement Techniques,End Sem,https://v1.nitj.ac.in/erp/academic_repository/uploads/M5x47cUy0aqlnHNW.pdf,
July-December 2024,M.Tech,2024,GEOTECHNICAL AND GEO-ENVIRONMENTAL ENGINEERING,CE-566,Pavement Geotechnics and Material,Mid Sem,https://v1.nitj.ac.in/erp/academic_repository/uploads/kEoQXzh3b9vHRmFC.pdf,
July-December 2024,M.Tech,2024,GEOTECHNICAL AND GEO-ENVIRONMENTAL ENGINEERING,CE-566,Pavement Geotechnics and Material,End Sem,https://v1.nitj.ac.in/erp/academic_repository/uploads/VPdg5GoszuYxl8QW.pdf,
July-December 2024,M.Tech,2024,CONTROL AND INSTRUMENTATION ENGINEERING,IC-501,Discrete Control Systems,Mid Sem,https://v1.nitj.ac.in/erp/academic_repository/uploads/T7apohnltu5XO0vK.pdf,
July-December 2024,M.Tech,2024,CONTROL AND INSTRUMENTATION ENGINEERING,IC-501,Discrete Control Systems,End Sem,https://v1.nitj.ac.in/erp/academic_repository/uploads/Z0pAEb3D1mN28BxU.pdf,
July-December 2024,M.Tech,2024,CONTROL AND INSTRUMENTATION ENGINEERING,IC-503,Process Control and Instrumentation,Mid Sem,https://v1.nitj.ac.in/erp/academic_repository/uploads/x7PEfGhnkKpT4Feo.pdf,
July-December 2024,M.Tech,2024,CONTROL AND INSTRUMENTATION ENGINEERING,IC-503,Process Control and Instrumentation,End Sem,https://v1.nitj.ac.in/erp/academic_repository/uploads/V1SNLMZHlbQiWgdx.pdf,
July-December 2024,M.Tech,2024,CONTROL AND INSTRUMENTATION ENGINEERING,IC-505,Virtual Instrumentation,Mid Sem,https://v1.nitj.ac.in/erp/academic_repository/uploads/rRiVfPh5xmjw4H2L.pdf,
July-December 2024,M.Tech,2024,CONTROL AND INSTRUMENTATION ENGINEERING,IC-505,Virtual Instrumentation,End Sem,https://v1.nitj.ac.in/erp/academic_repository/uploads/YEGerF7uXQdB1mT0.pdf,
July-December 2024,M.Tech,2024,CONTROL AND INSTRUMENTATION ENGINEERING,IC-507,Embedded Systems,Mid Sem,https://v1.nitj.ac.in/erp/academic_repository/uploads/PSCMdTHEfFkzDlUe.pdf,
July-December 2024,M.Tech,2024,CONTROL AND INSTRUMENTATION ENGINEERING,IC-507,Embedded Systems,End Sem,https://v1.nitj.ac.in/erp/academic_repository/uploads/utVbD08xmz3GNwvd.pdf,
July-December 2024,M.Tech,2024,CONTROL AND INSTRUMENTATION ENGINEERING,IC-581,Advance Measurement Systems,Mid Sem,https://v1.nitj.ac.in/erp/academic_repository/uploads/KJT6EWYjHdAVqbUs.pdf,
July-December 2024,M.Tech,2024,CONTROL AND INSTRUMENTATION ENGINEERING,IC-581,Advance Measurement Systems,End Sem,https://v1.nitj.ac.in/erp/academic_repository/uploads/CFJcLbDga83K0dv5.pdf,
July-December 2024,M.Tech,2024,CONTROL AND INSTRUMENTATION ENGINEERING,IC-593,"PLC, DCS & SCADA",Mid Sem,https://v1.nitj.ac.in/erp/academic_repository/uploads/ox7VHPmpFlDetigN.pdf,
July-December 2024,M.Tech,2024,CONTROL AND INSTRUMENTATION ENGINEERING,IC-593,"PLC, DCS & SCADA",End Sem,https://v1.nitj.ac.in/erp/academic_repository/uploads/n5d21UR9yzjSeuN0.pdf,
July-December 2024,M.Tech,2024,INDUSTRIAL ENGINEERING AND DATA ANALYTICS,IEA-501,Advanced Statistics,Mid Sem,https://v1.nitj.ac.in/erp/academic_repository/uploads/u4aNZcoS90L3xOnA.pdf,
July-December 2024,M.Tech,2024,INDUSTRIAL ENGINEERING AND DATA ANALYTICS,IEA-501,Advanced Statistics,End Sem,https://v1.nitj.ac.in/erp/academic_repository/uploads/iWH6tmrObMfq4KgF.pdf,
July-December 2024,M.Tech,2024,INDUSTRIAL ENGINEERING AND DATA ANALYTICS,IEA-503,Modelling and Simulation,Mid Sem,https://v1.nitj.ac.in/erp/academic_repository/uploads/l6ufoA8hKkZyFvzp.pdf,
July-December 2024,M.Tech,2024,INDUSTRIAL ENGINEERING AND DATA ANALYTICS,IEA-503,Modelling and Simulation,End Sem,https://v1.nitj.ac.in/erp/academic_repository/uploads/DspPlWLgAROnihw6.pdf,
July-December 2024,M.Tech,2024,INDUSTRIAL ENGINEERING AND DATA ANALYTICS,IEA-505,Work Systems Design,Mid Sem,https://v1.nitj.ac.in/erp/academic_repository/uploads/yF0r4et3HGAXspkl.pdf,
July-December 2024,M.Tech,2024,INDUSTRIAL ENGINEERING AND DATA ANALYTICS,IEA-505,Work Systems Design,End Sem,https://v1.nitj.ac.in/erp/academic_repository/uploads/JbTzIouPW95erSBR.pdf,
July-December 2024,M.Tech,2024,INDUSTRIAL ENGINEERING AND DATA ANALYTICS,IEA-507,Advanced Operations Research,Mid Sem,https://v1.nitj.ac.in/erp/academic_repository/uploads/ixIctq5SdVwHyEhu.pdf,
July-December 2024,M.Tech,2024,INDUSTRIAL ENGINEERING AND DATA ANALYTICS,IEA-507,Advanced Operations Research,End Sem,https://v1.nitj.ac.in/erp/academic_repository/uploads/3Q6FPVgBA9OtTZ0w.pdf,
July-December 2024,M.Tech,2024,INDUSTRIAL ENGINEERING AND DATA ANALYTICS,IEA-509,Quality Management,Mid Sem,https://v1.nitj.ac.in/erp/academic_repository/uploads/HkgWUw9mxPSurQR3.pdf,
July-December 2024,M.Tech,2024,INDUSTRIAL ENGINEERING AND DATA ANALYTICS,IEA-509,Quality Management,End Sem,https://v1.nitj.ac.in/erp/academic_repository/uploads/DHn9jqY6QMPCiZvu.pdf,
July-December 2024,M.Tech,2024,INDUSTRIAL ENGINEERING AND DATA ANALYTICS,IEA-544,Management Information Systems,Mid Sem,https://v1.nitj.ac.in/erp/academic_repository/uploads/yINM9XtAzioCUFH7.pdf,
July-December 2024,M.Tech,2024,INDUSTRIAL ENGINEERING AND DATA ANALYTICS,IEA-544,Management Information Systems,End Sem,https://v1.nitj.ac.in/erp/academic_repository/uploads/1mPaOMXK0NjdgtTD.pdf,
July-December 2024,M.Tech,2024,COMPUTER SCIENCE AND ENGINEERING (INFORMATION SECURITY),CS-503,Advanced Databases and Data Mining,Mid Sem,https://v1.nitj.ac.in/erp/academic_repository/uploads/pUAbIQRDvxrB2ZTn.pdf,
July-December 2024,M.Tech,2024,COMPUTER SCIENCE AND ENGINEERING (INFORMATION SECURITY),CS-503,Advanced Databases and Data Mining,End Sem,https://v1.nitj.ac.in/erp/academic_repository/uploads/Z1y0mhQG7xTagHMN.pdf,
July-December 2024,M.Tech,2024,COMPUTER SCIENCE AND ENGINEERING (INFORMATION SECURITY),CS-504,Advanced Data Structures and Algorithms,Mid Sem,https://v1.nitj.ac.in/erp/academic_repository/uploads/SIEuGPqVUhOreoLv.pdf,
July-December 2024,M.Tech,2024,COMPUTER SCIENCE AND ENGINEERING (INFORMATION SECURITY),CS-504,Advanced Data Structures and Algorithms,End Sem,https://v1.nitj.ac.in/erp/academic_repository/uploads/QdLct1I8Du6NzrxF.pdf,
July-December 2024,M.Tech,2024,COMPUTER SCIENCE AND ENGINEERING (INFORMATION SECURITY),CS-540,Statistical Methods for Research,Mid Sem,https://v1.nitj.ac.in/erp/academic_repository/uploads/s8ImHapiSzj0T4h9.pdf,
July-December 2024,M.Tech,2024,COMPUTER SCIENCE AND ENGINEERING (INFORMATION SECURITY),CS-540,Statistical Methods for Research,End Sem,https://v1.nitj.ac.in/erp/academic_repository/uploads/iVaTevJsx6fyQIZj.pdf,
July-December 2024,M.Tech,2024,COMPUTER SCIENCE AND ENGINEERING (INFORMATION SECURITY),CS-551,Security Engineering,Mid Sem,https://v1.nitj.ac.in/erp/academic_repository/uploads/BteHjPKUW0sp95q7.pdf,
July-December 2024,M.Tech,2024,COMPUTER SCIENCE AND ENGINEERING (INFORMATION SECURITY),CS-551,Security Engineering,End Sem,https://v1.nitj.ac.in/erp/academic_repository/uploads/R4MJrNipQLnb69oC.pdf,
July-December 2024,M.Tech,2024,COMPUTER SCIENCE AND ENGINEERING (INFORMATION SECURITY),CS-553,Distributed Computing Systems,Mid Sem,https://v1.nitj.ac.in/erp/academic_repository/uploads/BWwNHJ2oeQIS9UPx.pdf,
July-December 2024,M.Tech,2024,COMPUTER SCIENCE AND ENGINEERING (INFORMATION SECURITY),CS-553,Distributed Computing Systems,End Sem,https://v1.nitj.ac.in/erp/academic_repository/uploads/LwvcyAhkzetprYUN.pdf,
July-December 2024,M.Tech,2024,COMPUTER SCIENCE AND ENGINEERING (INFORMATION SECURITY),CS-569,Computer Intrusion Detection,Mid Sem,https://v1.nitj.ac.in/erp/academic_repository/uploads/WgZpJvwbMemBOXPQ.pdf,
July-December 2024,M.Tech,2024,COMPUTER SCIENCE AND ENGINEERING (INFORMATION SECURITY),CS-569,Computer Intrusion Detection,End Sem,https://v1.nitj.ac.in/erp/academic_repository/uploads/1LJA0iQM4b9ETj6d.pdf,
July-December 2024,M.Tech,2024,MATHEMATICS AND COMPUTING,MTMC-501,Discrete Mathematics,Mid Sem,https://v1.nitj.ac.in/erp/academic_repository/uploads/pWP5Aho8t4VkeyTY.pdf,
July-December 2024,M.Tech,2024,MATHEMATICS AND COMPUTING,MTMC-501,Discrete Mathematics,End Sem,https://v1.nitj.ac.in/erp/academic_repository/uploads/TSHns68od1eWzRIP.pdf,
July-December 2024,M.Tech,2024,MATHEMATICS AND COMPUTING,MTMC-503,Mathematical Statistics and Data Analysis,Mid Sem,https://v1.nitj.ac.in/erp/academic_repository/uploads/zXCWHtc87ykLsBml.pdf,
July-December 2024,M.Tech,2024,MATHEMATICS AND COMPUTING,MTMC-503,Mathematical Statistics and Data Analysis,End Sem,https://v1.nitj.ac.in/erp/academic_repository/uploads/Qwcnuv5qHGr0kfjJ.pdf,
July-December 2024,M.Tech,2024,MATHEMATICS AND COMPUTING,MTMC-505,Data Structures and Algorithms,Mid Sem,https://v1.nitj.ac.in/erp/academic_repository/uploads/P0K78jfCurvpVykc.pdf,
July-December 2024,M.Tech,2024,MATHEMATICS AND COMPUTING,MTMC-505,Data Structures and Algorithms,End Sem,https://v1.nitj.ac.in/erp/academic_repository/uploads/GL13zATxDQMWY4vS.pdf,
July-December 2024,M.Tech,2024,MATHEMATICS AND COMPUTING,MTMC-507,Optimization Techniques,Mid Sem,https://v1.nitj.ac.in/erp/academic_repository/uploads/AO6NSC7X0bJdtkzu.pdf,
July-December 2024,M.Tech,2024,MATHEMATICS AND COMPUTING,MTMC-507,Optimization Techniques,End Sem,https://v1.nitj.ac.in/erp/academic_repository/uploads/hnxyCGEAO73ZNrXu.pdf,
July-December 2024,M.Tech,2024,MATHEMATICS AND COMPUTING,MTMC-513,Mathematical Methods (Elective-II),Mid Sem,https://v1.nitj.ac.in/erp/academic_repository/uploads/kdTQe6loOjtKIwWv.pdf,
July-December 2024,M.Tech,2024,MATHEMATICS AND COMPUTING,MTMC-513,Mathematical Methods (Elective-II),End Sem,https://v1.nitj.ac.in/erp/academic_repository/uploads/RQTzhl8K3Crj7wPk.pdf,
July-December 2024,M.Tech,2024,MATHEMATICS AND COMPUTING,MTMC-521,Soft Computing,Mid Sem,https://v1.nitj.ac.in/erp/academic_repository/uploads/B1pDacQYurTLA4I5.pdf,
July-December 2024,M.Tech,2024,MATHEMATICS AND COMPUTING,MTMC-521,Soft Computing,End Sem,https://v1.nitj.ac.in/erp/academic_repository/uploads/dMCShUR8N0HGtVrp.pdf,
July-December 2024,M.Tech,2024,MACHINE INTELLIGENCE AND AUTOMATION,IC-603,Sensor Networks and Industrial Internet of Things System,Mid Sem,https://v1.nitj.ac.in/erp/academic_repository/uploads/H6XQ1lD8P9EpqgSj.pdf,
July-December 2024,M.Tech,2024,MACHINE INTELLIGENCE AND AUTOMATION,IC-603,Sensor Networks and Industrial Internet of Things System,End Sem,https://v1.nitj.ac.in/erp/academic_repository/uploads/9qeZxCTfdIsJh3n1.pdf,
July-December 2024,M.Tech,2024,MACHINE INTELLIGENCE AND AUTOMATION,IC-605,Industrial Automation and Robotics,Mid Sem,https://v1.nitj.ac.in/erp/academic_repository/uploads/BKOXLMQbGn9U0FHA.pdf,
July-December 2024,M.Tech,2024,MACHINE INTELLIGENCE AND AUTOMATION,IC-605,Industrial Automation and Robotics,End Sem,https://v1.nitj.ac.in/erp/academic_repository/uploads/ObVgtaivF1shjJdH.pdf,
July-December 2024,M.Tech,2024,MACHINE INTELLIGENCE AND AUTOMATION,IC-607,Soft Computing and Optimization,Mid Sem,https://v1.nitj.ac.in/erp/academic_repository/uploads/YlFdOc79QINZiDP3.pdf,
July-December 2024,M.Tech,2024,MACHINE INTELLIGENCE AND AUTOMATION,IC-607,Soft Computing and Optimization,End Sem,https://v1.nitj.ac.in/erp/academic_repository/uploads/oCn8iBcF6L95fWta.pdf,
July-December 2024,M.Tech,2024,MACHINE INTELLIGENCE AND AUTOMATION,IC-609,Machine Learning & Data Analytics,Mid Sem,https://v1.nitj.ac.in/erp/academic_repository/uploads/B8j6vH5gxnpR0sbd.pdf,
July-December 2024,M.Tech,2024,MACHINE INTELLIGENCE AND AUTOMATION,IC-609,Machine Learning & Data Analytics,End Sem,https://v1.nitj.ac.in/erp/academic_repository/uploads/ViGvYJgkTwm09tco.pdf,
July-December 2024,M.Tech,2024,MACHINE INTELLIGENCE AND AUTOMATION,IC-637,Brain Computer Intelligence,Mid Sem,https://v1.nitj.ac.in/erp/academic_repository/uploads/iCtw3F5f20Zl4ruV.pdf,
July-December 2024,M.Tech,2024,MACHINE INTELLIGENCE AND AUTOMATION,IC-637,Brain Computer Intelligence,End Sem,https://v1.nitj.ac.in/erp/academic_repository/uploads/txD4jdpewEVF3qBP.pdf,
July-December 2024,M.Tech,2024,MACHINE INTELLIGENCE AND AUTOMATION,IC-650,Essential Mathematics for Machine Intelligence,Mid Sem,https://v1.nitj.ac.in/erp/academic_repository/uploads/RJtViIXScY3z4dUQ.pdf,
July-December 2024,M.Tech,2024,MACHINE INTELLIGENCE AND AUTOMATION,IC-650,Essential Mathematics for Machine Intelligence,End Sem,https://v1.nitj.ac.in/erp/academic_repository/uploads/mNTSxjqPeVbu4gOG.pdf,
July-December 2024,M.Tech,2024,MACHINE INTELLIGENCE AND AUTOMATION,MIA-501,Sensor Networks and Industrial Internet of Things System,Mid Sem,https://v1.nitj.ac.in/erp/academic_repository/uploads/IbGNeQR8Bufj6Hxs.pdf,
July-December 2024,M.Tech,2024,MACHINE INTELLIGENCE AND AUTOMATION,MIA-505,Soft Computing and Optimization,Mid Sem,https://v1.nitj.ac.in/erp/academic_repository/uploads/PZMafFpjs3gqXVBO.pdf,
July-December 2024,M.Tech,2024,MACHINE INTELLIGENCE AND AUTOMATION,MIA-507,Machine Learning & Data Analytics,Mid Sem,https://v1.nitj.ac.in/erp/academic_repository/uploads/mNIhSYicra97pOQs.pdf,
July-December 2024,M.Tech,2024,MACHINE INTELLIGENCE AND AUTOMATION,MIA-608,Brain Computer Intelligence,Mid Sem,https://v1.nitj.ac.in/erp/academic_repository/uploads/gKU5hVHqezyM2lQX.pdf,
July-December 2024,M.Tech,2024,POWER SYSTEMS AND RELIABILITY,PSR-521,Smart Grid Technology,Mid Sem,https://v1.nitj.ac.in/erp/academic_repository/uploads/R8dqI9iC2oJmcuGU.pdf,
July-December 2024,M.Tech,2024,POWER SYSTEMS AND RELIABILITY,PSR-521,Smart Grid Technology,End Sem,https://v1.nitj.ac.in/erp/academic_repository/uploads/2NH1XRyBkEtgJpn6.pdf,
July-December 2024,M.Tech,2024,POWER SYSTEMS AND RELIABILITY,PSR-523,Power System Automation,Mid Sem,https://v1.nitj.ac.in/erp/academic_repository/uploads/I51woAEHSUXpziZQ.pdf,
July-December 2024,M.Tech,2024,POWER SYSTEMS AND RELIABILITY,PSR-523,Power System Automation,End Sem,https://v1.nitj.ac.in/erp/academic_repository/uploads/QLVkw2ujl58Ov9M1.pdf,
July-December 2024,M.Tech,2024,POWER SYSTEMS AND RELIABILITY,PSR-560,Advance Relaying and Protection,Mid Sem,https://v1.nitj.ac.in/erp/academic_repository/uploads/TsmjUcIho4x5a83r.pdf,
July-December 2024,M.Tech,2024,POWER SYSTEMS AND RELIABILITY,PSR-560,Advance Relaying and Protection,End Sem,https://v1.nitj.ac.in/erp/academic_repository/uploads/0TyKUo4Cimf1lOFd.pdf,
July-December 2024,M.Tech,2024,RENEWABLE ENERGY,RE-501,Introduction to Renewable Energy systems,Mid Sem,https://v1.nitj.ac.in/erp/academic_repository/uploads/obtMSwBZvCEf2zdh.pdf,
July-December 2024,M.Tech,2024,RENEWABLE ENERGY,RE-501,Introduction to Renewable Energy systems,End Sem,https://v1.nitj.ac.in/erp/academic_repository/uploads/fQTGyLKUPkVrBX0d.pdf,
July-December 2024,M.Tech,2024,RENEWABLE ENERGY,RE-503,Fundamentals of Energy and Environment,Mid Sem,https://v1.nitj.ac.in/erp/academic_repository/uploads/49RSw650eBaytI2p.pdf,
July-December 2024,M.Tech,2024,RENEWABLE ENERGY,RE-503,Fundamentals of Energy and Environment,End Sem,https://v1.nitj.ac.in/erp/academic_repository/uploads/1bC7NZ6FUOz4Mucx.pdf,
July-December 2024,M.Tech,2024,RENEWABLE ENERGY,RE-505,Solar Photovoltaic Devices and Systems,Mid Sem,https://v1.nitj.ac.in/erp/academic_repository/uploads/Zb60s9cnHkGqp8el.pdf,
July-December 2024,M.Tech,2024,RENEWABLE ENERGY,RE-505,Solar Photovoltaic Devices and Systems,End Sem,https://v1.nitj.ac.in/erp/academic_repository/uploads/pFGMK3CAn67XHJko.pdf,
July-December 2024,M.Tech,2024,RENEWABLE ENERGY,RE-507,Bio-Energy and Biofuels,Mid Sem,https://v1.nitj.ac.in/erp/academic_repository/uploads/2aCpUMAViT1bJqFQ.pdf,
July-December 2024,M.Tech,2024,RENEWABLE ENERGY,RE-507,Bio-Energy and Biofuels,End Sem,https://v1.nitj.ac.in/erp/academic_repository/uploads/O2r95pwcjXUz0oeR.pdf,
July-December 2024,M.Tech,2024,RENEWABLE ENERGY,RE-509,Wind and Small Hydro Energy Systems,Mid Sem,https://v1.nitj.ac.in/erp/academic_repository/uploads/JaK3yVe15PH9MAdL.pdf,
July-December 2024,M.Tech,2024,RENEWABLE ENERGY,RE-509,Wind and Small Hydro Energy Systems,End Sem,https://v1.nitj.ac.in/erp/academic_repository/uploads/5iGq2473eEbTZXQx.pdf,
July-December 2024,M.Tech,2024,RENEWABLE ENERGY,RE-511,Process Modeling & Simulation in Renewable Energy Systems,Mid Sem,https://v1.nitj.ac.in/erp/academic_repository/uploads/VEqkb9QCK7Lt0fXx.pdf,
July-December 2024,M.Tech,2024,RENEWABLE ENERGY,RE-511,Process Modeling & Simulation in Renewable Energy Systems,End Sem,https://v1.nitj.ac.in/erp/academic_repository/uploads/kflQRFzySqWXc4xM.pdf,
July-December 2024,M.Tech,2024,RENEWABLE ENERGY,RE-526,Micro-Grid Operation and Control,Mid Sem,https://v1.nitj.ac.in/erp/academic_repository/uploads/ztx9LhsOPFAuYwIl.pdf,
July-December 2024,M.Tech,2024,RENEWABLE ENERGY,RE-526,Micro-Grid Operation and Control,End Sem,https://v1.nitj.ac.in/erp/academic_repository/uploads/arQyNJD3A27PKU4w.pdf,
July-December 2024,M.Tech,2024,STRUCTURAL AND CONSTRUCTION ENGINEERING,CE-501,Advanced Solid Mechanics,Mid Sem,https://v1.nitj.ac.in/erp/academic_repository/uploads/myJnEXs0VTqUri4A.pdf,
July-December 2024,M.Tech,2024,STRUCTURAL AND CONSTRUCTION ENGINEERING,CE-501,Advanced Solid Mechanics,End Sem,https://v1.nitj.ac.in/erp/academic_repository/uploads/U8JcLWB3TkX5RaYG.pdf,
July-December 2024,M.Tech,2024,STRUCTURAL AND CONSTRUCTION ENGINEERING,CE-502,Advanced Reinforced Concrete Design,Mid Sem,https://v1.nitj.ac.in/erp/academic_repository/uploads/5GgwJzysZ0mPWS3f.pdf,
July-December 2024,M.Tech,2024,STRUCTURAL AND CONSTRUCTION ENGINEERING,CE-502,Advanced Reinforced Concrete Design,End Sem,https://v1.nitj.ac.in/erp/academic_repository/uploads/EOjJnB6qy25cPRbW.pdf,
July-December 2024,M.Tech,2024,STRUCTURAL AND CONSTRUCTION ENGINEERING,CE-503,Structural Dynamics,Mid Sem,https://v1.nitj.ac.in/erp/academic_repository/uploads/P69JpNzqErf5YcFm.pdf,
July-December 2024,M.Tech,2024,STRUCTURAL AND CONSTRUCTION ENGINEERING,CE-503,Structural Dynamics,End Sem,https://v1.nitj.ac.in/erp/academic_repository/uploads/gztRqk6yEOQCpGAJ.pdf,
July-December 2024,M.Tech,2024,STRUCTURAL AND CONSTRUCTION ENGINEERING,CE-507,Advanced Structural Analysis,Mid Sem,https://v1.nitj.ac.in/erp/academic_repository/uploads/6KsZ9NtoPgQ3T4RY.pdf,
July-December 2024,M.Tech,2024,STRUCTURAL AND CONSTRUCTION ENGINEERING,CE-507,Advanced Structural Analysis,End Sem,https://v1.nitj.ac.in/erp/academic_repository/uploads/ZslvJSPoRKhGx80E.pdf,
July-December 2024,M.Tech,2024,STRUCTURAL AND CONSTRUCTION ENGINEERING,CE-508,Advanced Construction Practices,Mid Sem,https://v1.nitj.ac.in/erp/academic_repository/uploads/OzownPMiRqvmceXx.pdf,
July-December 2024,M.Tech,2024,STRUCTURAL AND CONSTRUCTION ENGINEERING,CE-508,Advanced Construction Practices,End Sem,https://v1.nitj.ac.in/erp/academic_repository/uploads/XCPm23hnAD76yV5j.pdf,
July-December 2024,M.Tech,2024,STRUCTURAL AND CONSTRUCTION ENGINEERING,CE-541,Pavement Design,Mid Sem,https://v1.nitj.ac.in/erp/academic_repository/uploads/xprDiVCvun7s2L54.pdf,
July-December 2024,M.Tech,2024,STRUCTURAL AND CONSTRUCTION ENGINEERING,CE-541,Pavement Design,End Sem,https://v1.nitj.ac.in/erp/academic_repository/uploads/0S9YLbZpOABG1WKe.pdf,
July-December 2024,M.Tech,2024,SIGNAL PROCESSING AND MACHINE LEARNING,EC-501,Advanced Signal Processing,Mid Sem,https://v1.nitj.ac.in/erp/academic_repository/uploads/l1cqybWajGKUnBY5.pdf,
July-December 2024,M.Tech,2024,SIGNAL PROCESSING AND MACHINE LEARNING,EC-501,Advanced Signal Processing,End Sem,https://v1.nitj.ac.in/erp/academic_repository/uploads/rczDfYTlk8QbpRuq.pdf,
July-December 2024,M.Tech,2024,SIGNAL PROCESSING AND MACHINE LEARNING,EC-503,Probability and Stochastic Processes,Mid Sem,https://v1.nitj.ac.in/erp/academic_repository/uploads/GXQMWHyrVAI5Zoe9.pdf,
July-December 2024,M.Tech,2024,SIGNAL PROCESSING AND MACHINE LEARNING,EC-503,Probability and Stochastic Processes,Mid Sem,https://v1.nitj.ac.in/erp/academic_repository/uploads/39N48GWjcHYPOsZF.pdf,
July-December 2024,M.Tech,2024,SIGNAL PROCESSING AND MACHINE LEARNING,EC-503,Probability and Stochastic Processes,End Sem,https://v1.nitj.ac.in/erp/academic_repository/uploads/mo9iJZvqBaHcln7j.pdf,
July-December 2024,M.Tech,2024,SIGNAL PROCESSING AND MACHINE LEARNING,EC-505,Introduction to Machine Learning,Mid Sem,https://v1.nitj.ac.in/erp/academic_repository/uploads/oTJCyOid1uDvRM5Y.pdf,
July-December 2024,M.Tech,2024,SIGNAL PROCESSING AND MACHINE LEARNING,EC-505,Introduction to Machine Learning,Mid Sem,https://v1.nitj.ac.in/erp/academic_repository/uploads/Sh9jkiWJpmOot6rQ.pdf,
July-December 2024,M.Tech,2024,SIGNAL PROCESSING AND MACHINE LEARNING,EC-505,Introduction to Machine Learning,End Sem,https://v1.nitj.ac.in/erp/academic_repository/uploads/VHbzD10u6PdBEilv.pdf,
July-December 2024,M.Tech,2024,SIGNAL PROCESSING AND MACHINE LEARNING,EC-507,Applied Linear Algebra and Optimization,Mid Sem,https://v1.nitj.ac.in/erp/academic_repository/uploads/pVIgDNk1WtOnSiXq.pdf,
July-December 2024,M.Tech,2024,SIGNAL PROCESSING AND MACHINE LEARNING,EC-507,Applied Linear Algebra and Optimization,End Sem,https://v1.nitj.ac.in/erp/academic_repository/uploads/ocwOyt7eKC0jiLBE.pdf,
July-December 2024,M.Tech,2024,SIGNAL PROCESSING AND MACHINE LEARNING,EC-511,Advanced Signal Processing Laboratory,Mid Sem,https://v1.nitj.ac.in/erp/academic_repository/uploads/IwbN29z3ixmujGyt.pdf,
July-December 2024,M.Tech,2024,SIGNAL PROCESSING AND MACHINE LEARNING,EC-511,Advanced Signal Processing Laboratory,End Sem,https://v1.nitj.ac.in/erp/academic_repository/uploads/3MT5xj96IhecodtH.pdf,
July-December 2024,M.Tech,2024,SIGNAL PROCESSING AND MACHINE LEARNING,EC-626,Wireless Sensor Networks,Mid Sem,https://v1.nitj.ac.in/erp/academic_repository/uploads/uB1VXeRaxPYiknoU.pdf,
July-December 2024,M.Tech,2024,SIGNAL PROCESSING AND MACHINE LEARNING,EC-626,Wireless Sensor Networks,End Sem,https://v1.nitj.ac.in/erp/academic_repository/uploads/WHyukCUgxRBrXPOn.pdf,
July-December 2024,M.Tech,2024,SIGNAL PROCESSING AND MACHINE LEARNING,EC-643,Data Communication Networks,Mid Sem,https://v1.nitj.ac.in/erp/academic_repository/uploads/4dBypRtZfmwJ9HMq.pdf,
July-December 2024,M.Tech,2024,SIGNAL PROCESSING AND MACHINE LEARNING,EC-643,Data Communication Networks,End Sem,https://v1.nitj.ac.in/erp/academic_repository/uploads/O4g7b8NwnqCJ3sto.pdf,
July-December 2024,M.Tech,2024,THERMAL AND ENERGY ENGINEERING,MA-553,Computational Methods in Engineering,Mid Sem,https://v1.nitj.ac.in/erp/academic_repository/uploads/TouI8qCxlGzrLO45.pdf,
July-December 2024,M.Tech,2024,THERMAL AND ENERGY ENGINEERING,MA-553,Computational Methods in Engineering,End Sem,https://v1.nitj.ac.in/erp/academic_repository/uploads/aDfLGOqbp1w8QTF0.pdf,
July-December 2024,M.Tech,2024,THERMAL AND ENERGY ENGINEERING,ME-551,Advanced Thermodynamics,Mid Sem,https://v1.nitj.ac.in/erp/academic_repository/uploads/smUp3eJ7gRlryH41.pdf,
July-December 2024,M.Tech,2024,THERMAL AND ENERGY ENGINEERING,ME-551,Advanced Thermodynamics,End Sem,https://v1.nitj.ac.in/erp/academic_repository/uploads/0liOSxzcNQ9Idu7t.pdf,
July-December 2024,M.Tech,2024,THERMAL AND ENERGY ENGINEERING,ME-553,Advanced Heat Transfer,Mid Sem,https://v1.nitj.ac.in/erp/academic_repository/uploads/PBgoL9KEDwrR0z7A.pdf,
July-December 2024,M.Tech,2024,THERMAL AND ENERGY ENGINEERING,ME-553,Advanced Heat Transfer,End Sem,https://v1.nitj.ac.in/erp/academic_repository/uploads/qZHxD31EsmtK0cQT.pdf,
July-December 2024,M.Tech,2024,THERMAL AND ENERGY ENGINEERING,ME-555,Computational Fluid Dynamics,Mid Sem,https://v1.nitj.ac.in/erp/academic_repository/uploads/NIyzJi2mjUTL4rkp.pdf,
July-December 2024,M.Tech,2024,THERMAL AND ENERGY ENGINEERING,ME-555,Computational Fluid Dynamics,End Sem,https://v1.nitj.ac.in/erp/academic_repository/uploads/gxwsv1JTPYbKNCdB.pdf,
July-December 2024,M.Tech,2024,THERMAL AND ENERGY ENGINEERING,ME-566,Heat Exchangers,Mid Sem,https://v1.nitj.ac.in/erp/academic_repository/uploads/qEBhikZO1FCbG7cA.pdf,
July-December 2024,M.Tech,2024,THERMAL AND ENERGY ENGINEERING,ME-566,Heat Exchangers,End Sem,https://v1.nitj.ac.in/erp/academic_repository/uploads/Yt3Tl6AEX0J4ik87.pdf,
July-December 2024,M.Tech,2024,THERMAL AND ENERGY ENGINEERING,ME-567,Advanced Steam Power Plants,Mid Sem,https://v1.nitj.ac.in/erp/academic_repository/uploads/42RhnB7NZrKtyk0l.pdf,
July-December 2024,M.Tech,2024,THERMAL AND ENERGY ENGINEERING,ME-567,Advanced Steam Power Plants,End Sem,https://v1.nitj.ac.in/erp/academic_repository/uploads/ZYvJBV78jq9osNOx.pdf,
July-December 2024,M.Tech,2024,TEXTILE ENGINEERING AND MANAGEMENT,TT-501,Advances in Fibre Production,Mid Sem,https://v1.nitj.ac.in/erp/academic_repository/uploads/Voe97zh8jR6QESDG.pdf,
July-December 2024,M.Tech,2024,TEXTILE ENGINEERING AND MANAGEMENT,TT-501,Advances in Fibre Production,End Sem,https://v1.nitj.ac.in/erp/academic_repository/uploads/r5k2DifJEcYTmlBO.pdf,
July-December 2024,M.Tech,2024,TEXTILE ENGINEERING AND MANAGEMENT,TT-503,Advances in Yarn Production,Mid Sem,https://v1.nitj.ac.in/erp/academic_repository/uploads/RBpY2xMhqlWT75Hr.pdf,
July-December 2024,M.Tech,2024,TEXTILE ENGINEERING AND MANAGEMENT,TT-503,Advances in Yarn Production,End Sem,https://v1.nitj.ac.in/erp/academic_repository/uploads/TpzKDl8RaZSex5AV.pdf,
July-December 2024,M.Tech,2024,TEXTILE ENGINEERING AND MANAGEMENT,TT-505,Advances in Fabric Production,Mid Sem,https://v1.nitj.ac.in/erp/academic_repository/uploads/oDTIz8JFCmMPHEX1.pdf,
July-December 2024,M.Tech,2024,TEXTILE ENGINEERING AND MANAGEMENT,TT-505,Advances in Fabric Production,End Sem,https://v1.nitj.ac.in/erp/academic_repository/uploads/XPnHd1OEl2WS6tDM.pdf,
July-December 2024,M.Tech,2024,TEXTILE ENGINEERING AND MANAGEMENT,TT-507,Advances in Coloration and Finishing Technology,Mid Sem,https://v1.nitj.ac.in/erp/academic_repository/uploads/4V1N8xFcvkn7oybZ.pdf,
July-December 2024,M.Tech,2024,TEXTILE ENGINEERING AND MANAGEMENT,TT-507,Advances in Coloration and Finishing Technology,End Sem,https://v1.nitj.ac.in/erp/academic_repository/uploads/P5zUa6g9VA1dq4R0.pdf,
July-December 2024,M.Tech,2024,TEXTILE ENGINEERING AND MANAGEMENT,TT-509,"Costing, Project Formulation and Appraisal",Mid Sem,https://v1.nitj.ac.in/erp/academic_repository/uploads/9MPdnZ1KI2k7Bsm8.pdf,
July-December 2024,M.Tech,2024,TEXTILE ENGINEERING AND MANAGEMENT,TT-509,"Costing, Project Formulation and Appraisal",End Sem,https://v1.nitj.ac.in/erp/academic_repository/uploads/wWgh2CjpD1FOL7mE.pdf,
July-December 2024,M.Tech,2024,TEXTILE ENGINEERING AND MANAGEMENT,TT-531,Technical Textiles,Mid Sem,https://v1.nitj.ac.in/erp/academic_repository/uploads/lxTkUO5QBnbD2cmp.pdf,
July-December 2024,M.Tech,2024,TEXTILE ENGINEERING AND MANAGEMENT,TT-531,Technical Textiles,End Sem,https://v1.nitj.ac.in/erp/academic_repository/uploads/Rfc6lAoeuigBr7Y3.pdf,
July-December 2024,M.Tech,2024,TEXTILE TECHNOLOGY,TT-501,Advances in Fibre Production,Mid Sem,https://v1.nitj.ac.in/erp/academic_repository/uploads/Maw6l0DkuWgEJpvI.pdf,
July-December 2024,M.Tech,2024,TEXTILE TECHNOLOGY,TT-501,Advances in Fibre Production,End Sem,https://v1.nitj.ac.in/erp/academic_repository/uploads/hkxJN0vwgKaG8fHX.pdf,
July-December 2024,M.Tech,2024,TEXTILE TECHNOLOGY,TTP-501,Advances in Yarn Production,Mid Sem,https://v1.nitj.ac.in/erp/academic_repository/uploads/1UuTrpbnsNSBCk2H.pdf,
July-December 2024,M.Tech,2024,TEXTILE TECHNOLOGY,TTP-501,Advances in Yarn Production,End Sem,https://v1.nitj.ac.in/erp/academic_repository/uploads/2xIXG3WMOn8iCELs.pdf,
July-December 2024,M.Tech,2024,TEXTILE TECHNOLOGY,TTP-503,Knitting and Nonwoven Technology,Mid Sem,https://v1.nitj.ac.in/erp/academic_repository/uploads/bYOgx04hK2mPT16J.pdf,
July-December 2024,M.Tech,2024,TEXTILE TECHNOLOGY,TTP-503,Knitting and Nonwoven Technology,End Sem,https://v1.nitj.ac.in/erp/academic_repository/uploads/AXR2E1xTMnF5brJ3.pdf,
July-December 2024,M.Tech,2024,TEXTILE TECHNOLOGY,TTP-505,Statistical Methods and Design of Experiment,Mid Sem,https://v1.nitj.ac.in/erp/academic_repository/uploads/lFgp20BXJHs7moID.pdf,
July-December 2024,M.Tech,2024,TEXTILE TECHNOLOGY,TTP-505,Statistical Methods and Design of Experiment,End Sem,https://v1.nitj.ac.in/erp/academic_repository/uploads/jZgeQkUb2vLSfm9O.pdf,
July-December 2024,M.Tech,2024,VLSI DESIGN,EC-521,Semiconductor Devices Modeling,Mid Sem,https://v1.nitj.ac.in/erp/academic_repository/uploads/Ow8mdylT6tbzMHrv.pdf,
July-December 2024,M.Tech,2024,VLSI DESIGN,EC-521,Semiconductor Devices Modeling,End Sem,https://v1.nitj.ac.in/erp/academic_repository/uploads/EhlCyzqGsYSWVRap.pdf,
July-December 2024,M.Tech,2024,VLSI DESIGN,EC-523,Digital Design with HDL,Mid Sem,https://v1.nitj.ac.in/erp/academic_repository/uploads/kWomCTOpyR3Vu9Nc.pdf,
July-December 2024,M.Tech,2024,VLSI DESIGN,EC-523,Digital Design with HDL,End Sem,https://v1.nitj.ac.in/erp/academic_repository/uploads/0C7aMsjmH5WTp3lQ.pdf,
July-December 2024,M.Tech,2024,VLSI DESIGN,EC-525,Digital Integrated Circuits,Mid Sem,https://v1.nitj.ac.in/erp/academic_repository/uploads/S0CsWiYTwZGH3bQI.pdf,
July-December 2024,M.Tech,2024,VLSI DESIGN,EC-525,Digital Integrated Circuits,End Sem,https://v1.nitj.ac.in/erp/academic_repository/uploads/2wzXTm0JAlSKIx54.pdf,
July-December 2024,M.Tech,2024,VLSI DESIGN,EC-602,Active and Passive RF Circuits,Mid Sem,https://v1.nitj.ac.in/erp/academic_repository/uploads/vOT0S8CnWJtVXdhs.pdf,
July-December 2024,M.Tech,2024,VLSI DESIGN,EC-602,Active and Passive RF Circuits,Mid Sem,https://v1.nitj.ac.in/erp/academic_repository/uploads/GVPvCsZxFTfWSEB1.pdf,
July-December 2024,M.Tech,2024,VLSI DESIGN,EC-602,Active and Passive RF Circuits,End Sem,https://v1.nitj.ac.in/erp/academic_repository/uploads/LMQob29Ccf6OUHAZ.pdf,
July-December 2024,M.Tech,2024,VLSI DESIGN,EC-618,RF MEMS,Mid Sem,https://v1.nitj.ac.in/erp/academic_repository/uploads/6gwEA8nF2jHkc1oJ.pdf,
July-December 2024,M.Tech,2024,VLSI DESIGN,EC-618,RF MEMS,End Sem,https://v1.nitj.ac.in/erp/academic_repository/uploads/PprVsOUYGCk3vQuH.pdf,
July-December 2024,M.Tech,2024,VLSI DESIGN,EC-629,ASICs and FPGAs,Mid Sem,https://v1.nitj.ac.in/erp/academic_repository/uploads/wAZcDf1bC7hBLv8z.pdf,
July-December 2024,M.Tech,2024,VLSI DESIGN,EC-629,ASICs and FPGAs,End Sem,https://v1.nitj.ac.in/erp/academic_repository/uploads/k0SxzBsgtCiGY872.pdf,
July-December 2024,M.Tech,2023,DESIGN ENGINEERING,ME-601,Independent Study,Mid Sem,https://v1.nitj.ac.in/erp/academic_repository/uploads/SyXEAKmHz8Z9Nri7.pdf,
July-December 2024,M.Tech,2023,DESIGN ENGINEERING,ME-601,Independent Study,End Sem,https://v1.nitj.ac.in/erp/academic_repository/uploads/vVMHyT0Sx1ibIhwk.pdf,
July-December 2024,M.Tech,2023,POWER SYSTEMS AND RELIABILITY,PSR-521,Smart Grid Technology,Mid Sem,https://v1.nitj.ac.in/erp/academic_repository/uploads/V2oQjaufipBRgYUk.pdf,
July-December 2024,M.Tech,2023,POWER SYSTEMS AND RELIABILITY,PSR-521,Smart Grid Technology,End Sem,https://v1.nitj.ac.in/erp/academic_repository/uploads/2tdJkoNL1pDKVShy.pdf,
July-December 2024,M.Tech,2023,POWER SYSTEMS AND RELIABILITY,PSR-523,Power System Automation,Mid Sem,https://v1.nitj.ac.in/erp/academic_repository/uploads/uvhFmZxwEnWc5SLq.pdf,
July-December 2024,M.Tech,2023,POWER SYSTEMS AND RELIABILITY,PSR-523,Power System Automation,End Sem,https://v1.nitj.ac.in/erp/academic_repository/uploads/B5ZTsX0gPhR1E9lK.pdf,
July-December 2024,M.Tech,2023,POWER SYSTEMS AND RELIABILITY,PSR-560,Advance Relaying and Protection,Mid Sem,https://v1.nitj.ac.in/erp/academic_repository/uploads/OjGlubCHqQ52TyWJ.pdf,
July-December 2024,M.Tech,2023,POWER SYSTEMS AND RELIABILITY,PSR-560,Advance Relaying and Protection,End Sem,https://v1.nitj.ac.in/erp/academic_repository/uploads/F2NMgEXojYC6Zsqz.pdf,
July-December 2024,M.Tech,2023,TEXTILE TECHNOLOGY,TTP-507,Advances in Coloration and Finishing Technology,Mid Sem,https://v1.nitj.ac.in/erp/academic_repository/uploads/QnqsySArIDG92E83.pdf,
July-December 2024,M.Tech,2023,TEXTILE TECHNOLOGY,TTP-507,Advances in Coloration and Finishing Technology,End Sem,https://v1.nitj.ac.in/erp/academic_repository/uploads/jgcMGmzTCaD6AVKy.pdf,
July-December 2024,M.Tech,2023,TEXTILE TECHNOLOGY,TTP-517,Structural Mechanics of Yarn,Mid Sem,https://v1.nitj.ac.in/erp/academic_repository/uploads/giSyfL5o78PzaRqk.pdf,
July-December 2024,M.Tech,2023,TEXTILE TECHNOLOGY,TTP-517,Structural Mechanics of Yarn,End Sem,https://v1.nitj.ac.in/erp/academic_repository/uploads/e1HhWqJrTdyabYjl.pdf,
July-December 2024,MBA,2024,HUMANITIES AND MANAGEMENT,HM-551,Principles and Practices of Management and Business Environment,Mid Sem,https://v1.nitj.ac.in/erp/academic_repository/uploads/GXV1cu07wPJUWnR2.pdf,
July-December 2024,MBA,2024,HUMANITIES AND MANAGEMENT,HM-551,Principles and Practices of Management and Business Environment,End Sem,https://v1.nitj.ac.in/erp/academic_repository/uploads/l2tqGPKbAxR0dgI5.pdf,
July-December 2024,MBA,2024,HUMANITIES AND MANAGEMENT,HM-553,Organizational Behaviour and Ethics,Mid Sem,https://v1.nitj.ac.in/erp/academic_repository/uploads/oy6PKTrkaczU4nMS.pdf,
July-December 2024,MBA,2024,HUMANITIES AND MANAGEMENT,HM-553,Organizational Behaviour and Ethics,End Sem,https://v1.nitj.ac.in/erp/academic_repository/uploads/V6wmarnzMhPAvFoY.pdf,
July-December 2024,MBA,2024,HUMANITIES AND MANAGEMENT,HM-555,Financial Accounting,Mid Sem,https://v1.nitj.ac.in/erp/academic_repository/uploads/0RAjyqJLBmws1v58.pdf,
July-December 2024,MBA,2024,HUMANITIES AND MANAGEMENT,HM-555,Financial Accounting,End Sem,https://v1.nitj.ac.in/erp/academic_repository/uploads/4c8LnmSKprjTPXlB.pdf,
July-December 2024,MBA,2024,HUMANITIES AND MANAGEMENT,HM-557,Quantitative Techniques in Business,Mid Sem,https://v1.nitj.ac.in/erp/academic_repository/uploads/fqCdTiLIW9gPEeUv.pdf,
July-December 2024,MBA,2024,HUMANITIES AND MANAGEMENT,HM-557,Quantitative Techniques in Business,End Sem,https://v1.nitj.ac.in/erp/academic_repository/uploads/SzRND8t06ejLIhqf.pdf,
July-December 2024,MBA,2024,HUMANITIES AND MANAGEMENT,HM-559,Managerial Economics,Mid Sem,https://v1.nitj.ac.in/erp/academic_repository/uploads/fu6ZjrMnSXEOJlAy.pdf,
July-December 2024,MBA,2024,HUMANITIES AND MANAGEMENT,HM-559,Managerial Economics,End Sem,https://v1.nitj.ac.in/erp/academic_repository/uploads/9bKU3gRSyQ6qlVuB.pdf,
July-December 2024,MBA,2023,HUMANITIES AND MANAGEMENT,HM-565,Legal Aspects of Business,Mid Sem,https://v1.nitj.ac.in/erp/academic_repository/uploads/HKGSL0gwRBxrNkAD.pdf,
July-December 2024,MBA,2023,HUMANITIES AND MANAGEMENT,HM-565,Legal Aspects of Business,End Sem,https://v1.nitj.ac.in/erp/academic_repository/uploads/MDcvSk4Cb7KYPAnr.pdf,
July-December 2024,MBA,2023,HUMANITIES AND MANAGEMENT,HM-567,Operations Management,Mid Sem,https://v1.nitj.ac.in/erp/academic_repository/uploads/EGUdNQcw8K1tJkAP.pdf,
July-December 2024,MBA,2023,HUMANITIES AND MANAGEMENT,HM-567,Operations Management,End Sem,https://v1.nitj.ac.in/erp/academic_repository/uploads/6uLrUqS2ZMaCFhKO.pdf,
July-December 2024,MBA,2023,HUMANITIES AND MANAGEMENT,HM-571,Consumer Behaviour,Mid Sem,https://v1.nitj.ac.in/erp/academic_repository/uploads/YDWwl6j4h3sG7TRk.pdf,
July-December 2024,MBA,2023,HUMANITIES AND MANAGEMENT,HM-571,Consumer Behaviour,End Sem,https://v1.nitj.ac.in/erp/academic_repository/uploads/Nz2EAMZYwRf0Jb18.pdf,
July-December 2024,MBA,2023,HUMANITIES AND MANAGEMENT,HM-573,Marketing of Services,Mid Sem,https://v1.nitj.ac.in/erp/academic_repository/uploads/LZ1P0Qj8xObXRond.pdf,
July-December 2024,MBA,2023,HUMANITIES AND MANAGEMENT,HM-573,Marketing of Services,End Sem,https://v1.nitj.ac.in/erp/academic_repository/uploads/WLe9fUzD8cBKaOYp.pdf,
July-December 2024,MBA,2023,HUMANITIES AND MANAGEMENT,HM-577,Green Marketing,Mid Sem,https://v1.nitj.ac.in/erp/academic_repository/uploads/CLyUW5FxkVafg9Hq.pdf,
July-December 2024,MBA,2023,HUMANITIES AND MANAGEMENT,HM-577,Green Marketing,End Sem,https://v1.nitj.ac.in/erp/academic_repository/uploads/GVNY0ozUJetBukEn.pdf,
July-December 2024,MBA,2023,HUMANITIES AND MANAGEMENT,HM-581,Management of Financial Services and Institutions,Mid Sem,https://v1.nitj.ac.in/erp/academic_repository/uploads/4ExkDcM31a2H8STg.pdf,
July-December 2024,MBA,2023,HUMANITIES AND MANAGEMENT,HM-581,Management of Financial Services and Institutions,End Sem,https://v1.nitj.ac.in/erp/academic_repository/uploads/vMl0ALHOsSYfVT3K.pdf,
July-December 2024,MBA,2023,HUMANITIES AND MANAGEMENT,HM-583,Security Analysis and Portfolio Management,Mid Sem,https://v1.nitj.ac.in/erp/academic_repository/uploads/u0Z3O1FeNXtWbxGg.pdf,
July-December 2024,MBA,2023,HUMANITIES AND MANAGEMENT,HM-583,Security Analysis and Portfolio Management,End Sem,https://v1.nitj.ac.in/erp/academic_repository/uploads/gAPB8c3aG9jxMFk5.pdf,
July-December 2024,MBA,2023,HUMANITIES AND MANAGEMENT,HM-584,Project and Infrastructure Finance,Mid Sem,https://v1.nitj.ac.in/erp/academic_repository/uploads/IVKL1CWoEkQa2tpM.pdf,
July-December 2024,MBA,2023,HUMANITIES AND MANAGEMENT,HM-584,Project and Infrastructure Finance,End Sem,https://v1.nitj.ac.in/erp/academic_repository/uploads/gotJdpRQMrwOy017.pdf,
July-December 2024,MBA,2023,HUMANITIES AND MANAGEMENT,HM-592,HR Analytics,Mid Sem,https://v1.nitj.ac.in/erp/academic_repository/uploads/gZBM2IV01S7fxCcR.pdf,
July-December 2024,MBA,2023,HUMANITIES AND MANAGEMENT,HM-592,HR Analytics,End Sem,https://v1.nitj.ac.in/erp/academic_repository/uploads/74HGnabCI3YWVysQ.pdf,
July-December 2024,MBA,2023,HUMANITIES AND MANAGEMENT,HM-596,Workforce Development and Training,Mid Sem,https://v1.nitj.ac.in/erp/academic_repository/uploads/YDgLBvu3Mx5TEaWZ.pdf,
July-December 2024,MBA,2023,HUMANITIES AND MANAGEMENT,HM-596,Workforce Development and Training,End Sem,https://v1.nitj.ac.in/erp/academic_repository/uploads/e63Ero4f0WMJcS1k.pdf,
July-December 2024,MBA,2023,HUMANITIES AND MANAGEMENT,HM-598,Job and Performance Evaluation,Mid Sem,https://v1.nitj.ac.in/erp/academic_repository/uploads/adJ81QteFcOkTivH.pdf,
July-December 2024,MBA,2023,HUMANITIES AND MANAGEMENT,HM-598,Job and Performance Evaluation,End Sem,https://v1.nitj.ac.in/erp/academic_repository/uploads/tiog1XBCSFfrQnIZ.pdf,
July-December 2025,B.Sc.-B.Ed.,2025,INTEGRATED TEACHER EDUCATION PROGRAMME,EDCC0101,Evolution of Indian Education,Mid Sem,https://v1.nitj.ac.in/erp/academic_repository/uploads/A6GysxNmXd3EwP50.pdf,
July-December 2025,B.Sc.-B.Ed.,2025,INTEGRATED TEACHER EDUCATION PROGRAMME,EDCC0101,Evolution of Indian Education,End Sem,https://v1.nitj.ac.in/erp/academic_repository/uploads/w4hlAdQZVStEYmqL.pdf,
July-December 2025,B.Sc.-B.Ed.,2025,INTEGRATED TEACHER EDUCATION PROGRAMME,EDCC0102,Understanding India,Mid Sem,https://v1.nitj.ac.in/erp/academic_repository/uploads/xaMNEV5269ZrYD4S.pdf,
July-December 2025,B.Sc.-B.Ed.,2025,INTEGRATED TEACHER EDUCATION PROGRAMME,EDCC0102,Understanding India,End Sem,https://v1.nitj.ac.in/erp/academic_repository/uploads/bpgh52QXEyw3ZDBr.pdf,
July-December 2025,B.Sc.-B.Ed.,2025,INTEGRATED TEACHER EDUCATION PROGRAMME,EDCC0103,Communication Skills-I,Mid Sem,https://v1.nitj.ac.in/erp/academic_repository/uploads/SaQxL2nwy0CYA9j1.pdf,
July-December 2025,B.Sc.-B.Ed.,2025,INTEGRATED TEACHER EDUCATION PROGRAMME,EDCC0103,Communication Skills-I,End Sem,https://v1.nitj.ac.in/erp/academic_repository/uploads/7ng1ZcEPMyh2YvTd.pdf,
July-December 2025,B.Sc.-B.Ed.,2025,INTEGRATED TEACHER EDUCATION PROGRAMME,EDCY0101,Physical Chemistry-I,Mid Sem,https://v1.nitj.ac.in/erp/academic_repository/uploads/LrGU2y7g4b8YMeqN.pdf,
July-December 2025,B.Sc.-B.Ed.,2025,INTEGRATED TEACHER EDUCATION PROGRAMME,EDCY0101,Physical Chemistry-I,End Sem,https://v1.nitj.ac.in/erp/academic_repository/uploads/AUGWRDhLit43cFs1.pdf,
July-December 2025,B.Sc.-B.Ed.,2025,INTEGRATED TEACHER EDUCATION PROGRAMME,EDEC0101,Hindi-I,Mid Sem,https://v1.nitj.ac.in/erp/academic_repository/uploads/KhMt3fJXWcdAyCwk.pdf,
July-December 2025,B.Sc.-B.Ed.,2025,INTEGRATED TEACHER EDUCATION PROGRAMME,EDEC0101,Hindi-I,End Sem,https://v1.nitj.ac.in/erp/academic_repository/uploads/7OiGXT8nLbozIADs.pdf,
July-December 2025,B.Sc.-B.Ed.,2025,INTEGRATED TEACHER EDUCATION PROGRAMME,EDEC0102,Punjabi-I,Mid Sem,https://v1.nitj.ac.in/erp/academic_repository/uploads/9iLWN6PXQZgrJwmq.pdf,
July-December 2025,B.Sc.-B.Ed.,2025,INTEGRATED TEACHER EDUCATION PROGRAMME,EDEC0102,Punjabi-I,End Sem,https://v1.nitj.ac.in/erp/academic_repository/uploads/Q3ORfqIWVvpwSMre.pdf,
July-December 2025,B.Sc.-B.Ed.,2025,INTEGRATED TEACHER EDUCATION PROGRAMME,EDMA0101,Elementary Mathematics Maths-I,Mid Sem,https://v1.nitj.ac.in/erp/academic_repository/uploads/q6PgzjlaRV0CW38I.pdf,
July-December 2025,B.Sc.-B.Ed.,2025,INTEGRATED TEACHER EDUCATION PROGRAMME,EDMA0101,Elementary Mathematics Maths-I,End Sem,https://v1.nitj.ac.in/erp/academic_repository/uploads/z3y50bve2tPmwckx.pdf,
July-December 2025,B.Sc.-B.Ed.,2025,INTEGRATED TEACHER EDUCATION PROGRAMME,EDPH0101,Mechanics,Mid Sem,https://v1.nitj.ac.in/erp/academic_repository/uploads/vZ0YKV7ug4srFwJe.pdf,
July-December 2025,B.Sc.-B.Ed.,2025,INTEGRATED TEACHER EDUCATION PROGRAMME,EDPH0101,Mechanics,End Sem,https://v1.nitj.ac.in/erp/academic_repository/uploads/qPF07zuTKRaCXeSn.pdf,
July-December 2025,B.Sc.-B.Ed.,2024,INTEGRATED TEACHER EDUCATION PROGRAMME,EDCC0301,Philosophical Perspectives of Education,Mid Sem,https://v1.nitj.ac.in/erp/academic_repository/uploads/q3VsjxXJQlTG57ZL.pdf,
July-December 2025,B.Sc.-B.Ed.,2024,INTEGRATED TEACHER EDUCATION PROGRAMME,EDCC0301,Philosophical Perspectives of Education,End Sem,https://v1.nitj.ac.in/erp/academic_repository/uploads/gpWzj7oQYhlMbmy1.pdf,
July-December 2025,B.Sc.-B.Ed.,2024,INTEGRATED TEACHER EDUCATION PROGRAMME,EDCC0302,Basics of Pedagogy at Secondary Stage,Mid Sem,https://v1.nitj.ac.in/erp/academic_repository/uploads/X9lQo17bByesdmTE.pdf,
July-December 2025,B.Sc.-B.Ed.,2024,INTEGRATED TEACHER EDUCATION PROGRAMME,EDCC0302,Basics of Pedagogy at Secondary Stage,End Sem,https://v1.nitj.ac.in/erp/academic_repository/uploads/OaPFDUzZdkRJqyhI.pdf,
July-December 2025,B.Sc.-B.Ed.,2024,INTEGRATED TEACHER EDUCATION PROGRAMME,EDCY0301,Inorganic Chemistry-I,Mid Sem,https://v1.nitj.ac.in/erp/academic_repository/uploads/Mocf4BAjSi7RngV8.pdf,
July-December 2025,B.Sc.-B.Ed.,2024,INTEGRATED TEACHER EDUCATION PROGRAMME,EDCY0301,Inorganic Chemistry-I,End Sem,https://v1.nitj.ac.in/erp/academic_repository/uploads/hs1d6V809iHgvyTY.pdf,
July-December 2025,B.Sc.-B.Ed.,2024,INTEGRATED TEACHER EDUCATION PROGRAMME,EDCY0302,Physical Chemistry-II,Mid Sem,https://v1.nitj.ac.in/erp/academic_repository/uploads/THqeAsrSUiGc5XCJ.pdf,
July-December 2025,B.Sc.-B.Ed.,2024,INTEGRATED TEACHER EDUCATION PROGRAMME,EDCY0302,Physical Chemistry-II,End Sem,https://v1.nitj.ac.in/erp/academic_repository/uploads/YWTrZEKQmLae5ABM.pdf,
July-December 2025,B.Sc.-B.Ed.,2024,INTEGRATED TEACHER EDUCATION PROGRAMME,EDIT0301,Data Analytics and AI for Sciences-I,Mid Sem,https://v1.nitj.ac.in/erp/academic_repository/uploads/ejc5qnphDoFYU2dL.pdf,
July-December 2025,B.Sc.-B.Ed.,2024,INTEGRATED TEACHER EDUCATION PROGRAMME,EDIT0301,Data Analytics and AI for Sciences-I,End Sem,https://v1.nitj.ac.in/erp/academic_repository/uploads/J3K7ozjdEXsNFg6r.pdf,
July-December 2025,B.Sc.-B.Ed.,2024,INTEGRATED TEACHER EDUCATION PROGRAMME,EDMA0301,Differential Equations,Mid Sem,https://v1.nitj.ac.in/erp/academic_repository/uploads/xfGsUgEaFDTY7InK.pdf,
July-December 2025,B.Sc.-B.Ed.,2024,INTEGRATED TEACHER EDUCATION PROGRAMME,EDMA0301,Differential Equations,End Sem,https://v1.nitj.ac.in/erp/academic_repository/uploads/IUvcQt90WKqPYdpu.pdf,
July-December 2025,B.Sc.-B.Ed.,2024,INTEGRATED TEACHER EDUCATION PROGRAMME,EDMA0302,Real and Complex Analysis,Mid Sem,https://v1.nitj.ac.in/erp/academic_repository/uploads/8kuzf05xcjqJg3vH.pdf,
July-December 2025,B.Sc.-B.Ed.,2024,INTEGRATED TEACHER EDUCATION PROGRAMME,EDMA0302,Real and Complex Analysis,End Sem,https://v1.nitj.ac.in/erp/academic_repository/uploads/qnmoBLdNXV3lEhT5.pdf,
July-December 2025,B.Sc.-B.Ed.,2024,INTEGRATED TEACHER EDUCATION PROGRAMME,EDPH0301,Electricity and Magnetism,Mid Sem,https://v1.nitj.ac.in/erp/academic_repository/uploads/Lkch7tNMfSGPCU8A.pdf,
July-December 2025,B.Sc.-B.Ed.,2024,INTEGRATED TEACHER EDUCATION PROGRAMME,EDPH0301,Electricity and Magnetism,End Sem,https://v1.nitj.ac.in/erp/academic_repository/uploads/uQA9K683dymPq7FI.pdf,
July-December 2025,B.Sc.-B.Ed.,2024,INTEGRATED TEACHER EDUCATION PROGRAMME,EDPH0302,"Waves , Oscillations and Optics",Mid Sem,https://v1.nitj.ac.in/erp/academic_repository/uploads/MoKyYNbO7gz9l1mx.pdf,
July-December 2025,B.Sc.-B.Ed.,2024,INTEGRATED TEACHER EDUCATION PROGRAMME,EDPH0302,"Waves , Oscillations and Optics",End Sem,https://v1.nitj.ac.in/erp/academic_repository/uploads/75KHCacRNLguDsjE.pdf,
July-December 2025,B.Sc.-B.Ed.,2023,INTEGRATED TEACHER EDUCATION PROGRAMME,CYMI0503,Analytical Chemistry M-I,Mid Sem,https://v1.nitj.ac.in/erp/academic_repository/uploads/QDFqrNHOYZ80Glh2.pdf,
July-December 2025,B.Sc.-B.Ed.,2023,INTEGRATED TEACHER EDUCATION PROGRAMME,CYMI0503,Analytical Chemistry M-I,End Sem,https://v1.nitj.ac.in/erp/academic_repository/uploads/O15P6jBExHoIwRZL.pdf,
July-December 2025,B.Sc.-B.Ed.,2023,INTEGRATED TEACHER EDUCATION PROGRAMME,CYMI0504,Inorganic Chemistry M-II,Mid Sem,https://v1.nitj.ac.in/erp/academic_repository/uploads/r27v3Kinyx5XfzkN.pdf,
July-December 2025,B.Sc.-B.Ed.,2023,INTEGRATED TEACHER EDUCATION PROGRAMME,CYMI0504,Inorganic Chemistry M-II,End Sem,https://v1.nitj.ac.in/erp/academic_repository/uploads/U6l2EBcTKYPnZmhX.pdf,
July-December 2025,B.Sc.-B.Ed.,2023,INTEGRATED TEACHER EDUCATION PROGRAMME,CYMJ0501,Analytical Chemistry-I,Mid Sem,https://v1.nitj.ac.in/erp/academic_repository/uploads/hnYZEyMFoaXObvPs.pdf,
July-December 2025,B.Sc.-B.Ed.,2023,INTEGRATED TEACHER EDUCATION PROGRAMME,CYMJ0501,Analytical Chemistry-I,End Sem,https://v1.nitj.ac.in/erp/academic_repository/uploads/MGhvekF76jDf38Hb.pdf,
July-December 2025,B.Sc.-B.Ed.,2023,INTEGRATED TEACHER EDUCATION PROGRAMME,CYMJ0502,Organic Chemistry - III,Mid Sem,https://v1.nitj.ac.in/erp/academic_repository/uploads/KyFGPNBZq0s1OcdX.pdf,
July-December 2025,B.Sc.-B.Ed.,2023,INTEGRATED TEACHER EDUCATION PROGRAMME,CYMJ0502,Organic Chemistry - III,End Sem,https://v1.nitj.ac.in/erp/academic_repository/uploads/rkLnCaNoD6i21tj3.pdf,
July-December 2025,B.Sc.-B.Ed.,2023,INTEGRATED TEACHER EDUCATION PROGRAMME,HMMJ0501,Stage Specific Pedagogy of Mathematics and Science-I,Mid Sem,https://v1.nitj.ac.in/erp/academic_repository/uploads/hqvibkQpw8AVC7Nr.pdf,
July-December 2025,B.Sc.-B.Ed.,2023,INTEGRATED TEACHER EDUCATION PROGRAMME,HMMJ0501,Stage Specific Pedagogy of Mathematics and Science-I,End Sem,https://v1.nitj.ac.in/erp/academic_repository/uploads/FCDEtIiUgQR0svaN.pdf,
July-December 2025,B.Sc.-B.Ed.,2023,INTEGRATED TEACHER EDUCATION PROGRAMME,HMMJ0502,ICT in Education,Mid Sem,https://v1.nitj.ac.in/erp/academic_repository/uploads/fFQjxRG5b1z4TSrH.pdf,
July-December 2025,B.Sc.-B.Ed.,2023,INTEGRATED TEACHER EDUCATION PROGRAMME,HMMJ0502,ICT in Education,End Sem,https://v1.nitj.ac.in/erp/academic_repository/uploads/EQkUWVcgOFBRIqtK.pdf,
July-December 2025,B.Sc.-B.Ed.,2023,INTEGRATED TEACHER EDUCATION PROGRAMME,MAMI0503,Introduction to Complex Numbers and Complex Analysis,Mid Sem,https://v1.nitj.ac.in/erp/academic_repository/uploads/TFpocJHvPmjdr7MI.pdf,
July-December 2025,B.Sc.-B.Ed.,2023,INTEGRATED TEACHER EDUCATION PROGRAMME,MAMI0503,Introduction to Complex Numbers and Complex Analysis,End Sem,https://v1.nitj.ac.in/erp/academic_repository/uploads/dzhXsiLmZEoxSKcv.pdf,
July-December 2025,B.Sc.-B.Ed.,2023,INTEGRATED TEACHER EDUCATION PROGRAMME,MAMI0504,Vector Algebra and Vector Calculus,Mid Sem,https://v1.nitj.ac.in/erp/academic_repository/uploads/H680uyedYZbX49VL.pdf,
July-December 2025,B.Sc.-B.Ed.,2023,INTEGRATED TEACHER EDUCATION PROGRAMME,MAMI0504,Vector Algebra and Vector Calculus,End Sem,https://v1.nitj.ac.in/erp/academic_repository/uploads/q4JNeQhKEAaXOo1I.pdf,
July-December 2025,B.Sc.-B.Ed.,2023,INTEGRATED TEACHER EDUCATION PROGRAMME,MAMJ0501,Discrete Mathematics,Mid Sem,https://v1.nitj.ac.in/erp/academic_repository/uploads/eL962GAjWabgixc3.pdf,
July-December 2025,B.Sc.-B.Ed.,2023,INTEGRATED TEACHER EDUCATION PROGRAMME,MAMJ0501,Discrete Mathematics,End Sem,https://v1.nitj.ac.in/erp/academic_repository/uploads/zLlSxHG9JnZ4KD0q.pdf,
July-December 2025,B.Sc.-B.Ed.,2023,INTEGRATED TEACHER EDUCATION PROGRAMME,MAMJ0502,Partial Differential Equations,Mid Sem,https://v1.nitj.ac.in/erp/academic_repository/uploads/9gFPdn7LiW4EA0jY.pdf,
July-December 2025,B.Sc.-B.Ed.,2023,INTEGRATED TEACHER EDUCATION PROGRAMME,MAMJ0502,Partial Differential Equations,End Sem,https://v1.nitj.ac.in/erp/academic_repository/uploads/yFhm2SqTklYKutH9.pdf,
July-December 2025,B.Sc.-B.Ed.,2023,INTEGRATED TEACHER EDUCATION PROGRAMME,PHMI0503,Modern Physics-2,Mid Sem,https://v1.nitj.ac.in/erp/academic_repository/uploads/1kcr625eM30omjSU.pdf,
July-December 2025,B.Sc.-B.Ed.,2023,INTEGRATED TEACHER EDUCATION PROGRAMME,PHMI0503,Modern Physics-2,End Sem,https://v1.nitj.ac.in/erp/academic_repository/uploads/bBQOVgTHiChP9nl3.pdf,
July-December 2025,B.Sc.-B.Ed.,2023,INTEGRATED TEACHER EDUCATION PROGRAMME,PHMI0504,Thermodynamics,Mid Sem,https://v1.nitj.ac.in/erp/academic_repository/uploads/F9EWKtjyigluOMaL.pdf,
July-December 2025,B.Sc.-B.Ed.,2023,INTEGRATED TEACHER EDUCATION PROGRAMME,PHMI0504,Thermodynamics,End Sem,https://v1.nitj.ac.in/erp/academic_repository/uploads/PVkswntSDcdN1T8Q.pdf,
July-December 2025,B.Sc.-B.Ed.,2023,INTEGRATED TEACHER EDUCATION PROGRAMME,PHMJ0501,Spectroscopy and Solid State Physics,Mid Sem,https://v1.nitj.ac.in/erp/academic_repository/uploads/AcZIKNjVSH8pzd1D.pdf,
July-December 2025,B.Sc.-B.Ed.,2023,INTEGRATED TEACHER EDUCATION PROGRAMME,PHMJ0501,Spectroscopy and Solid State Physics,End Sem,https://v1.nitj.ac.in/erp/academic_repository/uploads/IJ2WKGqXZmvCaYFM.pdf,
July-December 2025,B.Sc.-B.Ed.,2023,INTEGRATED TEACHER EDUCATION PROGRAMME,PHMJ0502,Electronics,Mid Sem,https://v1.nitj.ac.in/erp/academic_repository/uploads/bHi89MpBQ6RsuUmT.pdf,
July-December 2025,B.Sc.-B.Ed.,2023,INTEGRATED TEACHER EDUCATION PROGRAMME,PHMJ0502,Electronics,End Sem,https://v1.nitj.ac.in/erp/academic_repository/uploads/6thsBUEX7uClxHkA.pdf,
July-December 2025,B.Tech,2025,B.Tech First Year,BTDC0101,Introduction to Biotechnology,Mid Sem,https://v1.nitj.ac.in/erp/academic_repository/uploads/VeNq14TZG6RJnEMB.pdf,
July-December 2025,B.Tech,2025,B.Tech First Year,BTDC0101,Introduction to Biotechnology,End Sem,https://v1.nitj.ac.in/erp/academic_repository/uploads/V6KI4AWUw1mu5MxN.pdf,
July-December 2025,B.Tech,2025,B.Tech First Year,CEDC0101,Building Construction,Mid Sem,https://v1.nitj.ac.in/erp/academic_repository/uploads/MNIF7nO2ChSbqaKG.pdf,
July-December 2025,B.Tech,2025,B.Tech First Year,CEDC0101,Building Construction,End Sem,https://v1.nitj.ac.in/erp/academic_repository/uploads/cbmE0knKgLIp49WT.pdf,
July-December 2025,B.Tech,2025,B.Tech First Year,CHDC0101,Chemical Process Calculations,Mid Sem,https://v1.nitj.ac.in/erp/academic_repository/uploads/qDBawxcyRpTvJz96.pdf,
July-December 2025,B.Tech,2025,B.Tech First Year,CHDC0101,Chemical Process Calculations,End Sem,https://v1.nitj.ac.in/erp/academic_repository/uploads/4JrvLYl2FnqRaSzT.pdf,
July-December 2025,B.Tech,2025,B.Tech First Year,CSDC0101,Digital Circuits and Logic Design,Mid Sem,https://v1.nitj.ac.in/erp/academic_repository/uploads/JCmuXDOMxjK1pGFd.pdf,
July-December 2025,B.Tech,2025,B.Tech First Year,CSDC0101,Digital Circuits and Logic Design,End Sem,https://v1.nitj.ac.in/erp/academic_repository/uploads/KgXwWaum46eBMEJA.pdf,
July-December 2025,B.Tech,2025,B.Tech First Year,CSFC0101,Computer Programming,Mid Sem,https://v1.nitj.ac.in/erp/academic_repository/uploads/YQbNEcilpoHg3Vnv.pdf,
July-December 2025,B.Tech,2025,B.Tech First Year,CSFC0101,Computer Programming,End Sem,https://v1.nitj.ac.in/erp/academic_repository/uploads/O3HGFYX8fNuTCeRA.pdf,
July-December 2025,B.Tech,2025,B.Tech First Year,CYFC0104,Applied Chemistry,Mid Sem,https://v1.nitj.ac.in/erp/academic_repository/uploads/XOB47bKJ1aGjT5hW.pdf,
July-December 2025,B.Tech,2025,B.Tech First Year,CYFC0104,Applied Chemistry,End Sem,https://v1.nitj.ac.in/erp/academic_repository/uploads/nZOuUtXrf2D38YFs.pdf,
July-December 2025,B.Tech,2025,B.Tech First Year,ECDC0101,Circuit Theory,Mid Sem,https://v1.nitj.ac.in/erp/academic_repository/uploads/LjaMgmskT30QHFB9.pdf,
July-December 2025,B.Tech,2025,B.Tech First Year,ECDC0101,Circuit Theory,End Sem,https://v1.nitj.ac.in/erp/academic_repository/uploads/Zkbjx1PRidlDqWMN.pdf,
July-December 2025,B.Tech,2025,B.Tech First Year,EEDC0101,Basic Electrical Engineering,Mid Sem,https://v1.nitj.ac.in/erp/academic_repository/uploads/uWpibUHwNZ1L65dF.pdf,
July-December 2025,B.Tech,2025,B.Tech First Year,EEDC0101,Basic Electrical Engineering,End Sem,https://v1.nitj.ac.in/erp/academic_repository/uploads/Gjtbo627w5fThiKv.pdf,
July-December 2025,B.Tech,2025,B.Tech First Year,EEFC0101,Basics of Electrical Engineering,Mid Sem,https://v1.nitj.ac.in/erp/academic_repository/uploads/AwFyTcabP24pGfdE.pdf,
July-December 2025,B.Tech,2025,B.Tech First Year,EEFC0101,Basics of Electrical Engineering,End Sem,https://v1.nitj.ac.in/erp/academic_repository/uploads/acGFXIQ9Pv8RVsH1.pdf,
July-December 2025,B.Tech,2025,B.Tech First Year,EEFC0102,Basic Electrical Sciences,Mid Sem,https://v1.nitj.ac.in/erp/academic_repository/uploads/lruKnCOWyq5md0LR.pdf,
July-December 2025,B.Tech,2025,B.Tech First Year,EEFC0102,Basic Electrical Sciences,End Sem,https://v1.nitj.ac.in/erp/academic_repository/uploads/6v1MdpQ5ZagfWYGk.pdf,
July-December 2025,B.Tech,2025,B.Tech First Year,HMFC0101,English Communication and Report Writing,Mid Sem,https://v1.nitj.ac.in/erp/academic_repository/uploads/i8oj7ezpDaw6qUA1.pdf,
July-December 2025,B.Tech,2025,B.Tech First Year,HMFC0101,English Communication and Report Writing,End Sem,https://v1.nitj.ac.in/erp/academic_repository/uploads/ZxfkP6NJMr4EgYLa.pdf,
July-December 2025,B.Tech,2025,B.Tech First Year,HMFC0102,Management Principles and Indian Constitutional Values,Mid Sem,https://v1.nitj.ac.in/erp/academic_repository/uploads/RLlhB9ysUzbWxK6M.pdf,
July-December 2025,B.Tech,2025,B.Tech First Year,HMFC0102,Management Principles and Indian Constitutional Values,End Sem,https://v1.nitj.ac.in/erp/academic_repository/uploads/PNf8u2thBAl4moR0.pdf,
July-December 2025,B.Tech,2025,B.Tech First Year,ICDC0101,Basics of Electrical Engineering,Mid Sem,https://v1.nitj.ac.in/erp/academic_repository/uploads/gzi0vRYecfAhMG27.pdf,
July-December 2025,B.Tech,2025,B.Tech First Year,ICDC0101,Basics of Electrical Engineering,End Sem,https://v1.nitj.ac.in/erp/academic_repository/uploads/Wp43X5NAx1HzUbDC.pdf,
July-December 2025,B.Tech,2025,B.Tech First Year,ICFC0101,Elements of Electrical and Electronics Engineering,Mid Sem,https://v1.nitj.ac.in/erp/academic_repository/uploads/BVWXYK03kDg5IQ2h.pdf,
July-December 2025,B.Tech,2025,B.Tech First Year,ICFC0101,Elements of Electrical and Electronics Engineering,End Sem,https://v1.nitj.ac.in/erp/academic_repository/uploads/E1sNuwfmt5vkzZY0.pdf,
July-December 2025,B.Tech,2025,B.Tech First Year,IDFC0101,Environmental Sciences,Mid Sem,https://v1.nitj.ac.in/erp/academic_repository/uploads/PiMgdc5G8TI41Sz2.pdf,
July-December 2025,B.Tech,2025,B.Tech First Year,IDFC0101,Environmental Sciences,End Sem,https://v1.nitj.ac.in/erp/academic_repository/uploads/UfDb5scxIM61nGjr.pdf,
July-December 2025,B.Tech,2025,B.Tech First Year,IPFC0101,Engineering Graphics and Computer Aided Drafting,End Sem,https://v1.nitj.ac.in/erp/academic_repository/uploads/WAPfNKlc7a9z4DEC.pdf,
July-December 2025,B.Tech,2025,B.Tech First Year,ITDC0101,Probability and Computing,Mid Sem,https://v1.nitj.ac.in/erp/academic_repository/uploads/nfvId7pL8Yzi3Oru.pdf,
July-December 2025,B.Tech,2025,B.Tech First Year,ITDC0101,Probability and Computing,End Sem,https://v1.nitj.ac.in/erp/academic_repository/uploads/JBdNQ2wjtlMVbLuE.pdf,
July-December 2025,B.Tech,2025,B.Tech First Year,ITFC0101,Problem Solving using Python,Mid Sem,https://v1.nitj.ac.in/erp/academic_repository/uploads/5lXIe2NviC3qDU6K.pdf,
July-December 2025,B.Tech,2025,B.Tech First Year,ITFC0101,Problem Solving using Python,End Sem,https://v1.nitj.ac.in/erp/academic_repository/uploads/bBPjty24a5EUsofu.pdf,
July-December 2025,B.Tech,2025,B.Tech First Year,MADC0101,Real and Complex Analysis,Mid Sem,https://v1.nitj.ac.in/erp/academic_repository/uploads/IVyN5HJitAQln1X3.pdf,
July-December 2025,B.Tech,2025,B.Tech First Year,MADC0101,Real and Complex Analysis,End Sem,https://v1.nitj.ac.in/erp/academic_repository/uploads/bwrWtZ7dRNem9axQ.pdf,
July-December 2025,B.Tech,2025,B.Tech First Year,MAFC0101,Mathematics-I,Mid Sem,https://v1.nitj.ac.in/erp/academic_repository/uploads/gL0wnFdmijG2xsSl.pdf,
July-December 2025,B.Tech,2025,B.Tech First Year,MAFC0101,Mathematics-I,End Sem,https://v1.nitj.ac.in/erp/academic_repository/uploads/eYc6RldB5i2mgtJO.pdf,
July-December 2025,B.Tech,2025,B.Tech First Year,MAFC0102,Mathematics-II,Mid Sem,https://v1.nitj.ac.in/erp/academic_repository/uploads/orNIq5YyZdcLHta7.pdf,
July-December 2025,B.Tech,2025,B.Tech First Year,MAFC0102,Mathematics-II,End Sem,https://v1.nitj.ac.in/erp/academic_repository/uploads/ZwEImQzKNib6cxDv.pdf,
July-December 2025,B.Tech,2025,B.Tech First Year,MEDC0101,Basic Thermodynamics,Mid Sem,https://v1.nitj.ac.in/erp/academic_repository/uploads/F5xGCBQmt6UIvpXo.pdf,
July-December 2025,B.Tech,2025,B.Tech First Year,MEDC0101,Basic Thermodynamics,End Sem,https://v1.nitj.ac.in/erp/academic_repository/uploads/WFz5PkNJfOHwerSa.pdf,
July-December 2025,B.Tech,2025,B.Tech First Year,MEFC0101,Elements of Mechanical Engineering,Mid Sem,https://v1.nitj.ac.in/erp/academic_repository/uploads/aTrZNuSgdAo2w6cf.pdf,
July-December 2025,B.Tech,2025,B.Tech First Year,MEFC0101,Elements of Mechanical Engineering,End Sem,https://v1.nitj.ac.in/erp/academic_repository/uploads/s1f72h0Eu35DS4c6.pdf,
July-December 2025,B.Tech,2025,B.Tech First Year,MEFC0103,Introduction to Mechanical Engineering,Mid Sem,https://v1.nitj.ac.in/erp/academic_repository/uploads/V8FcJlHPoSKiGmrI.pdf,
July-December 2025,B.Tech,2025,B.Tech First Year,MEFC0103,Introduction to Mechanical Engineering,End Sem,https://v1.nitj.ac.in/erp/academic_repository/uploads/C3ONz06rcdEb7YQ9.pdf,
July-December 2025,B.Tech,2025,B.Tech First Year,PDFE0123,Chetna Club,Mid Sem,https://v1.nitj.ac.in/erp/academic_repository/uploads/6Ka4RZimdkuzCypn.pdf,
July-December 2025,B.Tech,2025,B.Tech First Year,PDFE0123,Chetna Club,End Sem,https://v1.nitj.ac.in/erp/academic_repository/uploads/MuIQN043mGdbgxOA.pdf,
July-December 2025,B.Tech,2025,B.Tech First Year,PHFC0101,Applied Physics,Mid Sem,https://v1.nitj.ac.in/erp/academic_repository/uploads/NA1b46WO3ypfT7gK.pdf,
July-December 2025,B.Tech,2025,B.Tech First Year,PHFC0101,Applied Physics,End Sem,https://v1.nitj.ac.in/erp/academic_repository/uploads/rqlAn7TKa3zyHvxD.pdf,
July-December 2025,B.Tech,2025,B.Tech First Year,PHFC0105,Applied Physics,Mid Sem,https://v1.nitj.ac.in/erp/academic_repository/uploads/NTZomAy1waXY4Cdb.pdf,
July-December 2025,B.Tech,2025,B.Tech First Year,PHFC0105,Applied Physics,End Sem,https://v1.nitj.ac.in/erp/academic_repository/uploads/6QzbdCqit73uWSwr.pdf,
July-December 2025,B.Tech,2025,B.Tech First Year,PHFC0107,Applied Physics,Mid Sem,https://v1.nitj.ac.in/erp/academic_repository/uploads/ukrQ0mq6yvZsCD8x.pdf,
July-December 2025,B.Tech,2025,B.Tech First Year,PHFC0107,Applied Physics,End Sem,https://v1.nitj.ac.in/erp/academic_repository/uploads/o5g7nkHTy2cuVzGm.pdf,
July-December 2025,B.Tech,2025,B.Tech First Year,TTDC0101,Fundamentals of Textile Machines and Processes,Mid Sem,https://v1.nitj.ac.in/erp/academic_repository/uploads/tZEG9B4M7hxrp5wX.pdf,
July-December 2025,B.Tech,2025,B.Tech First Year,TTDC0101,Fundamentals of Textile Machines and Processes,End Sem,https://v1.nitj.ac.in/erp/academic_repository/uploads/8QgyIqdTloUMrGBh.pdf,
July-December 2025,B.Tech,2024,BIO TECHNOLOGY,BTDC-0201,Microbiology,Mid Sem,https://v1.nitj.ac.in/erp/academic_repository/uploads/RoruOz7xDeZTIs48.pdf,
July-December 2025,B.Tech,2024,BIO TECHNOLOGY,BTDC-0201,Microbiology,End Sem,https://v1.nitj.ac.in/erp/academic_repository/uploads/mT4dRIS2kxEOoGvH.pdf,
July-December 2025,B.Tech,2024,BIO TECHNOLOGY,BTDC-0203,Biochemistry,Mid Sem,https://v1.nitj.ac.in/erp/academic_repository/uploads/OUoAQCgMv0TfGK5d.pdf,
July-December 2025,B.Tech,2024,BIO TECHNOLOGY,BTDC-0203,Biochemistry,End Sem,https://v1.nitj.ac.in/erp/academic_repository/uploads/YgS8Hzmp2Rh7KLFB.pdf,
July-December 2025,B.Tech,2024,BIO TECHNOLOGY,BTDC-0205,Cell and Molecular Biology,Mid Sem,https://v1.nitj.ac.in/erp/academic_repository/uploads/ZvPA5jDIlrbTCqKp.pdf,
July-December 2025,B.Tech,2024,BIO TECHNOLOGY,BTDC-0205,Cell and Molecular Biology,End Sem,https://v1.nitj.ac.in/erp/academic_repository/uploads/SQ4LJVkru7qAw52Z.pdf,
July-December 2025,B.Tech,2024,BIO TECHNOLOGY,BTDC-0207,Bioprocess Engineering,Mid Sem,https://v1.nitj.ac.in/erp/academic_repository/uploads/XyOspa9i7SuRvJNI.pdf,
July-December 2025,B.Tech,2024,BIO TECHNOLOGY,BTDC-0207,Bioprocess Engineering,End Sem,https://v1.nitj.ac.in/erp/academic_repository/uploads/MlPbxKSn4wh17o2L.pdf,
July-December 2025,B.Tech,2024,BIO TECHNOLOGY,CHDC-0281,Fluid and Particles Mechanics,Mid Sem,https://v1.nitj.ac.in/erp/academic_repository/uploads/0RmFBLCa6E2GvhYU.pdf,
July-December 2025,B.Tech,2024,BIO TECHNOLOGY,CHDC-0281,Fluid and Particles Mechanics,End Sem,https://v1.nitj.ac.in/erp/academic_repository/uploads/VoxLKSsBI2Z9idjb.pdf,
July-December 2025,B.Tech,2024,BIO TECHNOLOGY,MCDC-0204,Statistics and Probability,Mid Sem,https://v1.nitj.ac.in/erp/academic_repository/uploads/mA5hH0eqgnRu6lUW.pdf,
July-December 2025,B.Tech,2024,BIO TECHNOLOGY,MCDC-0204,Statistics and Probability,End Sem,https://v1.nitj.ac.in/erp/academic_repository/uploads/cOzRmNqgD5L4IhoY.pdf,
July-December 2025,B.Tech,2024,CIVIL ENGINEERING,CEDC0201,Mathematics-III,Mid Sem,https://v1.nitj.ac.in/erp/academic_repository/uploads/odNMk07nt24TrAx9.pdf,
July-December 2025,B.Tech,2024,CIVIL ENGINEERING,CEDC0201,Mathematics-III,End Sem,https://v1.nitj.ac.in/erp/academic_repository/uploads/k8xVYQ7FDaoX2m4y.pdf,
July-December 2025,B.Tech,2024,CIVIL ENGINEERING,CEDC0203,Surveying,Mid Sem,https://v1.nitj.ac.in/erp/academic_repository/uploads/pNM0cWeSDa8E2nQ6.pdf,
July-December 2025,B.Tech,2024,CIVIL ENGINEERING,CEDC0203,Surveying,End Sem,https://v1.nitj.ac.in/erp/academic_repository/uploads/EzaUGw4W0IvXR6o3.pdf,
July-December 2025,B.Tech,2024,CIVIL ENGINEERING,CEDC0205,Concrete Technology,Mid Sem,https://v1.nitj.ac.in/erp/academic_repository/uploads/3N5aTIZLt26qC0Ob.pdf,
July-December 2025,B.Tech,2024,CIVIL ENGINEERING,CEDC0205,Concrete Technology,End Sem,https://v1.nitj.ac.in/erp/academic_repository/uploads/IPSuL13F0pDmqw6n.pdf,
July-December 2025,B.Tech,2024,CIVIL ENGINEERING,CEDC0207,Fluid Mechanics,Mid Sem,https://v1.nitj.ac.in/erp/academic_repository/uploads/ZTiexq6SzAf1ulp7.pdf,
July-December 2025,B.Tech,2024,CIVIL ENGINEERING,CEDC0207,Fluid Mechanics,End Sem,https://v1.nitj.ac.in/erp/academic_repository/uploads/O6s1H2xnDKWuw4PV.pdf,
July-December 2025,B.Tech,2024,CIVIL ENGINEERING,CEDC0209,Rock Mechanics & Engineering Geology,Mid Sem,https://v1.nitj.ac.in/erp/academic_repository/uploads/J0WcB3A6E2wbQq1D.pdf,
July-December 2025,B.Tech,2024,CIVIL ENGINEERING,CEDC0209,Rock Mechanics & Engineering Geology,End Sem,https://v1.nitj.ac.in/erp/academic_repository/uploads/NLAoJcmzj3ig9MTk.pdf,
July-December 2025,B.Tech,2024,CIVIL ENGINEERING,CEDC0211,Water Supply Engineering,Mid Sem,https://v1.nitj.ac.in/erp/academic_repository/uploads/rmozuaH8Y7yBIshb.pdf,
July-December 2025,B.Tech,2024,CIVIL ENGINEERING,CEDC0211,Water Supply Engineering,End Sem,https://v1.nitj.ac.in/erp/academic_repository/uploads/VEZIFKy2mUfPbxuW.pdf,
July-December 2025,B.Tech,2024,CHEMICAL ENGINEERING,CHDC0101,Chemical Process Calculations,Mid Sem,https://v1.nitj.ac.in/erp/academic_repository/uploads/stkhH64BdyZmPXcV.pdf,
July-December 2025,B.Tech,2024,CHEMICAL ENGINEERING,CHDC0101,Chemical Process Calculations,End Sem,https://v1.nitj.ac.in/erp/academic_repository/uploads/Yhuc0sydCHKTUWv9.pdf,
July-December 2025,B.Tech,2024,CHEMICAL ENGINEERING,CHDC0102,Industrial Pollution Abatement,Mid Sem,https://v1.nitj.ac.in/erp/academic_repository/uploads/WZzei8RGYOsjm23U.pdf,
July-December 2025,B.Tech,2024,CHEMICAL ENGINEERING,CHDC0102,Industrial Pollution Abatement,End Sem,https://v1.nitj.ac.in/erp/academic_repository/uploads/Mc8xLsghFobvkJIa.pdf,
July-December 2025,B.Tech,2024,CHEMICAL ENGINEERING,CHDC0201,Fluid Mechanics,Mid Sem,https://v1.nitj.ac.in/erp/academic_repository/uploads/NIvdO0tPEwMDT927.pdf,
July-December 2025,B.Tech,2024,CHEMICAL ENGINEERING,CHDC0201,Fluid Mechanics,End Sem,https://v1.nitj.ac.in/erp/academic_repository/uploads/wsUkG7MTRl8XyDzc.pdf,
July-December 2025,B.Tech,2024,CHEMICAL ENGINEERING,CHDC0203,Mechanical Operations,Mid Sem,https://v1.nitj.ac.in/erp/academic_repository/uploads/4lWipM0OzIchUwLb.pdf,
July-December 2025,B.Tech,2024,CHEMICAL ENGINEERING,CHDC0203,Mechanical Operations,End Sem,https://v1.nitj.ac.in/erp/academic_repository/uploads/uL5ICzJ2pfjPcwam.pdf,
July-December 2025,B.Tech,2024,CHEMICAL ENGINEERING,CHDC0205,Chemical Technology-I,Mid Sem,https://v1.nitj.ac.in/erp/academic_repository/uploads/TPJR8fWKrZIVdM3C.pdf,
July-December 2025,B.Tech,2024,CHEMICAL ENGINEERING,CHDC0205,Chemical Technology-I,End Sem,https://v1.nitj.ac.in/erp/academic_repository/uploads/d2fiB5KRID9X3EPn.pdf,
July-December 2025,B.Tech,2024,CHEMICAL ENGINEERING,CHDC0207,Material Science for Chemical Engineers,Mid Sem,https://v1.nitj.ac.in/erp/academic_repository/uploads/e4BJfIr3v9P2wghY.pdf,
July-December 2025,B.Tech,2024,CHEMICAL ENGINEERING,CHDC0207,Material Science for Chemical Engineers,End Sem,https://v1.nitj.ac.in/erp/academic_repository/uploads/SKtZmRh9YsnkE31d.pdf,
July-December 2025,B.Tech,2024,CHEMICAL ENGINEERING,MCDC0201,Mathematics-III,Mid Sem,https://v1.nitj.ac.in/erp/academic_repository/uploads/sLZk7r8t6hqOTfQx.pdf,
July-December 2025,B.Tech,2024,CHEMICAL ENGINEERING,MCDC0201,Mathematics-III,End Sem,https://v1.nitj.ac.in/erp/academic_repository/uploads/sKiqVSWmeIG8ybAj.pdf,
July-December 2025,B.Tech,2024,COMPUTER SCIENCE AND ENGINEERING,CSDC0101,Digital Circuits and Logic Design,Mid Sem,https://v1.nitj.ac.in/erp/academic_repository/uploads/M2cu4VmzFrYsaR07.pdf,
July-December 2025,B.Tech,2024,COMPUTER SCIENCE AND ENGINEERING,CSDC0101,Digital Circuits and Logic Design,End Sem,https://v1.nitj.ac.in/erp/academic_repository/uploads/LsQ0kPKwCz4S5yIb.pdf,
July-December 2025,B.Tech,2024,COMPUTER SCIENCE AND ENGINEERING,CSDC0102,Discrete Structures,Mid Sem,https://v1.nitj.ac.in/erp/academic_repository/uploads/RBOyiT9jbnUwdpLo.pdf,
July-December 2025,B.Tech,2024,COMPUTER SCIENCE AND ENGINEERING,CSDC0102,Discrete Structures,End Sem,https://v1.nitj.ac.in/erp/academic_repository/uploads/OxoNjgRZPGLsfpiw.pdf,
July-December 2025,B.Tech,2024,COMPUTER SCIENCE AND ENGINEERING,CSDC0201,Data Structures and Algorithms,Mid Sem,https://v1.nitj.ac.in/erp/academic_repository/uploads/ExGdOTQcv4BRDjz7.pdf,
July-December 2025,B.Tech,2024,COMPUTER SCIENCE AND ENGINEERING,CSDC0201,Data Structures and Algorithms,End Sem,https://v1.nitj.ac.in/erp/academic_repository/uploads/BXqdMclY9U1SLDWN.pdf,
July-December 2025,B.Tech,2024,COMPUTER SCIENCE AND ENGINEERING,CSDC0203,Object Oriented Programming,Mid Sem,https://v1.nitj.ac.in/erp/academic_repository/uploads/234AMLxqnJ8pf9Ie.pdf,
July-December 2025,B.Tech,2024,COMPUTER SCIENCE AND ENGINEERING,CSDC0203,Object Oriented Programming,End Sem,https://v1.nitj.ac.in/erp/academic_repository/uploads/rNXU5PTMJxgWYGmw.pdf,
July-December 2025,B.Tech,2024,COMPUTER SCIENCE AND ENGINEERING,CSDC0205,Computer Organization and Architecture,Mid Sem,https://v1.nitj.ac.in/erp/academic_repository/uploads/5KPnQfNOmSLvC3WF.pdf,
July-December 2025,B.Tech,2024,COMPUTER SCIENCE AND ENGINEERING,CSDC0205,Computer Organization and Architecture,End Sem,https://v1.nitj.ac.in/erp/academic_repository/uploads/VaUvEdzuT1NiDpq2.pdf,
July-December 2025,B.Tech,2024,COMPUTER SCIENCE AND ENGINEERING,CSDC0207,Data Visualization for Product Design,Mid Sem,https://v1.nitj.ac.in/erp/academic_repository/uploads/HBbwlqmRraWzsKZ9.pdf,
July-December 2025,B.Tech,2024,COMPUTER SCIENCE AND ENGINEERING,CSDC0207,Data Visualization for Product Design,End Sem,https://v1.nitj.ac.in/erp/academic_repository/uploads/RcPgq3vhFNEAuV0x.pdf,
July-December 2025,B.Tech,2024,COMPUTER SCIENCE AND ENGINEERING,CSDC0209,Probability and Statistics,Mid Sem,https://v1.nitj.ac.in/erp/academic_repository/uploads/xTov39H5Oz7IXqah.pdf,
July-December 2025,B.Tech,2024,COMPUTER SCIENCE AND ENGINEERING,CSDC0209,Probability and Statistics,End Sem,https://v1.nitj.ac.in/erp/academic_repository/uploads/2FkjwBqARL3inHay.pdf,
July-December 2025,B.Tech,2024,COMPUTER SCIENCE AND ENGINEERING,HMDC0201,Business Economics and Financial Accounting,Mid Sem,https://v1.nitj.ac.in/erp/academic_repository/uploads/x30851wTjMGXdk2m.pdf,
July-December 2025,B.Tech,2024,COMPUTER SCIENCE AND ENGINEERING,HMDC0201,Business Economics and Financial Accounting,End Sem,https://v1.nitj.ac.in/erp/academic_repository/uploads/2FJ6d0zPUQm7BClr.pdf,
July-December 2025,B.Tech,2024,DATA SCIENCE AND ENGINEERING,CSDC0101,Digital Circuits and Logic Design,Mid Sem,https://v1.nitj.ac.in/erp/academic_repository/uploads/WEL0I3BR9cPFVlmZ.pdf,
July-December 2025,B.Tech,2024,DATA SCIENCE AND ENGINEERING,CSDC0101,Digital Circuits and Logic Design,End Sem,https://v1.nitj.ac.in/erp/academic_repository/uploads/TCv2IbAlaBDz4EM7.pdf,
July-December 2025,B.Tech,2024,DATA SCIENCE AND ENGINEERING,CSDC0102,Discrete Structures,Mid Sem,https://v1.nitj.ac.in/erp/academic_repository/uploads/EkpAha25BvU34joD.pdf,
July-December 2025,B.Tech,2024,DATA SCIENCE AND ENGINEERING,CSDC0102,Discrete Structures,End Sem,https://v1.nitj.ac.in/erp/academic_repository/uploads/fLHI7SVrWbXsGujl.pdf,
July-December 2025,B.Tech,2024,DATA SCIENCE AND ENGINEERING,CSDC0201,Data Structures and Algorithms,Mid Sem,https://v1.nitj.ac.in/erp/academic_repository/uploads/ub0hpVIxR5rTa37y.pdf,
July-December 2025,B.Tech,2024,DATA SCIENCE AND ENGINEERING,CSDC0201,Data Structures and Algorithms,End Sem,https://v1.nitj.ac.in/erp/academic_repository/uploads/qvYum3iRbcNnBZ6Q.pdf,
July-December 2025,B.Tech,2024,DATA SCIENCE AND ENGINEERING,CSDC0203,Object Oriented Programming,Mid Sem,https://v1.nitj.ac.in/erp/academic_repository/uploads/eXzVpN41qI0uohKy.pdf,
July-December 2025,B.Tech,2024,DATA SCIENCE AND ENGINEERING,CSDC0203,Object Oriented Programming,End Sem,https://v1.nitj.ac.in/erp/academic_repository/uploads/4wbZ6vlNXdgIyPts.pdf,
July-December 2025,B.Tech,2024,DATA SCIENCE AND ENGINEERING,CSDC0205,Computer Organization and Architecture,Mid Sem,https://v1.nitj.ac.in/erp/academic_repository/uploads/XxbAMNdJgOcYVrHz.pdf,
July-December 2025,B.Tech,2024,DATA SCIENCE AND ENGINEERING,CSDC0205,Computer Organization and Architecture,End Sem,https://v1.nitj.ac.in/erp/academic_repository/uploads/ceP1ghbWX76sv9LQ.pdf,
July-December 2025,B.Tech,2024,DATA SCIENCE AND ENGINEERING,CSDC0207,Data Visualization for Product Design,Mid Sem,https://v1.nitj.ac.in/erp/academic_repository/uploads/RWjr45zYkGiKmqQD.pdf,
July-December 2025,B.Tech,2024,DATA SCIENCE AND ENGINEERING,CSDC0207,Data Visualization for Product Design,End Sem,https://v1.nitj.ac.in/erp/academic_repository/uploads/1SfCeBVFtqlZHjnb.pdf,
July-December 2025,B.Tech,2024,DATA SCIENCE AND ENGINEERING,CSDC0211,Mathematical Foundation for Data Science - I,Mid Sem,https://v1.nitj.ac.in/erp/academic_repository/uploads/sXw1kvCctjEo4yN3.pdf,
July-December 2025,B.Tech,2024,DATA SCIENCE AND ENGINEERING,CSDC0211,Mathematical Foundation for Data Science - I,End Sem,https://v1.nitj.ac.in/erp/academic_repository/uploads/MBtxeLYzjrol3Qha.pdf,
July-December 2025,B.Tech,2024,DATA SCIENCE AND ENGINEERING,HMDC0201,Business Economics and Financial Accounting,Mid Sem,https://v1.nitj.ac.in/erp/academic_repository/uploads/IpZolJ30TsfcWguU.pdf,
July-December 2025,B.Tech,2024,DATA SCIENCE AND ENGINEERING,HMDC0201,Business Economics and Financial Accounting,End Sem,https://v1.nitj.ac.in/erp/academic_repository/uploads/LWQVoGyaDNJ9j3mZ.pdf,
July-December 2025,B.Tech,2024,ELECTRONICS AND COMMUNICATION ENGINEERING,CSDC0201,Data Structures and Algorithms,Mid Sem,https://v1.nitj.ac.in/erp/academic_repository/uploads/qS3QTOH2rm9fdwNy.pdf,
July-December 2025,B.Tech,2024,ELECTRONICS AND COMMUNICATION ENGINEERING,CSDC0201,Data Structures and Algorithms,End Sem,https://v1.nitj.ac.in/erp/academic_repository/uploads/aJVRoD9tZWwpjI37.pdf,
July-December 2025,B.Tech,2024,ELECTRONICS AND COMMUNICATION ENGINEERING,ECDC0101,Circuit Theory,Mid Sem,https://v1.nitj.ac.in/erp/academic_repository/uploads/QGIBYUjnWPAdmaks.pdf,
July-December 2025,B.Tech,2024,ELECTRONICS AND COMMUNICATION ENGINEERING,ECDC0101,Circuit Theory,End Sem,https://v1.nitj.ac.in/erp/academic_repository/uploads/yL5K3AW9HXj07z4Z.pdf,
July-December 2025,B.Tech,2024,ELECTRONICS AND COMMUNICATION ENGINEERING,ECDC0201,Electromagnetic Field Theory and Transmission Lines,Mid Sem,https://v1.nitj.ac.in/erp/academic_repository/uploads/O2rHndbWLoRVlFtI.pdf,
July-December 2025,B.Tech,2024,ELECTRONICS AND COMMUNICATION ENGINEERING,ECDC0201,Electromagnetic Field Theory and Transmission Lines,End Sem,https://v1.nitj.ac.in/erp/academic_repository/uploads/N8qU7K3MkWE6berF.pdf,
July-December 2025,B.Tech,2024,ELECTRONICS AND COMMUNICATION ENGINEERING,ECDC0203,Electronic Devices and Circuits with Product Design,Mid Sem,https://v1.nitj.ac.in/erp/academic_repository/uploads/bnoilTuYyMICKJOk.pdf,
July-December 2025,B.Tech,2024,ELECTRONICS AND COMMUNICATION ENGINEERING,ECDC0203,Electronic Devices and Circuits with Product Design,End Sem,https://v1.nitj.ac.in/erp/academic_repository/uploads/rODGWb3at7lkFuLA.pdf,
July-December 2025,B.Tech,2024,ELECTRONICS AND COMMUNICATION ENGINEERING,ECDC0205,Digital Electronics,Mid Sem,https://v1.nitj.ac.in/erp/academic_repository/uploads/RW9s18qriczMabGk.pdf,
July-December 2025,B.Tech,2024,ELECTRONICS AND COMMUNICATION ENGINEERING,ECDC0205,Digital Electronics,End Sem,https://v1.nitj.ac.in/erp/academic_repository/uploads/u4BA58KPvGwakHzR.pdf,
July-December 2025,B.Tech,2024,ELECTRONICS AND COMMUNICATION ENGINEERING,ECDC0207,Signals and Systems,Mid Sem,https://v1.nitj.ac.in/erp/academic_repository/uploads/uIrmCndJlpkXAev5.pdf,
July-December 2025,B.Tech,2024,ELECTRONICS AND COMMUNICATION ENGINEERING,ECDC0207,Signals and Systems,End Sem,https://v1.nitj.ac.in/erp/academic_repository/uploads/lv2XHGyOapKwn3Yx.pdf,
July-December 2025,B.Tech,2024,ELECTRONICS AND COMMUNICATION ENGINEERING,ECDC0209,Analog Communication,Mid Sem,https://v1.nitj.ac.in/erp/academic_repository/uploads/KGfhBIY54NdpwtgA.pdf,
July-December 2025,B.Tech,2024,ELECTRONICS AND COMMUNICATION ENGINEERING,ECDC0209,Analog Communication,End Sem,https://v1.nitj.ac.in/erp/academic_repository/uploads/nHu8WjYoCOErVJ2t.pdf,
July-December 2025,B.Tech,2024,ELECTRONICS AND COMMUNICATION ENGINEERING,ECFC0104,Basic Electronics,Mid Sem,https://v1.nitj.ac.in/erp/academic_repository/uploads/7SuA0YHQowGm5jVn.pdf,
July-December 2025,B.Tech,2024,ELECTRONICS AND COMMUNICATION ENGINEERING,ECFC0104,Basic Electronics,End Sem,https://v1.nitj.ac.in/erp/academic_repository/uploads/D2vUayVR3tHBcrkJ.pdf,
July-December 2025,B.Tech,2024,ELECTRICAL ENGINEERING,CSDC0201,Data Structures and Algorithms,Mid Sem,https://v1.nitj.ac.in/erp/academic_repository/uploads/ZYJpsFoQjBUGVzmR.pdf,
July-December 2025,B.Tech,2024,ELECTRICAL ENGINEERING,CSDC0201,Data Structures and Algorithms,End Sem,https://v1.nitj.ac.in/erp/academic_repository/uploads/UXsnkB6zJF5hgLZw.pdf,
July-December 2025,B.Tech,2024,ELECTRICAL ENGINEERING,ECDC0215,Electronic Devices and Analog Integrated Circuits,Mid Sem,https://v1.nitj.ac.in/erp/academic_repository/uploads/gPucTqSxQrlIeNXK.pdf,
July-December 2025,B.Tech,2024,ELECTRICAL ENGINEERING,ECDC0215,Electronic Devices and Analog Integrated Circuits,End Sem,https://v1.nitj.ac.in/erp/academic_repository/uploads/DFCgfbrQdqEeia90.pdf,
July-December 2025,B.Tech,2024,ELECTRICAL ENGINEERING,EEDC0101,Basic Electrical Engineering,Mid Sem,https://v1.nitj.ac.in/erp/academic_repository/uploads/GEaI9q0WZ4o7FDgl.pdf,
July-December 2025,B.Tech,2024,ELECTRICAL ENGINEERING,EEDC0101,Basic Electrical Engineering,End Sem,https://v1.nitj.ac.in/erp/academic_repository/uploads/6RtcbKIEo0Pr7YaX.pdf,
July-December 2025,B.Tech,2024,ELECTRICAL ENGINEERING,EEDC0102,EMF Theory,Mid Sem,https://v1.nitj.ac.in/erp/academic_repository/uploads/BIX3lQJ0mhHv86VZ.pdf,
July-December 2025,B.Tech,2024,ELECTRICAL ENGINEERING,EEDC0102,EMF Theory,End Sem,https://v1.nitj.ac.in/erp/academic_repository/uploads/IVz0hy3x5gAKqkOQ.pdf,
July-December 2025,B.Tech,2024,ELECTRICAL ENGINEERING,EEDC0203,Circuit Theory,Mid Sem,https://v1.nitj.ac.in/erp/academic_repository/uploads/g0AMlnaWviH1y3Br.pdf,
July-December 2025,B.Tech,2024,ELECTRICAL ENGINEERING,EEDC0203,Circuit Theory,End Sem,https://v1.nitj.ac.in/erp/academic_repository/uploads/pU1JER6PqCtbiM57.pdf,
July-December 2025,B.Tech,2024,ELECTRICAL ENGINEERING,EEDC0205,Electrical Machines-I,Mid Sem,https://v1.nitj.ac.in/erp/academic_repository/uploads/dzKwLWPBDRuA3T5v.pdf,
July-December 2025,B.Tech,2024,ELECTRICAL ENGINEERING,EEDC0205,Electrical Machines-I,End Sem,https://v1.nitj.ac.in/erp/academic_repository/uploads/KTs6BQ25PONgDlnq.pdf,
July-December 2025,B.Tech,2024,ELECTRICAL ENGINEERING,EEDC0207,Digital Electronics,Mid Sem,https://v1.nitj.ac.in/erp/academic_repository/uploads/OUSjq4cvxbk8D0IQ.pdf,
July-December 2025,B.Tech,2024,ELECTRICAL ENGINEERING,EEDC0207,Digital Electronics,End Sem,https://v1.nitj.ac.in/erp/academic_repository/uploads/1aUHsjTGCROuz3hn.pdf,
July-December 2025,B.Tech,2024,ELECTRICAL ENGINEERING,EEDC0209,Measurements and Instrumentation,Mid Sem,https://v1.nitj.ac.in/erp/academic_repository/uploads/MUnuw0vgzNiE1krP.pdf,
July-December 2025,B.Tech,2024,ELECTRICAL ENGINEERING,EEDC0209,Measurements and Instrumentation,End Sem,https://v1.nitj.ac.in/erp/academic_repository/uploads/46iBWjr7bu9MqTl2.pdf,
July-December 2025,B.Tech,2024,INSTRUMENTATION AND CONTROL ENGINEERING,ECDC0213,Analog and Digital Electronics,Mid Sem,https://v1.nitj.ac.in/erp/academic_repository/uploads/SEZDIi3zUkL5VvBF.pdf,
July-December 2025,B.Tech,2024,INSTRUMENTATION AND CONTROL ENGINEERING,ECDC0213,Analog and Digital Electronics,End Sem,https://v1.nitj.ac.in/erp/academic_repository/uploads/7AUtpxGI4N5Tlvfd.pdf,
July-December 2025,B.Tech,2024,INSTRUMENTATION AND CONTROL ENGINEERING,ICDC0201,Circuit Theory,Mid Sem,https://v1.nitj.ac.in/erp/academic_repository/uploads/Gc63YlqgiUFPkB4H.pdf,
July-December 2025,B.Tech,2024,INSTRUMENTATION AND CONTROL ENGINEERING,ICDC0201,Circuit Theory,End Sem,https://v1.nitj.ac.in/erp/academic_repository/uploads/9zV2o3REXL0CSpav.pdf,
July-December 2025,B.Tech,2024,INSTRUMENTATION AND CONTROL ENGINEERING,ICDC0203,Electrical Measurements and Measuring Instruments,Mid Sem,https://v1.nitj.ac.in/erp/academic_repository/uploads/x30ERF74cq6liZmr.pdf,
July-December 2025,B.Tech,2024,INSTRUMENTATION AND CONTROL ENGINEERING,ICDC0203,Electrical Measurements and Measuring Instruments,End Sem,https://v1.nitj.ac.in/erp/academic_repository/uploads/ZNEWMgth5eXrTPj2.pdf,
July-December 2025,B.Tech,2024,INSTRUMENTATION AND CONTROL ENGINEERING,ICDC0205,Transducers and Signal Conditioning,Mid Sem,https://v1.nitj.ac.in/erp/academic_repository/uploads/tyAG4Q0WP65eIL1q.pdf,
July-December 2025,B.Tech,2024,INSTRUMENTATION AND CONTROL ENGINEERING,ICDC0205,Transducers and Signal Conditioning,End Sem,https://v1.nitj.ac.in/erp/academic_repository/uploads/ZLyNJTl8saPkEHDr.pdf,
July-December 2025,B.Tech,2024,INSTRUMENTATION AND CONTROL ENGINEERING,MCDC0203,Numerical Methods,Mid Sem,https://v1.nitj.ac.in/erp/academic_repository/uploads/JTmgsY5rPCploD8n.pdf,
July-December 2025,B.Tech,2024,INSTRUMENTATION AND CONTROL ENGINEERING,MCDC0203,Numerical Methods,End Sem,https://v1.nitj.ac.in/erp/academic_repository/uploads/98wHjJp3d4TDYZQX.pdf,
July-December 2025,B.Tech,2024,INDUSTRIAL AND PRODUCTION ENGINEERING,IPDC0201,Machine Drawing and CAD,Mid Sem,https://v1.nitj.ac.in/erp/academic_repository/uploads/QNT0BMEszudxhbje.pdf,
July-December 2025,B.Tech,2024,INDUSTRIAL AND PRODUCTION ENGINEERING,IPDC0201,Machine Drawing and CAD,End Sem,https://v1.nitj.ac.in/erp/academic_repository/uploads/aeBWVqKRdXySxpFH.pdf,
July-December 2025,B.Tech,2024,INDUSTRIAL AND PRODUCTION ENGINEERING,IPDC0203,Production Planning and Control,Mid Sem,https://v1.nitj.ac.in/erp/academic_repository/uploads/Bxi7vDkhEdgXrFmS.pdf,
July-December 2025,B.Tech,2024,INDUSTRIAL AND PRODUCTION ENGINEERING,IPDC0203,Production Planning and Control,End Sem,https://v1.nitj.ac.in/erp/academic_repository/uploads/xy1TMSqGcbuFDnRL.pdf,
July-December 2025,B.Tech,2024,INDUSTRIAL AND PRODUCTION ENGINEERING,IPDC0205,Mechanics of Materials,Mid Sem,https://v1.nitj.ac.in/erp/academic_repository/uploads/R1FBgTLe4vPkADHr.pdf,
July-December 2025,B.Tech,2024,INDUSTRIAL AND PRODUCTION ENGINEERING,IPDC0205,Mechanics of Materials,End Sem,https://v1.nitj.ac.in/erp/academic_repository/uploads/fFPXORWnbJj5hitE.pdf,
July-December 2025,B.Tech,2024,INDUSTRIAL AND PRODUCTION ENGINEERING,IPDC0207,Material Science and Metallurgy,Mid Sem,https://v1.nitj.ac.in/erp/academic_repository/uploads/Zgy2abYKUx58enWM.pdf,
July-December 2025,B.Tech,2024,INDUSTRIAL AND PRODUCTION ENGINEERING,IPDC0207,Material Science and Metallurgy,End Sem,https://v1.nitj.ac.in/erp/academic_repository/uploads/t6mQcH7g5IfSYLhn.pdf,
July-December 2025,B.Tech,2024,INDUSTRIAL AND PRODUCTION ENGINEERING,IPDC0209,Statistics,Mid Sem,https://v1.nitj.ac.in/erp/academic_repository/uploads/aHtxdKRMOTok4VUI.pdf,
July-December 2025,B.Tech,2024,INDUSTRIAL AND PRODUCTION ENGINEERING,IPDC0209,Statistics,End Sem,https://v1.nitj.ac.in/erp/academic_repository/uploads/Nqci3t1U5hbCOpT8.pdf,
July-December 2025,B.Tech,2024,INDUSTRIAL AND PRODUCTION ENGINEERING,IPDC0211,Manufacturing Technology-I,Mid Sem,https://v1.nitj.ac.in/erp/academic_repository/uploads/QpVFbToH8PZgMXq7.pdf,
July-December 2025,B.Tech,2024,INDUSTRIAL AND PRODUCTION ENGINEERING,IPDC0211,Manufacturing Technology-I,End Sem,https://v1.nitj.ac.in/erp/academic_repository/uploads/g8Wk2nv37wNjpx9s.pdf,
July-December 2025,B.Tech,2024,INFORMATION TECHNOLOGY,ITDC0201,Object Oriented Programming,Mid Sem,https://v1.nitj.ac.in/erp/academic_repository/uploads/EC19iJoGBMUw7gdv.pdf,
July-December 2025,B.Tech,2024,INFORMATION TECHNOLOGY,ITDC0201,Object Oriented Programming,End Sem,https://v1.nitj.ac.in/erp/academic_repository/uploads/1qZnFyHXISYRfems.pdf,
July-December 2025,B.Tech,2024,INFORMATION TECHNOLOGY,ITDC0203,Data Structures,Mid Sem,https://v1.nitj.ac.in/erp/academic_repository/uploads/ljXKTasEzFUkBHWw.pdf,
July-December 2025,B.Tech,2024,INFORMATION TECHNOLOGY,ITDC0203,Data Structures,End Sem,https://v1.nitj.ac.in/erp/academic_repository/uploads/1LRbOK0qWM6Dgvsx.pdf,
July-December 2025,B.Tech,2024,INFORMATION TECHNOLOGY,ITDC0205,Web Technologies,Mid Sem,https://v1.nitj.ac.in/erp/academic_repository/uploads/jAkyF3eaoXuURQrN.pdf,
July-December 2025,B.Tech,2024,INFORMATION TECHNOLOGY,ITDC0205,Web Technologies,End Sem,https://v1.nitj.ac.in/erp/academic_repository/uploads/rv8V6nBkl9Rw1EFi.pdf,
July-December 2025,B.Tech,2024,INFORMATION TECHNOLOGY,ITDC0207,Database Management Systems,Mid Sem,https://v1.nitj.ac.in/erp/academic_repository/uploads/YKM3vEzXtiZNFp9O.pdf,
July-December 2025,B.Tech,2024,INFORMATION TECHNOLOGY,ITDC0207,Database Management Systems,End Sem,https://v1.nitj.ac.in/erp/academic_repository/uploads/NMluSqIjKvGZOb1H.pdf,
July-December 2025,B.Tech,2024,INFORMATION TECHNOLOGY,ITDC0209,Computer System Architecture,Mid Sem,https://v1.nitj.ac.in/erp/academic_repository/uploads/YQz1Dk8sF2lNvHEa.pdf,
July-December 2025,B.Tech,2024,INFORMATION TECHNOLOGY,ITDC0209,Computer System Architecture,End Sem,https://v1.nitj.ac.in/erp/academic_repository/uploads/XsDrieANHLx6nfQh.pdf,
July-December 2025,B.Tech,2024,INFORMATION TECHNOLOGY,ITDC0211,Discrete Structures,Mid Sem,https://v1.nitj.ac.in/erp/academic_repository/uploads/cAw8PUGNRlJL32My.pdf,
July-December 2025,B.Tech,2024,INFORMATION TECHNOLOGY,ITDC0211,Discrete Structures,End Sem,https://v1.nitj.ac.in/erp/academic_repository/uploads/pH1iKnVNdaDyYQPZ.pdf,
July-December 2025,B.Tech,2024,MATHEMATICS AND COMPUTING,MADC0101,Real and Complex Analysis,Mid Sem,https://v1.nitj.ac.in/erp/academic_repository/uploads/cjgYy45THOkAWsIU.pdf,
July-December 2025,B.Tech,2024,MATHEMATICS AND COMPUTING,MADC0101,Real and Complex Analysis,End Sem,https://v1.nitj.ac.in/erp/academic_repository/uploads/xzWVCOHra71pSMEh.pdf,
July-December 2025,B.Tech,2024,MATHEMATICS AND COMPUTING,MCDC0201,Mathematics-III,Mid Sem,https://v1.nitj.ac.in/erp/academic_repository/uploads/AB9FOPniMbNUf1j0.pdf,
July-December 2025,B.Tech,2024,MATHEMATICS AND COMPUTING,MCDC0201,Mathematics-III,End Sem,https://v1.nitj.ac.in/erp/academic_repository/uploads/y8EMaTAnJU567gj4.pdf,
July-December 2025,B.Tech,2024,MATHEMATICS AND COMPUTING,MCDC0203,Numerical Methods,Mid Sem,https://v1.nitj.ac.in/erp/academic_repository/uploads/qf6XAirLHhBOKlZT.pdf,
July-December 2025,B.Tech,2024,MATHEMATICS AND COMPUTING,MCDC0203,Numerical Methods,End Sem,https://v1.nitj.ac.in/erp/academic_repository/uploads/uGj7JZv8TFY5VXOH.pdf,
July-December 2025,B.Tech,2024,MATHEMATICS AND COMPUTING,MCDC0205,Probability and Statistics,Mid Sem,https://v1.nitj.ac.in/erp/academic_repository/uploads/qGdakzT02Ans3pKU.pdf,
July-December 2025,B.Tech,2024,MATHEMATICS AND COMPUTING,MCDC0205,Probability and Statistics,End Sem,https://v1.nitj.ac.in/erp/academic_repository/uploads/XVvL93yTkusUWrcj.pdf,
July-December 2025,B.Tech,2024,MATHEMATICS AND COMPUTING,MCDC0207,Data Structures and Algorithms,Mid Sem,https://v1.nitj.ac.in/erp/academic_repository/uploads/tyIbGZVdQiW5kXnA.pdf,
July-December 2025,B.Tech,2024,MATHEMATICS AND COMPUTING,MCDC0207,Data Structures and Algorithms,End Sem,https://v1.nitj.ac.in/erp/academic_repository/uploads/Scrhkgv5oxqbFUGj.pdf,
July-December 2025,B.Tech,2024,MATHEMATICS AND COMPUTING,MCDC0209,Modern Algebra and Number Theory,Mid Sem,https://v1.nitj.ac.in/erp/academic_repository/uploads/UGEJQXmlpIONAZs9.pdf,
July-December 2025,B.Tech,2024,MATHEMATICS AND COMPUTING,MCDC0209,Modern Algebra and Number Theory,End Sem,https://v1.nitj.ac.in/erp/academic_repository/uploads/RcND9WmTu8zGCYBk.pdf,
July-December 2025,B.Tech,2024,MATHEMATICS AND COMPUTING,MCDC0211,Optimization Techniques,Mid Sem,https://v1.nitj.ac.in/erp/academic_repository/uploads/ldTqtUmZFDvOMY6W.pdf,
July-December 2025,B.Tech,2024,MATHEMATICS AND COMPUTING,MCDC0211,Optimization Techniques,End Sem,https://v1.nitj.ac.in/erp/academic_repository/uploads/L6qlbBSJukjIV3GO.pdf,
July-December 2025,B.Tech,2024,MECHANICAL ENGINEERING,MEDC0201,Mechanics of Materials,Mid Sem,https://v1.nitj.ac.in/erp/academic_repository/uploads/QbfW4MkBwFpEzGmr.pdf,
July-December 2025,B.Tech,2024,MECHANICAL ENGINEERING,MEDC0201,Mechanics of Materials,End Sem,https://v1.nitj.ac.in/erp/academic_repository/uploads/IegX5ZAuWM3dPqNK.pdf,
July-December 2025,B.Tech,2024,MECHANICAL ENGINEERING,MEDC0203,Theory of Machines,Mid Sem,https://v1.nitj.ac.in/erp/academic_repository/uploads/RrLfOnpvGjVPsolX.pdf,
July-December 2025,B.Tech,2024,MECHANICAL ENGINEERING,MEDC0203,Theory of Machines,End Sem,https://v1.nitj.ac.in/erp/academic_repository/uploads/CjxpsfVDYIToKbBU.pdf,
July-December 2025,B.Tech,2024,MECHANICAL ENGINEERING,MEDC0205,Computer Aided Machine Drawing,Mid Sem,https://v1.nitj.ac.in/erp/academic_repository/uploads/h3OWYJu8XzpaoTvL.pdf,
July-December 2025,B.Tech,2024,MECHANICAL ENGINEERING,MEDC0205,Computer Aided Machine Drawing,End Sem,https://v1.nitj.ac.in/erp/academic_repository/uploads/fjZnOwpVYeTC6aRv.pdf,
July-December 2025,B.Tech,2024,MECHANICAL ENGINEERING,MEDC0207,Applied Thermodynamics,Mid Sem,https://v1.nitj.ac.in/erp/academic_repository/uploads/bOT0qGF98CI2gaSp.pdf,
July-December 2025,B.Tech,2024,MECHANICAL ENGINEERING,MEDC0207,Applied Thermodynamics,End Sem,https://v1.nitj.ac.in/erp/academic_repository/uploads/0HSiul2gE6sWAYy8.pdf,
July-December 2025,B.Tech,2024,MECHANICAL ENGINEERING,MEDC0209,Materials Science for Engineers,Mid Sem,https://v1.nitj.ac.in/erp/academic_repository/uploads/fRrI5q4Y8AHpwJVg.pdf,
July-December 2025,B.Tech,2024,MECHANICAL ENGINEERING,MEDC0209,Materials Science for Engineers,End Sem,https://v1.nitj.ac.in/erp/academic_repository/uploads/f3Wp0aMoSu4ys6h1.pdf,
July-December 2025,B.Tech,2024,MECHANICAL ENGINEERING,MEDC0211,Fluid Mechanics,Mid Sem,https://v1.nitj.ac.in/erp/academic_repository/uploads/UxeQMnKDy6i8cRHZ.pdf,
July-December 2025,B.Tech,2024,MECHANICAL ENGINEERING,MEDC0211,Fluid Mechanics,End Sem,https://v1.nitj.ac.in/erp/academic_repository/uploads/SizIpBUdc7Qb9gx8.pdf,
July-December 2025,B.Tech,2024,TEXTILE TECHNOLOGY,TTDC0201,Manmade Fibers,Mid Sem,https://v1.nitj.ac.in/erp/academic_repository/uploads/QgTzKDYC0Roi7jn5.pdf,
July-December 2025,B.Tech,2024,TEXTILE TECHNOLOGY,TTDC0201,Manmade Fibers,End Sem,https://v1.nitj.ac.in/erp/academic_repository/uploads/1HKge8OmGkFupL4I.pdf,
July-December 2025,B.Tech,2024,TEXTILE TECHNOLOGY,TTDC0203,Yarn Formation-I,Mid Sem,https://v1.nitj.ac.in/erp/academic_repository/uploads/6aCqSrLwJPoMc97k.pdf,
July-December 2025,B.Tech,2024,TEXTILE TECHNOLOGY,TTDC0203,Yarn Formation-I,End Sem,https://v1.nitj.ac.in/erp/academic_repository/uploads/sO6oFSfHPNtKv1GZ.pdf,
July-December 2025,B.Tech,2024,TEXTILE TECHNOLOGY,TTDC0205,Preparatory and Basic Fabric Formation,Mid Sem,https://v1.nitj.ac.in/erp/academic_repository/uploads/gShBaxRu5ZbrN04i.pdf,
July-December 2025,B.Tech,2024,TEXTILE TECHNOLOGY,TTDC0205,Preparatory and Basic Fabric Formation,End Sem,https://v1.nitj.ac.in/erp/academic_repository/uploads/Yr1A3B0u9zVcdkt2.pdf,
July-December 2025,B.Tech,2024,TEXTILE TECHNOLOGY,TTDC0207,Preparatory and Coloration of Textiles,Mid Sem,https://v1.nitj.ac.in/erp/academic_repository/uploads/9yQsBRFN3z8DeP7S.pdf,
July-December 2025,B.Tech,2024,TEXTILE TECHNOLOGY,TTDC0207,Preparatory and Coloration of Textiles,End Sem,https://v1.nitj.ac.in/erp/academic_repository/uploads/mCwyQBu8F59kfKGa.pdf,
July-December 2025,B.Tech,2024,TEXTILE TECHNOLOGY,TTDC0209,Fabric Structure and Design Analysis,Mid Sem,https://v1.nitj.ac.in/erp/academic_repository/uploads/mOMnWHQ9wGEKBRVj.pdf,
July-December 2025,B.Tech,2024,TEXTILE TECHNOLOGY,TTDC0209,Fabric Structure and Design Analysis,End Sem,https://v1.nitj.ac.in/erp/academic_repository/uploads/bXotpl7FW2YnrNUe.pdf,
July-December 2025,B.Tech,2024,TEXTILE TECHNOLOGY,TTDC0211,Properties of Fibers,Mid Sem,https://v1.nitj.ac.in/erp/academic_repository/uploads/Jxg9kTlbh0XwCMrR.pdf,
July-December 2025,B.Tech,2024,TEXTILE TECHNOLOGY,TTDC0211,Properties of Fibers,End Sem,https://v1.nitj.ac.in/erp/academic_repository/uploads/ycwJDzI4O5idep7F.pdf,
July-December 2025,B.Tech,2024,ELECTRONICS AND VLSI ENGINEERING,CSDC0201,Data Structures and Algorithms,Mid Sem,https://v1.nitj.ac.in/erp/academic_repository/uploads/syJRfczHmhZPqWG7.pdf,
July-December 2025,B.Tech,2024,ELECTRONICS AND VLSI ENGINEERING,CSDC0201,Data Structures and Algorithms,End Sem,https://v1.nitj.ac.in/erp/academic_repository/uploads/HfpVZsuXx0dDhNCF.pdf,
July-December 2025,B.Tech,2024,ELECTRONICS AND VLSI ENGINEERING,ECDC0201,Electromagnetic Field Theory and Transmission Lines,Mid Sem,https://v1.nitj.ac.in/erp/academic_repository/uploads/HgmYp6BMzPwXfEVT.pdf,
July-December 2025,B.Tech,2024,ELECTRONICS AND VLSI ENGINEERING,ECDC0201,Electromagnetic Field Theory and Transmission Lines,End Sem,https://v1.nitj.ac.in/erp/academic_repository/uploads/INunzA8swXf9gJFv.pdf,
July-December 2025,B.Tech,2024,ELECTRONICS AND VLSI ENGINEERING,ECDC0203,Electronic Devices and Circuits with Product Design,Mid Sem,https://v1.nitj.ac.in/erp/academic_repository/uploads/U9VMse5clQmT4WXR.pdf,
July-December 2025,B.Tech,2024,ELECTRONICS AND VLSI ENGINEERING,ECDC0203,Electronic Devices and Circuits with Product Design,End Sem,https://v1.nitj.ac.in/erp/academic_repository/uploads/OTE7CmqRt6MLnVpe.pdf,
July-December 2025,B.Tech,2024,ELECTRONICS AND VLSI ENGINEERING,ECDC0205,Digital Electronics,Mid Sem,https://v1.nitj.ac.in/erp/academic_repository/uploads/4h2XWmgHYdkAxr5T.pdf,
July-December 2025,B.Tech,2024,ELECTRONICS AND VLSI ENGINEERING,ECDC0205,Digital Electronics,End Sem,https://v1.nitj.ac.in/erp/academic_repository/uploads/W1yI5C7Z8KdO302S.pdf,
July-December 2025,B.Tech,2024,ELECTRONICS AND VLSI ENGINEERING,ECDC0207,Signals and Systems,Mid Sem,https://v1.nitj.ac.in/erp/academic_repository/uploads/0yvzNkFEl95I1bsH.pdf,
July-December 2025,B.Tech,2024,ELECTRONICS AND VLSI ENGINEERING,ECDC0207,Signals and Systems,End Sem,https://v1.nitj.ac.in/erp/academic_repository/uploads/JnYI4iS6H5hTKQmu.pdf,
July-December 2025,B.Tech,2024,ELECTRONICS AND VLSI ENGINEERING,ECDC0211,Analog and Digital Communication,Mid Sem,https://v1.nitj.ac.in/erp/academic_repository/uploads/g3wsOP1QRW42SNYE.pdf,
July-December 2025,B.Tech,2024,ELECTRONICS AND VLSI ENGINEERING,ECDC0211,Analog and Digital Communication,End Sem,https://v1.nitj.ac.in/erp/academic_repository/uploads/RN3H2LlseKjw6mJ7.pdf,
July-December 2025,B.Tech,2023,BIO TECHNOLOGY,BTDC-0301,Animal and Plant Tissue Culture,Mid Sem,https://v1.nitj.ac.in/erp/academic_repository/uploads/7Flq4shmBjJVZwpt.pdf,
July-December 2025,B.Tech,2023,BIO TECHNOLOGY,BTDC-0301,Animal and Plant Tissue Culture,End Sem,https://v1.nitj.ac.in/erp/academic_repository/uploads/gWrYS1zCKjGiVR7D.pdf,
July-December 2025,B.Tech,2023,BIO TECHNOLOGY,BTDC-0303,Separation Methods in Biotechnology,Mid Sem,https://v1.nitj.ac.in/erp/academic_repository/uploads/YHKzTuP4FNLMkmva.pdf,
July-December 2025,B.Tech,2023,BIO TECHNOLOGY,BTDC-0303,Separation Methods in Biotechnology,End Sem,https://v1.nitj.ac.in/erp/academic_repository/uploads/RuHk6QwmAjp0eiO1.pdf,
July-December 2025,B.Tech,2023,BIO TECHNOLOGY,BTDC-0305,Immunology,Mid Sem,https://v1.nitj.ac.in/erp/academic_repository/uploads/yO4DZwVqN01nTicx.pdf,
July-December 2025,B.Tech,2023,BIO TECHNOLOGY,BTDC-0305,Immunology,End Sem,https://v1.nitj.ac.in/erp/academic_repository/uploads/cNnsVxmwC4izRp2Z.pdf,
July-December 2025,B.Tech,2023,BIO TECHNOLOGY,BTDC-0307,Food Process Biotechnology,Mid Sem,https://v1.nitj.ac.in/erp/academic_repository/uploads/dHe6bZo32DwxrF9X.pdf,
July-December 2025,B.Tech,2023,BIO TECHNOLOGY,BTDC-0307,Food Process Biotechnology,End Sem,https://v1.nitj.ac.in/erp/academic_repository/uploads/aPgbrzmv2xUotqfy.pdf,
July-December 2025,B.Tech,2023,BIO TECHNOLOGY,BTDE-0307,Biostatistics,Mid Sem,https://v1.nitj.ac.in/erp/academic_repository/uploads/802wnedMTuIPUcV9.pdf,
July-December 2025,B.Tech,2023,BIO TECHNOLOGY,BTDE-0307,Biostatistics,End Sem,https://v1.nitj.ac.in/erp/academic_repository/uploads/SKqPUQdjGArcT7V2.pdf,
July-December 2025,B.Tech,2023,CIVIL ENGINEERING,CEDC0301,Design of Concrete Structure-I,Mid Sem,https://v1.nitj.ac.in/erp/academic_repository/uploads/7soV1Wlr83twEkbT.pdf,
July-December 2025,B.Tech,2023,CIVIL ENGINEERING,CEDC0301,Design of Concrete Structure-I,End Sem,https://v1.nitj.ac.in/erp/academic_repository/uploads/ag7tIFkep8vxNTfH.pdf,
July-December 2025,B.Tech,2023,CIVIL ENGINEERING,CEDC0303,Foundation Engineering,Mid Sem,https://v1.nitj.ac.in/erp/academic_repository/uploads/D50kunANP8gx4BVt.pdf,
July-December 2025,B.Tech,2023,CIVIL ENGINEERING,CEDC0303,Foundation Engineering,End Sem,https://v1.nitj.ac.in/erp/academic_repository/uploads/huTbCwHNUy7km5f2.pdf,
July-December 2025,B.Tech,2023,CIVIL ENGINEERING,CEDC0305,Highways and Traffic Engineering,Mid Sem,https://v1.nitj.ac.in/erp/academic_repository/uploads/46nA1CzhLFrNtjPo.pdf,
July-December 2025,B.Tech,2023,CIVIL ENGINEERING,CEDC0305,Highways and Traffic Engineering,End Sem,https://v1.nitj.ac.in/erp/academic_repository/uploads/UsNmJrnbyV1fq5Wk.pdf,
July-December 2025,B.Tech,2023,CIVIL ENGINEERING,CEDC0307,Structural Analysis-II,Mid Sem,https://v1.nitj.ac.in/erp/academic_repository/uploads/t3V7C2snR4Wf6NaM.pdf,
July-December 2025,B.Tech,2023,CIVIL ENGINEERING,CEDC0307,Structural Analysis-II,End Sem,https://v1.nitj.ac.in/erp/academic_repository/uploads/SX1mMRyflU27kAxa.pdf,
July-December 2025,B.Tech,2023,CIVIL ENGINEERING,CEDE0302,Design of Steel Structure-II,Mid Sem,https://v1.nitj.ac.in/erp/academic_repository/uploads/5hpNR7oEOXBUWzys.pdf,
July-December 2025,B.Tech,2023,CIVIL ENGINEERING,CEDE0302,Design of Steel Structure-II,End Sem,https://v1.nitj.ac.in/erp/academic_repository/uploads/yTDVpIZiMUvjPXzb.pdf,
July-December 2025,B.Tech,2023,CIVIL ENGINEERING,CEDE0304,Environmental Geotechnology,Mid Sem,https://v1.nitj.ac.in/erp/academic_repository/uploads/NGu8HP7ca4WMf26g.pdf,
July-December 2025,B.Tech,2023,CIVIL ENGINEERING,CEDE0304,Environmental Geotechnology,End Sem,https://v1.nitj.ac.in/erp/academic_repository/uploads/GpEqHfW0xkASmlwK.pdf,
July-December 2025,B.Tech,2023,CIVIL ENGINEERING,CEDE0311,Engineering Behaviour of Rocks,Mid Sem,https://v1.nitj.ac.in/erp/academic_repository/uploads/2jsYZKLF8pvAkC9I.pdf,
July-December 2025,B.Tech,2023,CIVIL ENGINEERING,CEDE0311,Engineering Behaviour of Rocks,End Sem,https://v1.nitj.ac.in/erp/academic_repository/uploads/5B68ReYTMGhKoS9i.pdf,
July-December 2025,B.Tech,2023,CHEMICAL ENGINEERING,CHDC0301,Chemical Reaction Engineering-II,Mid Sem,https://v1.nitj.ac.in/erp/academic_repository/uploads/953TDxvBE40yYJiR.pdf,
July-December 2025,B.Tech,2023,CHEMICAL ENGINEERING,CHDC0301,Chemical Reaction Engineering-II,End Sem,https://v1.nitj.ac.in/erp/academic_repository/uploads/EglNs9ChMoqDi8xT.pdf,
July-December 2025,B.Tech,2023,CHEMICAL ENGINEERING,CHDC0303,Mass Transfer-II,Mid Sem,https://v1.nitj.ac.in/erp/academic_repository/uploads/CdpGxZvBF32NUoqP.pdf,
July-December 2025,B.Tech,2023,CHEMICAL ENGINEERING,CHDC0303,Mass Transfer-II,End Sem,https://v1.nitj.ac.in/erp/academic_repository/uploads/CyFdD1lzrSjcRZgG.pdf,
July-December 2025,B.Tech,2023,CHEMICAL ENGINEERING,CHDC0305,Chemical Process Control and Artificial Intellligence,Mid Sem,https://v1.nitj.ac.in/erp/academic_repository/uploads/wtuPSG6erTZlVbJO.pdf,
July-December 2025,B.Tech,2023,CHEMICAL ENGINEERING,CHDC0305,Chemical Process Control and Artificial Intellligence,End Sem,https://v1.nitj.ac.in/erp/academic_repository/uploads/b2uVkE3aldPDtIMm.pdf,
July-December 2025,B.Tech,2023,CHEMICAL ENGINEERING,CHDC0307,Chemical Technology-II,Mid Sem,https://v1.nitj.ac.in/erp/academic_repository/uploads/RAroFtWqiseHUl90.pdf,
July-December 2025,B.Tech,2023,CHEMICAL ENGINEERING,CHDC0307,Chemical Technology-II,End Sem,https://v1.nitj.ac.in/erp/academic_repository/uploads/UoPa0lW15RehdxpV.pdf,
July-December 2025,B.Tech,2023,CHEMICAL ENGINEERING,CHDE0354,Nano Science and Technology,Mid Sem,https://v1.nitj.ac.in/erp/academic_repository/uploads/mYizCbUwkI19PX7F.pdf,
July-December 2025,B.Tech,2023,CHEMICAL ENGINEERING,CHDE0354,Nano Science and Technology,End Sem,https://v1.nitj.ac.in/erp/academic_repository/uploads/sR7BvNecmlxzPga0.pdf,
July-December 2025,B.Tech,2023,CHEMICAL ENGINEERING,CHDE0359,petroleum refining technology,Mid Sem,https://v1.nitj.ac.in/erp/academic_repository/uploads/4evKEQ3CZbtcIJfV.pdf,
July-December 2025,B.Tech,2023,CHEMICAL ENGINEERING,CHDE0359,petroleum refining technology,End Sem,https://v1.nitj.ac.in/erp/academic_repository/uploads/dU3nZAQXJkSI0vyq.pdf,
July-December 2025,B.Tech,2023,CHEMICAL ENGINEERING,CHGE0354,Nano Science and Technology,Mid Sem,https://v1.nitj.ac.in/erp/academic_repository/uploads/5qIDlH8AUeji0P9T.pdf,
July-December 2025,B.Tech,2023,CHEMICAL ENGINEERING,CHGE0354,Nano Science and Technology,End Sem,https://v1.nitj.ac.in/erp/academic_repository/uploads/2R0Ep7n1Uw3zHDvg.pdf,
July-December 2025,B.Tech,2023,COMPUTER SCIENCE AND ENGINEERING,CSDC0301,Artificial Intelligence,Mid Sem,https://v1.nitj.ac.in/erp/academic_repository/uploads/4RZGo9wmKusIHPn5.pdf,
July-December 2025,B.Tech,2023,COMPUTER SCIENCE AND ENGINEERING,CSDC0301,Artificial Intelligence,End Sem,https://v1.nitj.ac.in/erp/academic_repository/uploads/mOSo18nU6GvhiYzk.pdf,
July-December 2025,B.Tech,2023,COMPUTER SCIENCE AND ENGINEERING,CSDC0303,Compiler Design,Mid Sem,https://v1.nitj.ac.in/erp/academic_repository/uploads/dMNGWjoCFcTwbUBI.pdf,
July-December 2025,B.Tech,2023,COMPUTER SCIENCE AND ENGINEERING,CSDC0303,Compiler Design,End Sem,https://v1.nitj.ac.in/erp/academic_repository/uploads/wkYHo1fDr7UZnTBp.pdf,
July-December 2025,B.Tech,2023,COMPUTER SCIENCE AND ENGINEERING,CSDC0305,Operating Systems,Mid Sem,https://v1.nitj.ac.in/erp/academic_repository/uploads/90pSrPuLdEIJFOxy.pdf,
July-December 2025,B.Tech,2023,COMPUTER SCIENCE AND ENGINEERING,CSDC0305,Operating Systems,End Sem,https://v1.nitj.ac.in/erp/academic_repository/uploads/hvzXOR0gJfuGoN6F.pdf,
July-December 2025,B.Tech,2023,COMPUTER SCIENCE AND ENGINEERING,CSDC0307,Data Mining and Analytics,Mid Sem,https://v1.nitj.ac.in/erp/academic_repository/uploads/CbLxrGwaOUcFlIhn.pdf,
July-December 2025,B.Tech,2023,COMPUTER SCIENCE AND ENGINEERING,CSDC0307,Data Mining and Analytics,End Sem,https://v1.nitj.ac.in/erp/academic_repository/uploads/qSpcM4AeZK1LO7NH.pdf,
July-December 2025,B.Tech,2023,COMPUTER SCIENCE AND ENGINEERING,CSDE0302,Advanced DBMS,Mid Sem,https://v1.nitj.ac.in/erp/academic_repository/uploads/eKpaDr2qgR4kMsFW.pdf,
July-December 2025,B.Tech,2023,COMPUTER SCIENCE AND ENGINEERING,CSDE0302,Advanced DBMS,End Sem,https://v1.nitj.ac.in/erp/academic_repository/uploads/tXngUTk8C3QsR7lA.pdf,
July-December 2025,B.Tech,2023,COMPUTER SCIENCE AND ENGINEERING,CSDE0304,Natural Language Processing,Mid Sem,https://v1.nitj.ac.in/erp/academic_repository/uploads/Es9Na5Oj3iCoctwR.pdf,
July-December 2025,B.Tech,2023,COMPUTER SCIENCE AND ENGINEERING,CSDE0304,Natural Language Processing,End Sem,https://v1.nitj.ac.in/erp/academic_repository/uploads/M3KI2H1EWlUFAJq5.pdf,
July-December 2025,B.Tech,2023,COMPUTER SCIENCE AND ENGINEERING,CSDE0312,Network Security and Cyber Forensics,Mid Sem,https://v1.nitj.ac.in/erp/academic_repository/uploads/GywriUpAt72sf38c.pdf,
July-December 2025,B.Tech,2023,COMPUTER SCIENCE AND ENGINEERING,CSDE0312,Network Security and Cyber Forensics,End Sem,https://v1.nitj.ac.in/erp/academic_repository/uploads/ksWyCBZDnjIEQh4J.pdf,
July-December 2025,B.Tech,2023,COMPUTER SCIENCE AND ENGINEERING,CSDE0314,Cloud Computing,Mid Sem,https://v1.nitj.ac.in/erp/academic_repository/uploads/2N0TAqyCircVZHb9.pdf,
July-December 2025,B.Tech,2023,COMPUTER SCIENCE AND ENGINEERING,CSDE0314,Cloud Computing,End Sem,https://v1.nitj.ac.in/erp/academic_repository/uploads/69A5fOEdYX2SMnQZ.pdf,
July-December 2025,B.Tech,2023,COMPUTER SCIENCE AND ENGINEERING,CSGE0302,Advanced DBMS,Mid Sem,https://v1.nitj.ac.in/erp/academic_repository/uploads/gKzAq1SHTnmVvlui.pdf,
July-December 2025,B.Tech,2023,COMPUTER SCIENCE AND ENGINEERING,CSGE0302,Advanced DBMS,End Sem,https://v1.nitj.ac.in/erp/academic_repository/uploads/sEG2oySbdRm34jIL.pdf,
July-December 2025,B.Tech,2023,COMPUTER SCIENCE AND ENGINEERING,CSGE0304,Natural Language Processing,Mid Sem,https://v1.nitj.ac.in/erp/academic_repository/uploads/OCbBDh2fJr1aEv3u.pdf,
July-December 2025,B.Tech,2023,COMPUTER SCIENCE AND ENGINEERING,CSGE0304,Natural Language Processing,End Sem,https://v1.nitj.ac.in/erp/academic_repository/uploads/fCUVyqjiswkhbQID.pdf,
July-December 2025,B.Tech,2023,COMPUTER SCIENCE AND ENGINEERING,CSGE0312,Network Security and Cyber Forensics,Mid Sem,https://v1.nitj.ac.in/erp/academic_repository/uploads/nHhCeklp8izVFjvu.pdf,
July-December 2025,B.Tech,2023,COMPUTER SCIENCE AND ENGINEERING,CSGE0312,Network Security and Cyber Forensics,End Sem,https://v1.nitj.ac.in/erp/academic_repository/uploads/Nnv25069bHDjlMYp.pdf,
July-December 2025,B.Tech,2023,COMPUTER SCIENCE AND ENGINEERING,CSGE0314,Cloud Computing,Mid Sem,https://v1.nitj.ac.in/erp/academic_repository/uploads/NW0u6fkMoHTbpRPg.pdf,
July-December 2025,B.Tech,2023,COMPUTER SCIENCE AND ENGINEERING,CSGE0314,Cloud Computing,End Sem,https://v1.nitj.ac.in/erp/academic_repository/uploads/jlsR1G3x8TfrUdNg.pdf,
July-December 2025,B.Tech,2023,DATA SCIENCE AND ENGINEERING,CSDC0301,Artificial Intelligence,Mid Sem,https://v1.nitj.ac.in/erp/academic_repository/uploads/EAyDiXdHJU1PCFB4.pdf,
July-December 2025,B.Tech,2023,DATA SCIENCE AND ENGINEERING,CSDC0301,Artificial Intelligence,End Sem,https://v1.nitj.ac.in/erp/academic_repository/uploads/3KIlLeYtVw01ZCN9.pdf,
July-December 2025,B.Tech,2023,DATA SCIENCE AND ENGINEERING,CSDC0305,Operating Systems,Mid Sem,https://v1.nitj.ac.in/erp/academic_repository/uploads/iYZ0wUXOJ2R8yDTf.pdf,
July-December 2025,B.Tech,2023,DATA SCIENCE AND ENGINEERING,CSDC0305,Operating Systems,End Sem,https://v1.nitj.ac.in/erp/academic_repository/uploads/9uS6E2yWjZFdpi0P.pdf,
July-December 2025,B.Tech,2023,DATA SCIENCE AND ENGINEERING,CSDC0307,Data Mining and Analytics,Mid Sem,https://v1.nitj.ac.in/erp/academic_repository/uploads/Z2xphWgAeiRVMukU.pdf,
July-December 2025,B.Tech,2023,DATA SCIENCE AND ENGINEERING,CSDC0307,Data Mining and Analytics,End Sem,https://v1.nitj.ac.in/erp/academic_repository/uploads/j87tu0zcNWHIlvnD.pdf,
July-December 2025,B.Tech,2023,DATA SCIENCE AND ENGINEERING,CSDC0309,Computer Vision,Mid Sem,https://v1.nitj.ac.in/erp/academic_repository/uploads/1iDWs4fK9jxBRHQt.pdf,
July-December 2025,B.Tech,2023,DATA SCIENCE AND ENGINEERING,CSDC0309,Computer Vision,End Sem,https://v1.nitj.ac.in/erp/academic_repository/uploads/eB2oDqQxv8XgGy6I.pdf,
July-December 2025,B.Tech,2023,DATA SCIENCE AND ENGINEERING,CSDE0302,Advanced DBMS,Mid Sem,https://v1.nitj.ac.in/erp/academic_repository/uploads/RxEm4ewZ9FPuv803.pdf,
July-December 2025,B.Tech,2023,DATA SCIENCE AND ENGINEERING,CSDE0302,Advanced DBMS,End Sem,https://v1.nitj.ac.in/erp/academic_repository/uploads/PsEMqGc0hHwduxTl.pdf,
July-December 2025,B.Tech,2023,DATA SCIENCE AND ENGINEERING,CSDE0312,Network Security and Cyber Forensics,Mid Sem,https://v1.nitj.ac.in/erp/academic_repository/uploads/H4YvfuGeE6Wjc2V9.pdf,
July-December 2025,B.Tech,2023,DATA SCIENCE AND ENGINEERING,CSDE0312,Network Security and Cyber Forensics,End Sem,https://v1.nitj.ac.in/erp/academic_repository/uploads/3edtiSzY17h0aCov.pdf,
July-December 2025,B.Tech,2023,ELECTRONICS AND COMMUNICATION ENGINEERING,ECDC0301,Antenna and Wave Propagation,Mid Sem,https://v1.nitj.ac.in/erp/academic_repository/uploads/hKHWsqLDtzmfup2v.pdf,
July-December 2025,B.Tech,2023,ELECTRONICS AND COMMUNICATION ENGINEERING,ECDC0301,Antenna and Wave Propagation,End Sem,https://v1.nitj.ac.in/erp/academic_repository/uploads/LGpVYkTviA6JHEzX.pdf,
July-December 2025,B.Tech,2023,ELECTRONICS AND COMMUNICATION ENGINEERING,ECDC0303,Advanced Microprocessor and Peripherals,Mid Sem,https://v1.nitj.ac.in/erp/academic_repository/uploads/PmBh6Z4zUx9Xj2nE.pdf,
July-December 2025,B.Tech,2023,ELECTRONICS AND COMMUNICATION ENGINEERING,ECDC0303,Advanced Microprocessor and Peripherals,End Sem,https://v1.nitj.ac.in/erp/academic_repository/uploads/g4G2jsEQNi8xLoZH.pdf,
July-December 2025,B.Tech,2023,ELECTRONICS AND COMMUNICATION ENGINEERING,ECDC0305,Data Communication Networks and Internet of Things,Mid Sem,https://v1.nitj.ac.in/erp/academic_repository/uploads/qGzXbAWcp6C3PNZF.pdf,
July-December 2025,B.Tech,2023,ELECTRONICS AND COMMUNICATION ENGINEERING,ECDC0305,Data Communication Networks and Internet of Things,End Sem,https://v1.nitj.ac.in/erp/academic_repository/uploads/YlNKw5PtBmQTchap.pdf,
July-December 2025,B.Tech,2023,ELECTRONICS AND COMMUNICATION ENGINEERING,ECDC0307,Digital Signal Processing,Mid Sem,https://v1.nitj.ac.in/erp/academic_repository/uploads/7vDsQCWTLP5y4Nro.pdf,
July-December 2025,B.Tech,2023,ELECTRONICS AND COMMUNICATION ENGINEERING,ECDC0307,Digital Signal Processing,End Sem,https://v1.nitj.ac.in/erp/academic_repository/uploads/T4AUgOqaWznVxwZQ.pdf,
July-December 2025,B.Tech,2023,ELECTRONICS AND COMMUNICATION ENGINEERING,ECDC0309,Wireless Communication,Mid Sem,https://v1.nitj.ac.in/erp/academic_repository/uploads/Fp37XgYI1c4nPqGe.pdf,
July-December 2025,B.Tech,2023,ELECTRONICS AND COMMUNICATION ENGINEERING,ECDC0309,Wireless Communication,End Sem,https://v1.nitj.ac.in/erp/academic_repository/uploads/FxmMODpoVWsRetSY.pdf,
July-December 2025,B.Tech,2023,ELECTRONICS AND COMMUNICATION ENGINEERING,ECDC0355,Gamificaiton,Mid Sem,https://v1.nitj.ac.in/erp/academic_repository/uploads/rS2Plh61xJ5KDUbR.pdf,
July-December 2025,B.Tech,2023,ELECTRONICS AND COMMUNICATION ENGINEERING,ECDC0355,Gamificaiton,End Sem,https://v1.nitj.ac.in/erp/academic_repository/uploads/UmV6MA3QNFY250LI.pdf,
July-December 2025,B.Tech,2023,ELECTRONICS AND COMMUNICATION ENGINEERING,ECDE0356,Nanoelectronics,Mid Sem,https://v1.nitj.ac.in/erp/academic_repository/uploads/4YQ6ZIgiAkB9vsVC.pdf,
July-December 2025,B.Tech,2023,ELECTRONICS AND COMMUNICATION ENGINEERING,ECDE0356,Nanoelectronics,End Sem,https://v1.nitj.ac.in/erp/academic_repository/uploads/M7HaZlqg8IoCzdw1.pdf,
July-December 2025,B.Tech,2023,ELECTRONICS AND COMMUNICATION ENGINEERING,ECGE0355,Gamificaiton,Mid Sem,https://v1.nitj.ac.in/erp/academic_repository/uploads/FfckyuSZrwGNQgXl.pdf,
July-December 2025,B.Tech,2023,ELECTRONICS AND COMMUNICATION ENGINEERING,ECGE0355,Gamificaiton,End Sem,https://v1.nitj.ac.in/erp/academic_repository/uploads/Y5s34zxD6awV8FEc.pdf,
July-December 2025,B.Tech,2023,ELECTRONICS AND COMMUNICATION ENGINEERING,ECGE0356,Naonoelectronics,Mid Sem,https://v1.nitj.ac.in/erp/academic_repository/uploads/icYK54yNTMF938gQ.pdf,
July-December 2025,B.Tech,2023,ELECTRONICS AND COMMUNICATION ENGINEERING,ECGE0356,Naonoelectronics,End Sem,https://v1.nitj.ac.in/erp/academic_repository/uploads/dJK2RMjtgX7bW6yY.pdf,
July-December 2025,B.Tech,2023,ELECTRICAL ENGINEERING,EEDC0311,Transmission and Distribution of Electric Power,Mid Sem,https://v1.nitj.ac.in/erp/academic_repository/uploads/FW3MVzvkEaqHPmft.pdf,
July-December 2025,B.Tech,2023,ELECTRICAL ENGINEERING,EEDC0311,Transmission and Distribution of Electric Power,End Sem,https://v1.nitj.ac.in/erp/academic_repository/uploads/vmCebLUQ281x5stN.pdf,
July-December 2025,B.Tech,2023,ELECTRICAL ENGINEERING,EEDC0313,Control System Engineering,Mid Sem,https://v1.nitj.ac.in/erp/academic_repository/uploads/fcwF80g5By9ZTUQm.pdf,
July-December 2025,B.Tech,2023,ELECTRICAL ENGINEERING,EEDC0313,Control System Engineering,End Sem,https://v1.nitj.ac.in/erp/academic_repository/uploads/yqIuTD3XNFYQ6Acj.pdf,
July-December 2025,B.Tech,2023,ELECTRICAL ENGINEERING,EEDC0315,Digital Signal Processing,Mid Sem,https://v1.nitj.ac.in/erp/academic_repository/uploads/AwQ7yYDZOdXjpPNa.pdf,
July-December 2025,B.Tech,2023,ELECTRICAL ENGINEERING,EEDC0315,Digital Signal Processing,End Sem,https://v1.nitj.ac.in/erp/academic_repository/uploads/geH0Zp7LqPXClOow.pdf,
July-December 2025,B.Tech,2023,ELECTRICAL ENGINEERING,EEDC0317,Microprocessors and Interfacing,Mid Sem,https://v1.nitj.ac.in/erp/academic_repository/uploads/DwTVKcdWzjhi2CvI.pdf,
July-December 2025,B.Tech,2023,ELECTRICAL ENGINEERING,EEDC0317,Microprocessors and Interfacing,End Sem,https://v1.nitj.ac.in/erp/academic_repository/uploads/sMNcYlSTxz8UZkf0.pdf,
July-December 2025,B.Tech,2023,ELECTRICAL ENGINEERING,EEDE0357,Soft Computing Techniques,Mid Sem,https://v1.nitj.ac.in/erp/academic_repository/uploads/6skJvIBoQ2X0LmK8.pdf,
July-December 2025,B.Tech,2023,ELECTRICAL ENGINEERING,EEDE0357,Soft Computing Techniques,End Sem,https://v1.nitj.ac.in/erp/academic_repository/uploads/XZdiE4pPIoFLJGKm.pdf,
July-December 2025,B.Tech,2023,ELECTRICAL ENGINEERING,EEGE0357,Soft Computing Techniques,Mid Sem,https://v1.nitj.ac.in/erp/academic_repository/uploads/JD7g6frQFqkTGYXe.pdf,
July-December 2025,B.Tech,2023,ELECTRICAL ENGINEERING,EEGE0357,Soft Computing Techniques,End Sem,https://v1.nitj.ac.in/erp/academic_repository/uploads/I2t6YgQ0mRf4VJAp.pdf,
July-December 2025,B.Tech,2023,ELECTRICAL ENGINEERING,HMDC0307,Entrepreneurship Development and Management,Mid Sem,https://v1.nitj.ac.in/erp/academic_repository/uploads/qfSroQt8gwhG5uVs.pdf,
July-December 2025,B.Tech,2023,ELECTRICAL ENGINEERING,HMDC0307,Entrepreneurship Development and Management,End Sem,https://v1.nitj.ac.in/erp/academic_repository/uploads/RCBy6ZE0pn7mKvQa.pdf,
July-December 2025,B.Tech,2023,HUMANITIES AND MANAGEMENT (Open Elective),HMGE0413,Human Resource Management,Mid Sem,https://v1.nitj.ac.in/erp/academic_repository/uploads/5gKzlQHWwRuSDcGm.pdf,
July-December 2025,B.Tech,2023,HUMANITIES AND MANAGEMENT (Open Elective),HMGE0413,Human Resource Management,End Sem,https://v1.nitj.ac.in/erp/academic_repository/uploads/zOvJPk5KbZhf9mnN.pdf,
July-December 2025,B.Tech,2023,INSTRUMENTATION AND CONTROL ENGINEERING,ICDC0301,Microprocessors and Embedded Systems,Mid Sem,https://v1.nitj.ac.in/erp/academic_repository/uploads/x9CmLQlzZWI1ohXy.pdf,
July-December 2025,B.Tech,2023,INSTRUMENTATION AND CONTROL ENGINEERING,ICDC0301,Microprocessors and Embedded Systems,End Sem,https://v1.nitj.ac.in/erp/academic_repository/uploads/T0GX9eCUEcSvPH2r.pdf,
July-December 2025,B.Tech,2023,INSTRUMENTATION AND CONTROL ENGINEERING,ICDC0303,Modern Control System,Mid Sem,https://v1.nitj.ac.in/erp/academic_repository/uploads/zul3WGXr18ObtgQD.pdf,
July-December 2025,B.Tech,2023,INSTRUMENTATION AND CONTROL ENGINEERING,ICDC0303,Modern Control System,End Sem,https://v1.nitj.ac.in/erp/academic_repository/uploads/9aqSt45F6UZCXr2i.pdf,
July-December 2025,B.Tech,2023,INSTRUMENTATION AND CONTROL ENGINEERING,ICDC0305,Analytical and Optical Instrumentation,Mid Sem,https://v1.nitj.ac.in/erp/academic_repository/uploads/5mE3yzMXrbHdohOf.pdf,
July-December 2025,B.Tech,2023,INSTRUMENTATION AND CONTROL ENGINEERING,ICDC0305,Analytical and Optical Instrumentation,End Sem,https://v1.nitj.ac.in/erp/academic_repository/uploads/T3rQESYZxl6iu0JM.pdf,
July-December 2025,B.Tech,2023,INSTRUMENTATION AND CONTROL ENGINEERING,ICDC0307,Process Dynamics and Control,Mid Sem,https://v1.nitj.ac.in/erp/academic_repository/uploads/XpFzefO7LgAYGVvw.pdf,
July-December 2025,B.Tech,2023,INSTRUMENTATION AND CONTROL ENGINEERING,ICDC0307,Process Dynamics and Control,End Sem,https://v1.nitj.ac.in/erp/academic_repository/uploads/aciV9b7rhpZJyHEs.pdf,
July-December 2025,B.Tech,2023,INSTRUMENTATION AND CONTROL ENGINEERING,ICDE0301,Discrete Control Systems,Mid Sem,https://v1.nitj.ac.in/erp/academic_repository/uploads/9K1YdaWzGlie8bvq.pdf,
July-December 2025,B.Tech,2023,INSTRUMENTATION AND CONTROL ENGINEERING,ICDE0301,Discrete Control Systems,End Sem,https://v1.nitj.ac.in/erp/academic_repository/uploads/YyitMUXC128J9cmS.pdf,
July-December 2025,B.Tech,2023,INSTRUMENTATION AND CONTROL ENGINEERING,ICDE0305,Testing and Calibration,Mid Sem,https://v1.nitj.ac.in/erp/academic_repository/uploads/f2sBb7CcAWdLNp9r.pdf,
July-December 2025,B.Tech,2023,INSTRUMENTATION AND CONTROL ENGINEERING,ICDE0305,Testing and Calibration,End Sem,https://v1.nitj.ac.in/erp/academic_repository/uploads/Usp3PJ9DfdXAgc5v.pdf,
July-December 2025,B.Tech,2023,INSTRUMENTATION AND CONTROL ENGINEERING,ICDE0307,Advanced Measurement Systems,Mid Sem,https://v1.nitj.ac.in/erp/academic_repository/uploads/JwkLNlTzhaSX3nW0.pdf,
July-December 2025,B.Tech,2023,INSTRUMENTATION AND CONTROL ENGINEERING,ICDE0307,Advanced Measurement Systems,End Sem,https://v1.nitj.ac.in/erp/academic_repository/uploads/uJIMTdZoOrY9k38W.pdf,
July-December 2025,B.Tech,2023,INSTRUMENTATION AND CONTROL ENGINEERING,ICGE0305,Testing and Calibration,Mid Sem,https://v1.nitj.ac.in/erp/academic_repository/uploads/dYwrg4lHKbWC96vQ.pdf,
July-December 2025,B.Tech,2023,INSTRUMENTATION AND CONTROL ENGINEERING,ICGE0305,Testing and Calibration,End Sem,https://v1.nitj.ac.in/erp/academic_repository/uploads/CuLN7bnRUisBHV0Q.pdf,
July-December 2025,B.Tech,2023,INSTRUMENTATION AND CONTROL ENGINEERING,ICGE0307,Advanced Measurement Systems,Mid Sem,https://v1.nitj.ac.in/erp/academic_repository/uploads/vhbN6X8cWCGSsIQg.pdf,
July-December 2025,B.Tech,2023,INSTRUMENTATION AND CONTROL ENGINEERING,ICGE0307,Advanced Measurement Systems,End Sem,https://v1.nitj.ac.in/erp/academic_repository/uploads/8vsGr3CU0fAYXxad.pdf,
July-December 2025,B.Tech,2023,INDUSTRIAL AND PRODUCTION ENGINEERING,IPDC0301,Work Study and Ergonomics,Mid Sem,https://v1.nitj.ac.in/erp/academic_repository/uploads/MLh8sTaxFUyBu0ZO.pdf,
July-December 2025,B.Tech,2023,INDUSTRIAL AND PRODUCTION ENGINEERING,IPDC0301,Work Study and Ergonomics,End Sem,https://v1.nitj.ac.in/erp/academic_repository/uploads/MavbNlfOtCV5L7pW.pdf,
July-December 2025,B.Tech,2023,INDUSTRIAL AND PRODUCTION ENGINEERING,IPDC0303,Quality Management,Mid Sem,https://v1.nitj.ac.in/erp/academic_repository/uploads/O4cSfdoTj6Dy07He.pdf,
July-December 2025,B.Tech,2023,INDUSTRIAL AND PRODUCTION ENGINEERING,IPDC0303,Quality Management,End Sem,https://v1.nitj.ac.in/erp/academic_repository/uploads/zIRZiMJLnvPWsQ4t.pdf,
July-December 2025,B.Tech,2023,INDUSTRIAL AND PRODUCTION ENGINEERING,IPDC0305,Operations Research,Mid Sem,https://v1.nitj.ac.in/erp/academic_repository/uploads/GCHJcrPlABFg4xmR.pdf,
July-December 2025,B.Tech,2023,INDUSTRIAL AND PRODUCTION ENGINEERING,IPDC0305,Operations Research,End Sem,https://v1.nitj.ac.in/erp/academic_repository/uploads/TWOE2YBFAlyaJ0cH.pdf,
July-December 2025,B.Tech,2023,INDUSTRIAL AND PRODUCTION ENGINEERING,IPDC0307,Materials Management,Mid Sem,https://v1.nitj.ac.in/erp/academic_repository/uploads/gp13j0LWdurfaTSJ.pdf,
July-December 2025,B.Tech,2023,INDUSTRIAL AND PRODUCTION ENGINEERING,IPDC0307,Materials Management,End Sem,https://v1.nitj.ac.in/erp/academic_repository/uploads/VH34eoxsBtIYTbg8.pdf,
July-December 2025,B.Tech,2023,INDUSTRIAL AND PRODUCTION ENGINEERING,IPDC0309,Smart Manufacturing,Mid Sem,https://v1.nitj.ac.in/erp/academic_repository/uploads/kwlOZxh6azIU0QEF.pdf,
July-December 2025,B.Tech,2023,INDUSTRIAL AND PRODUCTION ENGINEERING,IPDC0309,Smart Manufacturing,End Sem,https://v1.nitj.ac.in/erp/academic_repository/uploads/u26RJFpZgwh4UxXM.pdf,
July-December 2025,B.Tech,2023,INDUSTRIAL AND PRODUCTION ENGINEERING,IPDE0321,Entrepreneurial Development and Management,Mid Sem,https://v1.nitj.ac.in/erp/academic_repository/uploads/PN25SYhjHqmxsATD.pdf,
July-December 2025,B.Tech,2023,INDUSTRIAL AND PRODUCTION ENGINEERING,IPDE0321,Entrepreneurial Development and Management,End Sem,https://v1.nitj.ac.in/erp/academic_repository/uploads/Qqi3n4EOgCXT1mKa.pdf,
July-December 2025,B.Tech,2023,INDUSTRIAL AND PRODUCTION ENGINEERING,IPDE0332,Automobile Engineering,Mid Sem,https://v1.nitj.ac.in/erp/academic_repository/uploads/zriOcLwXevQICobK.pdf,
July-December 2025,B.Tech,2023,INDUSTRIAL AND PRODUCTION ENGINEERING,IPDE0332,Automobile Engineering,End Sem,https://v1.nitj.ac.in/erp/academic_repository/uploads/NIRhaD2AjlB45Gd0.pdf,
July-December 2025,B.Tech,2023,INDUSTRIAL AND PRODUCTION ENGINEERING,IPGE0321,Entrepreneurial Development and Management,Mid Sem,https://v1.nitj.ac.in/erp/academic_repository/uploads/oEGSij7xVJyfeuOL.pdf,
July-December 2025,B.Tech,2023,INDUSTRIAL AND PRODUCTION ENGINEERING,IPGE0321,Entrepreneurial Development and Management,End Sem,https://v1.nitj.ac.in/erp/academic_repository/uploads/L3x7sdYhN8geqiVk.pdf,
July-December 2025,B.Tech,2023,INFORMATION TECHNOLOGY,ITDC0301,Object Oriented Modelling and Design using UML,Mid Sem,https://v1.nitj.ac.in/erp/academic_repository/uploads/FAYHKCpDzkZd8bIS.pdf,
July-December 2025,B.Tech,2023,INFORMATION TECHNOLOGY,ITDC0301,Object Oriented Modelling and Design using UML,End Sem,https://v1.nitj.ac.in/erp/academic_repository/uploads/gHKet5zSvpTUyMBl.pdf,
July-December 2025,B.Tech,2023,INFORMATION TECHNOLOGY,ITDC0303,Java Programming,Mid Sem,https://v1.nitj.ac.in/erp/academic_repository/uploads/srnjY3G8TFKiO7Ne.pdf,
July-December 2025,B.Tech,2023,INFORMATION TECHNOLOGY,ITDC0303,Java Programming,End Sem,https://v1.nitj.ac.in/erp/academic_repository/uploads/Vcwa5d74XSM2eRgF.pdf,
July-December 2025,B.Tech,2023,INFORMATION TECHNOLOGY,ITDC0305,Artificial Intelligence,Mid Sem,https://v1.nitj.ac.in/erp/academic_repository/uploads/aqfMcHLhwQe856uD.pdf,
July-December 2025,B.Tech,2023,INFORMATION TECHNOLOGY,ITDC0305,Artificial Intelligence,End Sem,https://v1.nitj.ac.in/erp/academic_repository/uploads/vOWm23qKJaeV94Qn.pdf,
July-December 2025,B.Tech,2023,INFORMATION TECHNOLOGY,ITDC0307,Cryptography and Network Security,Mid Sem,https://v1.nitj.ac.in/erp/academic_repository/uploads/Yqiel6XmOEBG47bZ.pdf,
July-December 2025,B.Tech,2023,INFORMATION TECHNOLOGY,ITDC0307,Cryptography and Network Security,End Sem,https://v1.nitj.ac.in/erp/academic_repository/uploads/iE9lVuWBCTDm6ba2.pdf,
July-December 2025,B.Tech,2023,INFORMATION TECHNOLOGY,ITDE0351,Data Mining,Mid Sem,https://v1.nitj.ac.in/erp/academic_repository/uploads/OWNL9zicjK5VExt7.pdf,
July-December 2025,B.Tech,2023,INFORMATION TECHNOLOGY,ITDE0351,Data Mining,End Sem,https://v1.nitj.ac.in/erp/academic_repository/uploads/kqTp5r9xNWn6OycZ.pdf,
July-December 2025,B.Tech,2023,INFORMATION TECHNOLOGY,ITDE0353,Computer Graphics And Applications,Mid Sem,https://v1.nitj.ac.in/erp/academic_repository/uploads/89aX1eOx5BEChTYf.pdf,
July-December 2025,B.Tech,2023,INFORMATION TECHNOLOGY,ITDE0353,Computer Graphics And Applications,End Sem,https://v1.nitj.ac.in/erp/academic_repository/uploads/zFbdomyi08IVPw1B.pdf,
July-December 2025,B.Tech,2023,INFORMATION TECHNOLOGY,ITGE0351,Data Mining,Mid Sem,https://v1.nitj.ac.in/erp/academic_repository/uploads/uVKhdlpUFIRmGHqz.pdf,
July-December 2025,B.Tech,2023,INFORMATION TECHNOLOGY,ITGE0351,Data Mining,End Sem,https://v1.nitj.ac.in/erp/academic_repository/uploads/JY2fsQXLepZqvmwB.pdf,
July-December 2025,B.Tech,2023,INFORMATION TECHNOLOGY,ITPC-304,Object-Oriented Modeling and Design with UML,Mid Sem,https://v1.nitj.ac.in/erp/academic_repository/uploads/QlI59BuyZVk8bDhW.pdf,
July-December 2025,B.Tech,2023,MECHANICAL ENGINEERING,MEDC0301,Design of Machine Elements,Mid Sem,https://v1.nitj.ac.in/erp/academic_repository/uploads/DSOheM0zoQ2KBLZY.pdf,
July-December 2025,B.Tech,2023,MECHANICAL ENGINEERING,MEDC0301,Design of Machine Elements,End Sem,https://v1.nitj.ac.in/erp/academic_repository/uploads/L64bYnCKNMQj1Xe7.pdf,
July-December 2025,B.Tech,2023,MECHANICAL ENGINEERING,MEDC0303,Heat Transfer,Mid Sem,https://v1.nitj.ac.in/erp/academic_repository/uploads/wD0UjhtE56Y3MyQL.pdf,
July-December 2025,B.Tech,2023,MECHANICAL ENGINEERING,MEDC0303,Heat Transfer,End Sem,https://v1.nitj.ac.in/erp/academic_repository/uploads/VR8gMlWdFiEQTB1n.pdf,
July-December 2025,B.Tech,2023,MECHANICAL ENGINEERING,MEDC0305,Mechatronics,Mid Sem,https://v1.nitj.ac.in/erp/academic_repository/uploads/hzCmMB1LgSabue93.pdf,
July-December 2025,B.Tech,2023,MECHANICAL ENGINEERING,MEDC0305,Mechatronics,End Sem,https://v1.nitj.ac.in/erp/academic_repository/uploads/zgyUEqpPHFaCrGcQ.pdf,
July-December 2025,B.Tech,2023,MECHANICAL ENGINEERING,MEDC0307,Mechanical Measurements,Mid Sem,https://v1.nitj.ac.in/erp/academic_repository/uploads/R2Wks9izUx8j0YrD.pdf,
July-December 2025,B.Tech,2023,MECHANICAL ENGINEERING,MEDC0307,Mechanical Measurements,End Sem,https://v1.nitj.ac.in/erp/academic_repository/uploads/ZkJHmyh0QNG7on8Y.pdf,
July-December 2025,B.Tech,2023,MECHANICAL ENGINEERING,MEDC0309,Industrial Hydraulics and Pneumatics,Mid Sem,https://v1.nitj.ac.in/erp/academic_repository/uploads/M5e6kubJX7lE2Oif.pdf,
July-December 2025,B.Tech,2023,MECHANICAL ENGINEERING,MEDC0309,Industrial Hydraulics and Pneumatics,End Sem,https://v1.nitj.ac.in/erp/academic_repository/uploads/HwMJuB0eQC9zVK8r.pdf,
July-December 2025,B.Tech,2023,MECHANICAL ENGINEERING,MEDE0308,Hydrogen Energy,Mid Sem,https://v1.nitj.ac.in/erp/academic_repository/uploads/jwHmSapRZ25BcnNr.pdf,
July-December 2025,B.Tech,2023,MECHANICAL ENGINEERING,MEDE0308,Hydrogen Energy,End Sem,https://v1.nitj.ac.in/erp/academic_repository/uploads/unRVlFrOMgyaQTot.pdf,
July-December 2025,B.Tech,2023,MECHANICAL ENGINEERING,MEDE0315,Non-Conventional Energy,Mid Sem,https://v1.nitj.ac.in/erp/academic_repository/uploads/GYidLkby30Eh7xWZ.pdf,
July-December 2025,B.Tech,2023,MECHANICAL ENGINEERING,MEDE0315,Non-Conventional Energy,End Sem,https://v1.nitj.ac.in/erp/academic_repository/uploads/Gqmk43Z6xV8ISrvt.pdf,
July-December 2025,B.Tech,2023,MECHANICAL ENGINEERING,MEGE0308,Hydrogen Energy,Mid Sem,https://v1.nitj.ac.in/erp/academic_repository/uploads/4Q1zhAOyk0fLTYGR.pdf,
July-December 2025,B.Tech,2023,MECHANICAL ENGINEERING,MEGE0308,Hydrogen Energy,End Sem,https://v1.nitj.ac.in/erp/academic_repository/uploads/FUi7agxSlHMGv2dV.pdf,
July-December 2025,B.Tech,2023,TEXTILE TECHNOLOGY,TTDC0301,Textile Testing,Mid Sem,https://v1.nitj.ac.in/erp/academic_repository/uploads/VT0AezEgalUSmjyx.pdf,
July-December 2025,B.Tech,2023,TEXTILE TECHNOLOGY,TTDC0301,Textile Testing,End Sem,https://v1.nitj.ac.in/erp/academic_repository/uploads/bvCNw2hlpnSzWFrY.pdf,
July-December 2025,B.Tech,2023,TEXTILE TECHNOLOGY,TTDC0303,Theory of Textile Structure,Mid Sem,https://v1.nitj.ac.in/erp/academic_repository/uploads/d0SGhyia7Ytm3Tz2.pdf,
July-December 2025,B.Tech,2023,TEXTILE TECHNOLOGY,TTDC0303,Theory of Textile Structure,End Sem,https://v1.nitj.ac.in/erp/academic_repository/uploads/Z0QrUsodDy1Sxjvh.pdf,
July-December 2025,B.Tech,2023,TEXTILE TECHNOLOGY,TTDC0305,Nonwoven Technology,Mid Sem,https://v1.nitj.ac.in/erp/academic_repository/uploads/TXCVKb2PYA491myU.pdf,
July-December 2025,B.Tech,2023,TEXTILE TECHNOLOGY,TTDC0305,Nonwoven Technology,End Sem,https://v1.nitj.ac.in/erp/academic_repository/uploads/kw7bpvuIAGcKC50Y.pdf,
July-December 2025,B.Tech,2023,TEXTILE TECHNOLOGY,TTDC0307,Sustainable Textile Technologies,Mid Sem,https://v1.nitj.ac.in/erp/academic_repository/uploads/e5hsoGXFnucN2Hf9.pdf,
July-December 2025,B.Tech,2023,TEXTILE TECHNOLOGY,TTDC0307,Sustainable Textile Technologies,End Sem,https://v1.nitj.ac.in/erp/academic_repository/uploads/Pz9WE4KjoR3fmihH.pdf,
July-December 2025,B.Tech,2023,TEXTILE TECHNOLOGY,TTDC0309,Process Control in Textiles,Mid Sem,https://v1.nitj.ac.in/erp/academic_repository/uploads/GXCQh5ogUayKS60w.pdf,
July-December 2025,B.Tech,2023,TEXTILE TECHNOLOGY,TTDC0309,Process Control in Textiles,End Sem,https://v1.nitj.ac.in/erp/academic_repository/uploads/mAwxy7OCDi92aIlQ.pdf,
July-December 2025,B.Tech,2023,TEXTILE TECHNOLOGY,TTDE0311,Modelling Data for Supervised Machine Learning,Mid Sem,https://v1.nitj.ac.in/erp/academic_repository/uploads/dP2I4fS8HuZBFgoe.pdf,
July-December 2025,B.Tech,2023,TEXTILE TECHNOLOGY,TTDE0311,Modelling Data for Supervised Machine Learning,End Sem,https://v1.nitj.ac.in/erp/academic_repository/uploads/ZIs5YwGOlyBma7uU.pdf,
July-December 2025,B.Tech,2023,TEXTILE TECHNOLOGY,TTGE0311,Modelling Data for Supervised Machine Learning,Mid Sem,https://v1.nitj.ac.in/erp/academic_repository/uploads/flMXFbaIuU3rRep5.pdf,
July-December 2025,B.Tech,2023,TEXTILE TECHNOLOGY,TTGE0311,Modelling Data for Supervised Machine Learning,End Sem,https://v1.nitj.ac.in/erp/academic_repository/uploads/abTusAQIGOPjDLFB.pdf,
July-December 2025,B.Tech,2023,ELECTRONICS AND VLSI ENGINEERING,ECDC0303,Advanced Microprocessor and Peripherals,Mid Sem,https://v1.nitj.ac.in/erp/academic_repository/uploads/zIeDLsY8lAZdx1qo.pdf,
July-December 2025,B.Tech,2023,ELECTRONICS AND VLSI ENGINEERING,ECDC0303,Advanced Microprocessor and Peripherals,End Sem,https://v1.nitj.ac.in/erp/academic_repository/uploads/5kNr9CwV0ZGJnaRI.pdf,
July-December 2025,B.Tech,2023,ELECTRONICS AND VLSI ENGINEERING,ECDC0305,Data Communication Networks and Internet of Things,Mid Sem,https://v1.nitj.ac.in/erp/academic_repository/uploads/azUGXC352mLSYRTd.pdf,
July-December 2025,B.Tech,2023,ELECTRONICS AND VLSI ENGINEERING,ECDC0305,Data Communication Networks and Internet of Things,End Sem,https://v1.nitj.ac.in/erp/academic_repository/uploads/iY3W0HTCm6tDGPpe.pdf,
July-December 2025,B.Tech,2023,ELECTRONICS AND VLSI ENGINEERING,ECDC0307,Digital Signal Processing,Mid Sem,https://v1.nitj.ac.in/erp/academic_repository/uploads/1xCvPYBJyKel9ajM.pdf,
July-December 2025,B.Tech,2023,ELECTRONICS AND VLSI ENGINEERING,ECDC0307,Digital Signal Processing,End Sem,https://v1.nitj.ac.in/erp/academic_repository/uploads/b38HvlwuJZ5keO0X.pdf,
July-December 2025,B.Tech,2023,ELECTRONICS AND VLSI ENGINEERING,ECDC0311,CMOS Analog IC Design,Mid Sem,https://v1.nitj.ac.in/erp/academic_repository/uploads/OmSinDfvBgj3NLP1.pdf,
July-December 2025,B.Tech,2023,ELECTRONICS AND VLSI ENGINEERING,ECDC0311,CMOS Analog IC Design,End Sem,https://v1.nitj.ac.in/erp/academic_repository/uploads/zSAxVywjEGLqfcv2.pdf,
July-December 2025,B.Tech,2023,ELECTRONICS AND VLSI ENGINEERING,ECDC0313,IC Technology,Mid Sem,https://v1.nitj.ac.in/erp/academic_repository/uploads/GD5e94kaNVZhzfO1.pdf,
July-December 2025,B.Tech,2023,ELECTRONICS AND VLSI ENGINEERING,ECDC0313,IC Technology,End Sem,https://v1.nitj.ac.in/erp/academic_repository/uploads/kS0xyN7cYlrnfs4T.pdf,
July-December 2025,B.Tech,2023,ELECTRONICS AND VLSI ENGINEERING,ECDC0355,Gamificaiton,Mid Sem,https://v1.nitj.ac.in/erp/academic_repository/uploads/3Dt0l4eubLykJSAh.pdf,
July-December 2025,B.Tech,2023,ELECTRONICS AND VLSI ENGINEERING,ECDC0355,Gamificaiton,End Sem,https://v1.nitj.ac.in/erp/academic_repository/uploads/UPW4pLuR3ZmHViaJ.pdf,
July-December 2025,B.Tech,2023,ELECTRONICS AND VLSI ENGINEERING,ECDE0356,Nanoelectronics,Mid Sem,https://v1.nitj.ac.in/erp/academic_repository/uploads/wZcEqS7mnfayiNuC.pdf,
July-December 2025,B.Tech,2023,ELECTRONICS AND VLSI ENGINEERING,ECDE0356,Nanoelectronics,End Sem,https://v1.nitj.ac.in/erp/academic_repository/uploads/VqN3fH7FluhLTerk.pdf,
July-December 2025,B.Tech,2022,BIO TECHNOLOGY,BTOE-401,Introduction to Bioinformatics,Mid Sem,https://v1.nitj.ac.in/erp/academic_repository/uploads/mAMRTVaNvHZl63yO.pdf,
July-December 2025,B.Tech,2022,BIO TECHNOLOGY,BTOE-401,Introduction to Bioinformatics,End Sem,https://v1.nitj.ac.in/erp/academic_repository/uploads/Ib9qN5DUyCk4O8z7.pdf,
July-December 2025,B.Tech,2022,BIO TECHNOLOGY,BTPC-401,IPR in Biotechnology,Mid Sem,https://v1.nitj.ac.in/erp/academic_repository/uploads/4YZKWVCjUkmxoGiS.pdf,
July-December 2025,B.Tech,2022,BIO TECHNOLOGY,BTPC-401,IPR in Biotechnology,End Sem,https://v1.nitj.ac.in/erp/academic_repository/uploads/bZ9zoiWGVE2NKa64.pdf,
July-December 2025,B.Tech,2022,BIO TECHNOLOGY,BTPE-415,Nano Biotechnology and Nano Science,Mid Sem,https://v1.nitj.ac.in/erp/academic_repository/uploads/3qLrc5JMgX9uxZfw.pdf,
July-December 2025,B.Tech,2022,BIO TECHNOLOGY,BTPE-415,Nano Biotechnology and Nano Science,End Sem,https://v1.nitj.ac.in/erp/academic_repository/uploads/tWeUfsxY8A1m5vkr.pdf,
July-December 2025,B.Tech,2022,BIO TECHNOLOGY,BTPE-421,Biostatistics,Mid Sem,https://v1.nitj.ac.in/erp/academic_repository/uploads/BznvHekS4o0NpP92.pdf,
July-December 2025,B.Tech,2022,BIO TECHNOLOGY,BTPE-421,Biostatistics,End Sem,https://v1.nitj.ac.in/erp/academic_repository/uploads/FvNf2rcndbZp9Ehs.pdf,
July-December 2025,B.Tech,2022,BIO TECHNOLOGY,CHPC-481,Instrumentation and Process Control,Mid Sem,https://v1.nitj.ac.in/erp/academic_repository/uploads/2IRBD1Pcqhu8YHC7.pdf,
July-December 2025,B.Tech,2022,BIO TECHNOLOGY,CHPC-481,Instrumentation and Process Control,End Sem,https://v1.nitj.ac.in/erp/academic_repository/uploads/pf3mtcYaZ0QLdMCs.pdf,
July-December 2025,B.Tech,2022,CIVIL ENGINEERING,CEOE-478,Introduction to Transportation Systems,Mid Sem,https://v1.nitj.ac.in/erp/academic_repository/uploads/ug27pDNbdMv5XFlf.pdf,
July-December 2025,B.Tech,2022,CIVIL ENGINEERING,CEOE-478,Introduction to Transportation Systems,End Sem,https://v1.nitj.ac.in/erp/academic_repository/uploads/td1iBhJOZ8FV34YU.pdf,
July-December 2025,B.Tech,2022,CIVIL ENGINEERING,CEPC-401,Design of Hydraulic Structures,Mid Sem,https://v1.nitj.ac.in/erp/academic_repository/uploads/LyUezgbFrJ3GvB0C.pdf,
July-December 2025,B.Tech,2022,CIVIL ENGINEERING,CEPC-401,Design of Hydraulic Structures,End Sem,https://v1.nitj.ac.in/erp/academic_repository/uploads/VDq5ABbdG7Up1Ywg.pdf,
July-December 2025,B.Tech,2022,CIVIL ENGINEERING,CEPC-403,Design of Steel Structures II,Mid Sem,https://v1.nitj.ac.in/erp/academic_repository/uploads/dHSJeMuwkRYlh4Aa.pdf,
July-December 2025,B.Tech,2022,CIVIL ENGINEERING,CEPC-403,Design of Steel Structures II,End Sem,https://v1.nitj.ac.in/erp/academic_repository/uploads/3kPAgS0MIasnlx5q.pdf,
July-December 2025,B.Tech,2022,CIVIL ENGINEERING,CEPE-439,Finite Element Methods in Engineering,Mid Sem,https://v1.nitj.ac.in/erp/academic_repository/uploads/6Q2wIFUab7dvO5yi.pdf,
July-December 2025,B.Tech,2022,CIVIL ENGINEERING,CEPE-439,Finite Element Methods in Engineering,End Sem,https://v1.nitj.ac.in/erp/academic_repository/uploads/xFWudCewJ8HyN5hf.pdf,
July-December 2025,B.Tech,2022,CIVIL ENGINEERING,CEPE-453,Environmental Geotechnology,Mid Sem,https://v1.nitj.ac.in/erp/academic_repository/uploads/iT3qI4QWjOHrmUGz.pdf,
July-December 2025,B.Tech,2022,CIVIL ENGINEERING,CEPE-453,Environmental Geotechnology,End Sem,https://v1.nitj.ac.in/erp/academic_repository/uploads/WocejvElS1bJ7PqY.pdf,
July-December 2025,B.Tech,2022,CIVIL ENGINEERING,CEPE-459,Geotechnical Investigations and Instrumentation,Mid Sem,https://v1.nitj.ac.in/erp/academic_repository/uploads/gHz8fQxCa7NXnbO6.pdf,
July-December 2025,B.Tech,2022,CIVIL ENGINEERING,CEPE-459,Geotechnical Investigations and Instrumentation,End Sem,https://v1.nitj.ac.in/erp/academic_repository/uploads/EGku6l8VWPXQn0IT.pdf,
July-December 2025,B.Tech,2022,CHEMICAL ENGINEERING,CHOE-404,Industrial Safety and Hazard Management,Mid Sem,https://v1.nitj.ac.in/erp/academic_repository/uploads/d3l5eqjIUwEpuAro.pdf,
July-December 2025,B.Tech,2022,CHEMICAL ENGINEERING,CHOE-404,Industrial Safety and Hazard Management,End Sem,https://v1.nitj.ac.in/erp/academic_repository/uploads/GdiLcMH5vk08SbZF.pdf,
July-December 2025,B.Tech,2022,CHEMICAL ENGINEERING,CHPC-401,Transport Phenomena,Mid Sem,https://v1.nitj.ac.in/erp/academic_repository/uploads/42ymWHC9wOsX3ukc.pdf,
July-December 2025,B.Tech,2022,CHEMICAL ENGINEERING,CHPC-401,Transport Phenomena,End Sem,https://v1.nitj.ac.in/erp/academic_repository/uploads/e7NGu9xvimICPkpd.pdf,
July-December 2025,B.Tech,2022,CHEMICAL ENGINEERING,CHPC-403,Industrial Safety and Hazards Management,Mid Sem,https://v1.nitj.ac.in/erp/academic_repository/uploads/sZ3wyaefVbuQU8Et.pdf,
July-December 2025,B.Tech,2022,CHEMICAL ENGINEERING,CHPC-403,Industrial Safety and Hazards Management,End Sem,https://v1.nitj.ac.in/erp/academic_repository/uploads/r7nVMcZlIdGRqQOF.pdf,
July-December 2025,B.Tech,2022,CHEMICAL ENGINEERING,CHPC-405,Process Plant Design,Mid Sem,https://v1.nitj.ac.in/erp/academic_repository/uploads/2CY9zrpx4o3qMJLD.pdf,
July-December 2025,B.Tech,2022,CHEMICAL ENGINEERING,CHPC-405,Process Plant Design,End Sem,https://v1.nitj.ac.in/erp/academic_repository/uploads/Jr6H9Bosb0wSlkcg.pdf,
July-December 2025,B.Tech,2022,CHEMICAL ENGINEERING,CHPE-455,Hydrocarbon Engineering,Mid Sem,https://v1.nitj.ac.in/erp/academic_repository/uploads/ZkVymgQ9jNEPKClO.pdf,
July-December 2025,B.Tech,2022,CHEMICAL ENGINEERING,CHPE-455,Hydrocarbon Engineering,End Sem,https://v1.nitj.ac.in/erp/academic_repository/uploads/uOGUhJwXkKDMIWa8.pdf,
July-December 2025,B.Tech,2022,CHEMICAL ENGINEERING,CHPE-457,Introduction to Multiphase Flow,Mid Sem,https://v1.nitj.ac.in/erp/academic_repository/uploads/Rl4bMuK9twE1kgDZ.pdf,
July-December 2025,B.Tech,2022,CHEMICAL ENGINEERING,CHPE-457,Introduction to Multiphase Flow,End Sem,https://v1.nitj.ac.in/erp/academic_repository/uploads/eUFO9u82hLv3rzWV.pdf,
July-December 2025,B.Tech,2022,COMPUTER SCIENCE AND ENGINEERING,CSOE-004,Artificial Intelligence and Applications,Mid Sem,https://v1.nitj.ac.in/erp/academic_repository/uploads/G68Yz7nek4oNjaE1.pdf,
July-December 2025,B.Tech,2022,COMPUTER SCIENCE AND ENGINEERING,CSOE-004,Artificial Intelligence and Applications,End Sem,https://v1.nitj.ac.in/erp/academic_repository/uploads/ocj6tLOUIWBCJi3e.pdf,
July-December 2025,B.Tech,2022,COMPUTER SCIENCE AND ENGINEERING,CSPC-401,System Programming and Compiler Design,Mid Sem,https://v1.nitj.ac.in/erp/academic_repository/uploads/DwCJWynhUozGIQEe.pdf,
July-December 2025,B.Tech,2022,COMPUTER SCIENCE AND ENGINEERING,CSPC-401,System Programming and Compiler Design,End Sem,https://v1.nitj.ac.in/erp/academic_repository/uploads/YzKFTGpZH8e6bhQw.pdf,
July-December 2025,B.Tech,2022,COMPUTER SCIENCE AND ENGINEERING,CSPC-403,Computer Graphics and Image Processing,Mid Sem,https://v1.nitj.ac.in/erp/academic_repository/uploads/zHFb4ePYlxLOVMZ0.pdf,
July-December 2025,B.Tech,2022,COMPUTER SCIENCE AND ENGINEERING,CSPC-403,Computer Graphics and Image Processing,End Sem,https://v1.nitj.ac.in/erp/academic_repository/uploads/g1IyqoCQZwExN54W.pdf,
July-December 2025,B.Tech,2022,COMPUTER SCIENCE AND ENGINEERING,CSPC-405,Artificial Intelligence,Mid Sem,https://v1.nitj.ac.in/erp/academic_repository/uploads/6NELn4k9ZlPfhtvw.pdf,
July-December 2025,B.Tech,2022,COMPUTER SCIENCE AND ENGINEERING,CSPC-405,Artificial Intelligence,End Sem,https://v1.nitj.ac.in/erp/academic_repository/uploads/EjuZJ0Xcrkid3R2m.pdf,
July-December 2025,B.Tech,2022,CHEMISTRY (Open Elective),CYOE-401,Molecular Electronic Devices,Mid Sem,https://v1.nitj.ac.in/erp/academic_repository/uploads/vbV695gp74rE8D3i.pdf,
July-December 2025,B.Tech,2022,CHEMISTRY (Open Elective),CYOE-401,Molecular Electronic Devices,End Sem,https://v1.nitj.ac.in/erp/academic_repository/uploads/EUhj2s8ieQwPgdnl.pdf,
July-December 2025,B.Tech,2022,ELECTRONICS AND COMMUNICATION ENGINEERING,ECOE-473,Design Thinking,Mid Sem,https://v1.nitj.ac.in/erp/academic_repository/uploads/DWQKGiZs8poRHShu.pdf,
July-December 2025,B.Tech,2022,ELECTRONICS AND COMMUNICATION ENGINEERING,ECOE-473,Design Thinking,End Sem,https://v1.nitj.ac.in/erp/academic_repository/uploads/lvR0m9U1w5GAp6ir.pdf,
July-December 2025,B.Tech,2022,ELECTRONICS AND COMMUNICATION ENGINEERING,ECPC-401,Microwave Engineering,Mid Sem,https://v1.nitj.ac.in/erp/academic_repository/uploads/KC0ZR7awsMyfInJE.pdf,
July-December 2025,B.Tech,2022,ELECTRONICS AND COMMUNICATION ENGINEERING,ECPC-401,Microwave Engineering,End Sem,https://v1.nitj.ac.in/erp/academic_repository/uploads/YgDPeQ8NUq460kmM.pdf,
July-December 2025,B.Tech,2022,ELECTRONICS AND COMMUNICATION ENGINEERING,ECPC-403,Biomedical Signal Processing and Telemedicine,Mid Sem,https://v1.nitj.ac.in/erp/academic_repository/uploads/TICRKhjOg8flJco4.pdf,
July-December 2025,B.Tech,2022,ELECTRONICS AND COMMUNICATION ENGINEERING,ECPC-403,Biomedical Signal Processing and Telemedicine,End Sem,https://v1.nitj.ac.in/erp/academic_repository/uploads/TWQDtUSPX89Ylo0e.pdf,
July-December 2025,B.Tech,2022,ELECTRONICS AND COMMUNICATION ENGINEERING,ECPC-405,Advanced Communication Systems,Mid Sem,https://v1.nitj.ac.in/erp/academic_repository/uploads/s985kvKdlcCVbDqr.pdf,
July-December 2025,B.Tech,2022,ELECTRONICS AND COMMUNICATION ENGINEERING,ECPC-405,Advanced Communication Systems,End Sem,https://v1.nitj.ac.in/erp/academic_repository/uploads/aI5fZtNkdWhXDFpu.pdf,
July-December 2025,B.Tech,2022,ELECTRONICS AND COMMUNICATION ENGINEERING,ECPE-471,Neural Networks and Fuzzy Logic,Mid Sem,https://v1.nitj.ac.in/erp/academic_repository/uploads/SktaxbYr5uoChlwL.pdf,
July-December 2025,B.Tech,2022,ELECTRONICS AND COMMUNICATION ENGINEERING,ECPE-471,Neural Networks and Fuzzy Logic,End Sem,https://v1.nitj.ac.in/erp/academic_repository/uploads/4pek9xfZ0uWVIM5J.pdf,
July-December 2025,B.Tech,2022,ELECTRICAL ENGINEERING,EEOE-482,Electric Vehicle Technology,Mid Sem,https://v1.nitj.ac.in/erp/academic_repository/uploads/fFrVROb3W9TtNAp0.pdf,
July-December 2025,B.Tech,2022,ELECTRICAL ENGINEERING,EEOE-482,Electric Vehicle Technology,End Sem,https://v1.nitj.ac.in/erp/academic_repository/uploads/Q1Ai4vfkDp3O8rmX.pdf,
July-December 2025,B.Tech,2022,ELECTRICAL ENGINEERING,EEPC-401,Switchgear and Protection,Mid Sem,https://v1.nitj.ac.in/erp/academic_repository/uploads/dyw9OsZ8AW7flzG0.pdf,
July-December 2025,B.Tech,2022,ELECTRICAL ENGINEERING,EEPC-401,Switchgear and Protection,End Sem,https://v1.nitj.ac.in/erp/academic_repository/uploads/NQFBaRl0yMiwfZWC.pdf,
July-December 2025,B.Tech,2022,ELECTRICAL ENGINEERING,EEPC-402,Electric Drives & Control,Mid Sem,https://v1.nitj.ac.in/erp/academic_repository/uploads/p0D4Kj3WxqZEU7M5.pdf,
July-December 2025,B.Tech,2022,ELECTRICAL ENGINEERING,EEPC-402,Electric Drives & Control,End Sem,https://v1.nitj.ac.in/erp/academic_repository/uploads/HOBTGlpEcFfCSIs3.pdf,
July-December 2025,B.Tech,2022,ELECTRICAL ENGINEERING,EEPC-403,Power System Operation and Control,Mid Sem,https://v1.nitj.ac.in/erp/academic_repository/uploads/TmkVSeZqp3E7OsDH.pdf,
July-December 2025,B.Tech,2022,ELECTRICAL ENGINEERING,EEPC-403,Power System Operation and Control,End Sem,https://v1.nitj.ac.in/erp/academic_repository/uploads/aBeAdqoDZ2xj5YXQ.pdf,
July-December 2025,B.Tech,2022,ELECTRICAL ENGINEERING,EEPC-406,Utilization of Electrical Energy and Electric Traction,Mid Sem,https://v1.nitj.ac.in/erp/academic_repository/uploads/TsnMzjtWBbChQeaH.pdf,
July-December 2025,B.Tech,2022,ELECTRICAL ENGINEERING,EEPC-406,Utilization of Electrical Energy and Electric Traction,End Sem,https://v1.nitj.ac.in/erp/academic_repository/uploads/Aojvsm6U3lrIJcXS.pdf,
July-December 2025,B.Tech,2022,HUMANITIES AND MANAGEMENT (Open Elective),HMOE-421,Organizational Behaviour,Mid Sem,https://v1.nitj.ac.in/erp/academic_repository/uploads/3ymvsKt5FN4bOAW1.pdf,
July-December 2025,B.Tech,2022,HUMANITIES AND MANAGEMENT (Open Elective),HMOE-421,Organizational Behaviour,End Sem,https://v1.nitj.ac.in/erp/academic_repository/uploads/DEXrpBoT1WKCAQwY.pdf,
July-December 2025,B.Tech,2022,INSTRUMENTATION AND CONTROL ENGINEERING,ICOE-484,Smart Sensors and Sensor Networks,Mid Sem,https://v1.nitj.ac.in/erp/academic_repository/uploads/DcJp7VvujhPWO3BR.pdf,
July-December 2025,B.Tech,2022,INSTRUMENTATION AND CONTROL ENGINEERING,ICOE-484,Smart Sensors and Sensor Networks,End Sem,https://v1.nitj.ac.in/erp/academic_repository/uploads/csv54hR1CEmOd0GJ.pdf,
July-December 2025,B.Tech,2022,INSTRUMENTATION AND CONTROL ENGINEERING,ICPC-401,"PLC, DCS and SCADA",Mid Sem,https://v1.nitj.ac.in/erp/academic_repository/uploads/LY7XnjtKyOWspHgF.pdf,
July-December 2025,B.Tech,2022,INSTRUMENTATION AND CONTROL ENGINEERING,ICPC-401,"PLC, DCS and SCADA",End Sem,https://v1.nitj.ac.in/erp/academic_repository/uploads/1hzD7LBmZC8sn5Ej.pdf,
July-December 2025,B.Tech,2022,INSTRUMENTATION AND CONTROL ENGINEERING,ICPC-403,Biomedical Instrumentation,Mid Sem,https://v1.nitj.ac.in/erp/academic_repository/uploads/EI0StuHULoplfTJh.pdf,
July-December 2025,B.Tech,2022,INSTRUMENTATION AND CONTROL ENGINEERING,ICPC-403,Biomedical Instrumentation,End Sem,https://v1.nitj.ac.in/erp/academic_repository/uploads/YG9UACWEvbuIpnFR.pdf,
July-December 2025,B.Tech,2022,INSTRUMENTATION AND CONTROL ENGINEERING,ICPC-404,Virtual Instrumentation,Mid Sem,https://v1.nitj.ac.in/erp/academic_repository/uploads/6O0MadWhXfgrkesU.pdf,
July-December 2025,B.Tech,2022,INSTRUMENTATION AND CONTROL ENGINEERING,ICPC-404,Virtual Instrumentation,End Sem,https://v1.nitj.ac.in/erp/academic_repository/uploads/w3r0z1xRL6nM5eSl.pdf,
July-December 2025,B.Tech,2022,INSTRUMENTATION AND CONTROL ENGINEERING,ICPC-406,Industrial Automation and Robotics,Mid Sem,https://v1.nitj.ac.in/erp/academic_repository/uploads/n1LkWsoC7aqzmdwx.pdf,
July-December 2025,B.Tech,2022,INSTRUMENTATION AND CONTROL ENGINEERING,ICPC-406,Industrial Automation and Robotics,End Sem,https://v1.nitj.ac.in/erp/academic_repository/uploads/z3rMmquwUkQTC9jl.pdf,
July-December 2025,B.Tech,2022,INDUSTRIAL AND PRODUCTION ENGINEERING,IPOE-426,Supply Chain Management,Mid Sem,https://v1.nitj.ac.in/erp/academic_repository/uploads/C9yivIFhVESfKGO4.pdf,
July-December 2025,B.Tech,2022,INDUSTRIAL AND PRODUCTION ENGINEERING,IPOE-426,Supply Chain Management,End Sem,https://v1.nitj.ac.in/erp/academic_repository/uploads/CO61JPeLFQZ2m0Sv.pdf,
July-December 2025,B.Tech,2022,INDUSTRIAL AND PRODUCTION ENGINEERING,IPPC-401,Materials Management,Mid Sem,https://v1.nitj.ac.in/erp/academic_repository/uploads/HOKrqtiDsg4EwcG6.pdf,
July-December 2025,B.Tech,2022,INDUSTRIAL AND PRODUCTION ENGINEERING,IPPC-401,Materials Management,End Sem,https://v1.nitj.ac.in/erp/academic_repository/uploads/IXdkjamTKM5JgYSP.pdf,
July-December 2025,B.Tech,2022,INDUSTRIAL AND PRODUCTION ENGINEERING,IPPC-403,Engineering Economy,Mid Sem,https://v1.nitj.ac.in/erp/academic_repository/uploads/OMw5HFvRLl3e6aGY.pdf,
July-December 2025,B.Tech,2022,INDUSTRIAL AND PRODUCTION ENGINEERING,IPPC-403,Engineering Economy,End Sem,https://v1.nitj.ac.in/erp/academic_repository/uploads/ie8PhoOxYJ4lkgBv.pdf,
July-December 2025,B.Tech,2022,INDUSTRIAL AND PRODUCTION ENGINEERING,IPPC-409,Product Design & Value Engineering,Mid Sem,https://v1.nitj.ac.in/erp/academic_repository/uploads/uFGZO2W0ewJ8bkAq.pdf,
July-December 2025,B.Tech,2022,INDUSTRIAL AND PRODUCTION ENGINEERING,IPPC-409,Product Design & Value Engineering,End Sem,https://v1.nitj.ac.in/erp/academic_repository/uploads/i1EGIZ2x9DLj3BgN.pdf,
July-December 2025,B.Tech,2022,INFORMATION TECHNOLOGY,ITOE-003,Fundamentals of Data Analytics,Mid Sem,https://v1.nitj.ac.in/erp/academic_repository/uploads/kR7WE6nNplGXFwrq.pdf,
July-December 2025,B.Tech,2022,INFORMATION TECHNOLOGY,ITOE-003,Fundamentals of Data Analytics,End Sem,https://v1.nitj.ac.in/erp/academic_repository/uploads/Ssc9h0kbMpwdgDYa.pdf,
July-December 2025,B.Tech,2022,INFORMATION TECHNOLOGY,ITOE-006,Fundamentals of Cloud Computing,Mid Sem,https://v1.nitj.ac.in/erp/academic_repository/uploads/aLfUzn8oktcZxeCP.pdf,
July-December 2025,B.Tech,2022,INFORMATION TECHNOLOGY,ITOE-006,Fundamentals of Cloud Computing,End Sem,https://v1.nitj.ac.in/erp/academic_repository/uploads/CEu62L7HskcYelNz.pdf,
July-December 2025,B.Tech,2022,INFORMATION TECHNOLOGY,ITPC-401,Software Testing,Mid Sem,https://v1.nitj.ac.in/erp/academic_repository/uploads/aS094EQPUIFG3Drl.pdf,
July-December 2025,B.Tech,2022,INFORMATION TECHNOLOGY,ITPC-401,Software Testing,End Sem,https://v1.nitj.ac.in/erp/academic_repository/uploads/ru0S25kLtjVBYWKT.pdf,
July-December 2025,B.Tech,2022,INFORMATION TECHNOLOGY,ITPC-403,Cloud Computing,Mid Sem,https://v1.nitj.ac.in/erp/academic_repository/uploads/tQ5K0YqzcUWVMnxb.pdf,
July-December 2025,B.Tech,2022,INFORMATION TECHNOLOGY,ITPC-403,Cloud Computing,End Sem,https://v1.nitj.ac.in/erp/academic_repository/uploads/F60l97NOZ3WajiI2.pdf,
July-December 2025,B.Tech,2022,INFORMATION TECHNOLOGY,ITPC-405,Introduction to System Programming,Mid Sem,https://v1.nitj.ac.in/erp/academic_repository/uploads/EXB8pl25jTWZr9cS.pdf,
July-December 2025,B.Tech,2022,INFORMATION TECHNOLOGY,ITPC-405,Introduction to System Programming,End Sem,https://v1.nitj.ac.in/erp/academic_repository/uploads/C4QMVfb7DTYj1zLB.pdf,
July-December 2025,B.Tech,2022,INFORMATION TECHNOLOGY,ITPC-407,E-Commerce,Mid Sem,https://v1.nitj.ac.in/erp/academic_repository/uploads/zkLGgZ9mn3A6lOie.pdf,
July-December 2025,B.Tech,2022,INFORMATION TECHNOLOGY,ITPC-407,E-Commerce,End Sem,https://v1.nitj.ac.in/erp/academic_repository/uploads/ae02sHJVDtFzNW38.pdf,
July-December 2025,B.Tech,2022,MECHANICAL ENGINEERING,MEOE-351,Mechanics of Composite Materials,Mid Sem,https://v1.nitj.ac.in/erp/academic_repository/uploads/ISGsKdZ1z8mpbeYE.pdf,
July-December 2025,B.Tech,2022,MECHANICAL ENGINEERING,MEOE-351,Mechanics of Composite Materials,End Sem,https://v1.nitj.ac.in/erp/academic_repository/uploads/zFu3fWvpT8UMPcJg.pdf,
July-December 2025,B.Tech,2022,MECHANICAL ENGINEERING,MEPC-401,Refrigeration and Air Conditioning,Mid Sem,https://v1.nitj.ac.in/erp/academic_repository/uploads/7bkzKlxmvCGABta5.pdf,
July-December 2025,B.Tech,2022,MECHANICAL ENGINEERING,MEPC-401,Refrigeration and Air Conditioning,End Sem,https://v1.nitj.ac.in/erp/academic_repository/uploads/N0ykogVqZtUGPsOb.pdf,
July-December 2025,B.Tech,2022,MECHANICAL ENGINEERING,MEPC-403,Vibrations and Control,Mid Sem,https://v1.nitj.ac.in/erp/academic_repository/uploads/nN496Z5eB2dTPDuU.pdf,
July-December 2025,B.Tech,2022,MECHANICAL ENGINEERING,MEPC-403,Vibrations and Control,End Sem,https://v1.nitj.ac.in/erp/academic_repository/uploads/kOwyLgorZdft7HXE.pdf,
July-December 2025,B.Tech,2022,MECHANICAL ENGINEERING,MEPE-401,Automobile Engineering,Mid Sem,https://v1.nitj.ac.in/erp/academic_repository/uploads/EZbBW3DS5K0qIAdr.pdf,
July-December 2025,B.Tech,2022,MECHANICAL ENGINEERING,MEPE-401,Automobile Engineering,End Sem,https://v1.nitj.ac.in/erp/academic_repository/uploads/vI0RcqA91SWwsron.pdf,
July-December 2025,B.Tech,2022,MECHANICAL ENGINEERING,MEPE-403,Computational Fluid Dynamics,Mid Sem,https://v1.nitj.ac.in/erp/academic_repository/uploads/JI95PUyG04WdmkoY.pdf,
July-December 2025,B.Tech,2022,MECHANICAL ENGINEERING,MEPE-403,Computational Fluid Dynamics,End Sem,https://v1.nitj.ac.in/erp/academic_repository/uploads/6H9yV0T5vECdMNGo.pdf,
July-December 2025,B.Tech,2022,MECHANICAL ENGINEERING,MEPE-405,Cryogenics,Mid Sem,https://v1.nitj.ac.in/erp/academic_repository/uploads/2UEhCQ6glRI4qA8Y.pdf,
July-December 2025,B.Tech,2022,MECHANICAL ENGINEERING,MEPE-405,Cryogenics,End Sem,https://v1.nitj.ac.in/erp/academic_repository/uploads/0PjqBGFgSVscRu8H.pdf,
July-December 2025,B.Tech,2022,MECHANICAL ENGINEERING,MEPE-420,Non-Conventional Energy,Mid Sem,https://v1.nitj.ac.in/erp/academic_repository/uploads/OMunL7ocyrRaZYKA.pdf,
July-December 2025,B.Tech,2022,MECHANICAL ENGINEERING,MEPE-420,Non-Conventional Energy,End Sem,https://v1.nitj.ac.in/erp/academic_repository/uploads/M73sWqPBgkrnoZdJ.pdf,
July-December 2025,B.Tech,2022,MECHANICAL ENGINEERING,MEPE-424,Solar Thermal Process,Mid Sem,https://v1.nitj.ac.in/erp/academic_repository/uploads/XBe6vFijzsVr9Tyw.pdf,
July-December 2025,B.Tech,2022,MECHANICAL ENGINEERING,MEPE-424,Solar Thermal Process,End Sem,https://v1.nitj.ac.in/erp/academic_repository/uploads/adTw3eCzuisOLYxM.pdf,
July-December 2025,B.Tech,2022,MECHANICAL ENGINEERING,MEPE-425,System Design,Mid Sem,https://v1.nitj.ac.in/erp/academic_repository/uploads/LCFi19U3GEdOZBpn.pdf,
July-December 2025,B.Tech,2022,MECHANICAL ENGINEERING,MEPE-425,System Design,End Sem,https://v1.nitj.ac.in/erp/academic_repository/uploads/gJuEeif9aO5G61SK.pdf,
July-December 2025,B.Tech,2022,MECHANICAL ENGINEERING,MEPE-429,Unconventional Methods of Machining,Mid Sem,https://v1.nitj.ac.in/erp/academic_repository/uploads/PTRzkHOeGZjBEywI.pdf,
July-December 2025,B.Tech,2022,MECHANICAL ENGINEERING,MEPE-429,Unconventional Methods of Machining,End Sem,https://v1.nitj.ac.in/erp/academic_repository/uploads/HMRzIXYxl3Ggq1OK.pdf,
July-December 2025,B.Tech,2022,MECHANICAL ENGINEERING,MEPE-435,"Science, Technology and Engineering Projects for Sustainability (STEPS)",Mid Sem,https://v1.nitj.ac.in/erp/academic_repository/uploads/NAOlqv2RjLkB4se7.pdf,
July-December 2025,B.Tech,2022,MECHANICAL ENGINEERING,MEPE-435,"Science, Technology and Engineering Projects for Sustainability (STEPS)",End Sem,https://v1.nitj.ac.in/erp/academic_repository/uploads/v1h7O3nlPkoL5XrE.pdf,
July-December 2025,B.Tech,2022,PHYSICS (Open Elective),PHOE0303,Basics of Quantum Computing,Mid Sem,https://v1.nitj.ac.in/erp/academic_repository/uploads/lads7R0U1YzbTuec.pdf,
July-December 2025,B.Tech,2022,PHYSICS (Open Elective),PHOE0303,Basics of Quantum Computing,End Sem,https://v1.nitj.ac.in/erp/academic_repository/uploads/t4uXUjEzCxmKB5Hi.pdf,
July-December 2025,B.Tech,2022,TEXTILE TECHNOLOGY,TTOE-451,Polymer and Fibre Science,Mid Sem,https://v1.nitj.ac.in/erp/academic_repository/uploads/3iIAxJjtyZLDFW8Y.pdf,
July-December 2025,B.Tech,2022,TEXTILE TECHNOLOGY,TTOE-451,Polymer and Fibre Science,End Sem,https://v1.nitj.ac.in/erp/academic_repository/uploads/2ScnTICiYjvhxtXO.pdf,
July-December 2025,B.Tech,2022,TEXTILE TECHNOLOGY,TTPC-401,Theory of Textile Structure,Mid Sem,https://v1.nitj.ac.in/erp/academic_repository/uploads/tZFox2w7PUKHBV0Q.pdf,
July-December 2025,B.Tech,2022,TEXTILE TECHNOLOGY,TTPC-401,Theory of Textile Structure,End Sem,https://v1.nitj.ac.in/erp/academic_repository/uploads/DScIsuipvnR9fL1Z.pdf,
July-December 2025,B.Tech,2022,TEXTILE TECHNOLOGY,TTPC-403,Statistical Quality Control in Textile,Mid Sem,https://v1.nitj.ac.in/erp/academic_repository/uploads/m2139tqcGlJ5f6sR.pdf,
July-December 2025,B.Tech,2022,TEXTILE TECHNOLOGY,TTPC-403,Statistical Quality Control in Textile,End Sem,https://v1.nitj.ac.in/erp/academic_repository/uploads/cne28b5VUHoS1Wsx.pdf,
July-December 2025,B.Tech,2022,TEXTILE TECHNOLOGY,TTPC-405,Mill Management and Maintenance,Mid Sem,https://v1.nitj.ac.in/erp/academic_repository/uploads/6tYASsIZrVoElh0d.pdf,
July-December 2025,B.Tech,2022,TEXTILE TECHNOLOGY,TTPC-405,Mill Management and Maintenance,End Sem,https://v1.nitj.ac.in/erp/academic_repository/uploads/DEw0Cu4FtJo2s7Qr.pdf,
July-December 2025,B.Tech,2022,TEXTILE TECHNOLOGY,TTPC-407,Sustainable Textile Technologies,Mid Sem,https://v1.nitj.ac.in/erp/academic_repository/uploads/K8vd05enIosOY9cw.pdf,
July-December 2025,B.Tech,2022,TEXTILE TECHNOLOGY,TTPC-407,Sustainable Textile Technologies,End Sem,https://v1.nitj.ac.in/erp/academic_repository/uploads/8IRhAPZ4VL1jO7q2.pdf,
July-December 2025,B.Tech,2022,TEXTILE TECHNOLOGY,TTPC-409,Mechanics of Textile Processes,Mid Sem,https://v1.nitj.ac.in/erp/academic_repository/uploads/9yH0AzDsKdkJFvcN.pdf,
July-December 2025,B.Tech,2022,TEXTILE TECHNOLOGY,TTPC-409,Mechanics of Textile Processes,End Sem,https://v1.nitj.ac.in/erp/academic_repository/uploads/ml0wrQCBXqhYpa6o.pdf,
July-December 2025,B.Tech (Minor),2024,,AIMI0201,Fundamentals of AI and ML,Mid Sem,https://v1.nitj.ac.in/erp/academic_repository/uploads/oDezdRMkFHCXcZny.pdf,
July-December 2025,B.Tech (Minor),2024,,AIMI0201,Fundamentals of AI and ML,End Sem,https://v1.nitj.ac.in/erp/academic_repository/uploads/x5J2l7k3jhmspGoF.pdf,
July-December 2025,B.Tech (Minor),2024,,UASMI201,Unmanned Aerial Systems and Applications,Mid Sem,https://v1.nitj.ac.in/erp/academic_repository/uploads/DMIBF6R9t5Pqn0Tv.pdf,
July-December 2025,B.Tech (Minor),2024,,UASMI201,Unmanned Aerial Systems and Applications,End Sem,https://v1.nitj.ac.in/erp/academic_repository/uploads/52zB9j8VEWFwGelt.pdf,
July-December 2025,B.Tech (Minor),2024,COMPUTER SCIENCE AND ENGINEERING,CSMI0201,Data Structures and Algorithms,Mid Sem,https://v1.nitj.ac.in/erp/academic_repository/uploads/cXLAlyvfKHnZ4zrV.pdf,
July-December 2025,B.Tech (Minor),2024,COMPUTER SCIENCE AND ENGINEERING,CSMI0201,Data Structures and Algorithms,End Sem,https://v1.nitj.ac.in/erp/academic_repository/uploads/fr8eSImMJXRkuGpU.pdf,
July-December 2025,B.Tech (Minor),2024,COMPUTER SCIENCE AND ENGINEERING,CSMI0203,Object Oriented Programming,Mid Sem,https://v1.nitj.ac.in/erp/academic_repository/uploads/avWrM30bwPBDLeU9.pdf,
July-December 2025,B.Tech (Minor),2024,COMPUTER SCIENCE AND ENGINEERING,CSMI0203,Object Oriented Programming,End Sem,https://v1.nitj.ac.in/erp/academic_repository/uploads/heG9K4LOvoRIZn0t.pdf,
July-December 2025,B.Tech (Minor),2023,COMPUTER SCIENCE AND ENGINEERING,CSMI0303,Artificial Intelligence,Mid Sem,https://v1.nitj.ac.in/erp/academic_repository/uploads/0vKsiER4TtPrDuQh.pdf,
July-December 2025,B.Tech (Minor),2023,COMPUTER SCIENCE AND ENGINEERING,CSMI0303,Artificial Intelligence,End Sem,https://v1.nitj.ac.in/erp/academic_repository/uploads/MUAdsoOZI2aHt584.pdf,
July-December 2025,B.Tech (Minor),2022,COMPUTER SCIENCE AND ENGINEERING,CSMI-401,,Mid Sem,https://v1.nitj.ac.in/erp/academic_repository/uploads/KiTOrc45y9aLEsAj.pdf,
July-December 2025,B.Tech (Minor),2022,COMPUTER SCIENCE AND ENGINEERING,CSMI-401,,Mid Sem,https://v1.nitj.ac.in/erp/academic_repository/uploads/m3Jjw7tAkMnVPuST.pdf,
July-December 2025,B.Tech (Minor),2022,COMPUTER SCIENCE AND ENGINEERING,CSMI-401,,End Sem,https://v1.nitj.ac.in/erp/academic_repository/uploads/54EkdigWvsqFlxco.pdf,
July-December 2025,B.Tech (Minor),2022,COMPUTER SCIENCE AND ENGINEERING,CSMI-401,Software Engineering,Mid Sem,https://v1.nitj.ac.in/erp/academic_repository/uploads/KiTOrc45y9aLEsAj.pdf,
July-December 2025,B.Tech (Minor),2022,COMPUTER SCIENCE AND ENGINEERING,CSMI-401,Software Engineering,Mid Sem,https://v1.nitj.ac.in/erp/academic_repository/uploads/m3Jjw7tAkMnVPuST.pdf,
July-December 2025,B.Tech (Minor),2022,COMPUTER SCIENCE AND ENGINEERING,CSMI-401,Software Engineering,End Sem,https://v1.nitj.ac.in/erp/academic_repository/uploads/54EkdigWvsqFlxco.pdf,
July-December 2025,M.Sc.,2025,CHEMISTRY,CY-501,Stereochemistry and Reaction Mechanism,Mid Sem,https://v1.nitj.ac.in/erp/academic_repository/uploads/4vZpU8KBVk60YgIi.pdf,
July-December 2025,M.Sc.,2025,CHEMISTRY,CY-501,Stereochemistry and Reaction Mechanism,End Sem,https://v1.nitj.ac.in/erp/academic_repository/uploads/4QtiZVhGXzjTuqgM.pdf,
July-December 2025,M.Sc.,2025,CHEMISTRY,CY-503,Thermodynamics and Chemical Kinetics,Mid Sem,https://v1.nitj.ac.in/erp/academic_repository/uploads/nF4RGILCO2KUsQ1b.pdf,
July-December 2025,M.Sc.,2025,CHEMISTRY,CY-503,Thermodynamics and Chemical Kinetics,End Sem,https://v1.nitj.ac.in/erp/academic_repository/uploads/BbuseSltExQ5TDjz.pdf,
July-December 2025,M.Sc.,2025,CHEMISTRY,CY-505,Main Group Chemistry,Mid Sem,https://v1.nitj.ac.in/erp/academic_repository/uploads/wkYtOMq2hKL78AB4.pdf,
July-December 2025,M.Sc.,2025,CHEMISTRY,CY-505,Main Group Chemistry,End Sem,https://v1.nitj.ac.in/erp/academic_repository/uploads/XCuISBn0vV3UPj49.pdf,
July-December 2025,M.Sc.,2025,CHEMISTRY,CY-507,Physical Methods of Structure Elucidation,Mid Sem,https://v1.nitj.ac.in/erp/academic_repository/uploads/lBKMb85izPjeHpxa.pdf,
July-December 2025,M.Sc.,2025,CHEMISTRY,CY-507,Physical Methods of Structure Elucidation,End Sem,https://v1.nitj.ac.in/erp/academic_repository/uploads/m2EVgxqCBci8XkQt.pdf,
July-December 2025,M.Sc.,2025,CHEMISTRY,CY-509,Basic Biological Chemistry,Mid Sem,https://v1.nitj.ac.in/erp/academic_repository/uploads/kLXjPTFD96Zueyba.pdf,
July-December 2025,M.Sc.,2025,CHEMISTRY,CY-509,Basic Biological Chemistry,End Sem,https://v1.nitj.ac.in/erp/academic_repository/uploads/WLUsSr8lIqtNBdP7.pdf,
July-December 2025,M.Sc.,2025,CHEMISTRY,MA-551,Mathematics for Chemists,Mid Sem,https://v1.nitj.ac.in/erp/academic_repository/uploads/Em89qdUK6xBbOcQt.pdf,
July-December 2025,M.Sc.,2025,CHEMISTRY,MA-551,Mathematics for Chemists,End Sem,https://v1.nitj.ac.in/erp/academic_repository/uploads/S1XEynbfUQm4Htwd.pdf,
July-December 2025,M.Sc.,2025,MATHEMATICS,MA-501,Linear Algebra,Mid Sem,https://v1.nitj.ac.in/erp/academic_repository/uploads/tTvhSC8fkB2LGaYD.pdf,
July-December 2025,M.Sc.,2025,MATHEMATICS,MA-501,Linear Algebra,End Sem,https://v1.nitj.ac.in/erp/academic_repository/uploads/rvjUQJNZPOGTHLWm.pdf,
July-December 2025,M.Sc.,2025,MATHEMATICS,MA-503,Real Analysis-I,Mid Sem,https://v1.nitj.ac.in/erp/academic_repository/uploads/XzeitMuWKPBvkR97.pdf,
July-December 2025,M.Sc.,2025,MATHEMATICS,MA-503,Real Analysis-I,End Sem,https://v1.nitj.ac.in/erp/academic_repository/uploads/JDUAS75bFBkdxCzI.pdf,
July-December 2025,M.Sc.,2025,MATHEMATICS,MA-505,Mechanics,Mid Sem,https://v1.nitj.ac.in/erp/academic_repository/uploads/Hn8euI7ov5ODaL3B.pdf,
July-December 2025,M.Sc.,2025,MATHEMATICS,MA-505,Mechanics,End Sem,https://v1.nitj.ac.in/erp/academic_repository/uploads/Yo8vJ1kPlBZ5OSCx.pdf,
July-December 2025,M.Sc.,2025,MATHEMATICS,MA-507,Differential Equations,Mid Sem,https://v1.nitj.ac.in/erp/academic_repository/uploads/9mEhZ07WJdtkoRXF.pdf,
July-December 2025,M.Sc.,2025,MATHEMATICS,MA-507,Differential Equations,End Sem,https://v1.nitj.ac.in/erp/academic_repository/uploads/niUjLqWv7yGlfPu4.pdf,
July-December 2025,M.Sc.,2025,MATHEMATICS,MA-509,Abstract Algebra,Mid Sem,https://v1.nitj.ac.in/erp/academic_repository/uploads/KGp416X93jFoM2nh.pdf,
July-December 2025,M.Sc.,2025,MATHEMATICS,MA-509,Abstract Algebra,End Sem,https://v1.nitj.ac.in/erp/academic_repository/uploads/6rILJlNDY3t0zBFn.pdf,
July-December 2025,M.Sc.,2025,PHYSICS,PH-501,Classical Mechanics,Mid Sem,https://v1.nitj.ac.in/erp/academic_repository/uploads/CrFZ1T0kjwbtudpg.pdf,
July-December 2025,M.Sc.,2025,PHYSICS,PH-501,Classical Mechanics,End Sem,https://v1.nitj.ac.in/erp/academic_repository/uploads/UVq9ELyi32rXGhTK.pdf,
July-December 2025,M.Sc.,2025,PHYSICS,PH-503,Mathematical Physics,Mid Sem,https://v1.nitj.ac.in/erp/academic_repository/uploads/3tmbo7S4MgIvxEHQ.pdf,
July-December 2025,M.Sc.,2025,PHYSICS,PH-503,Mathematical Physics,End Sem,https://v1.nitj.ac.in/erp/academic_repository/uploads/Bfx2q3Y9MR7wEDGX.pdf,
July-December 2025,M.Sc.,2025,PHYSICS,PH-505,Electronics,Mid Sem,https://v1.nitj.ac.in/erp/academic_repository/uploads/xDh9ytF86pW7anVU.pdf,
July-December 2025,M.Sc.,2025,PHYSICS,PH-505,Electronics,End Sem,https://v1.nitj.ac.in/erp/academic_repository/uploads/4oIhlgnqTJxvisbj.pdf,
July-December 2025,M.Sc.,2025,PHYSICS,PH-507,Computational Physics,Mid Sem,https://v1.nitj.ac.in/erp/academic_repository/uploads/O1FExkMgDYe6Kdbo.pdf,
July-December 2025,M.Sc.,2025,PHYSICS,PH-507,Computational Physics,End Sem,https://v1.nitj.ac.in/erp/academic_repository/uploads/fePOTgco6ChBS4Wj.pdf,
July-December 2025,M.Sc.,2024,CHEMISTRY,CY-515,Chemistry of Transition and Inner-Transition Elements,Mid Sem,https://v1.nitj.ac.in/erp/academic_repository/uploads/8bFmGQOYE59gJPza.pdf,
July-December 2025,M.Sc.,2024,CHEMISTRY,CY-515,Chemistry of Transition and Inner-Transition Elements,End Sem,https://v1.nitj.ac.in/erp/academic_repository/uploads/byU0tG2OqVC19z8A.pdf,
July-December 2025,M.Sc.,2024,CHEMISTRY,CY-517,Intellectual Property Rights,Mid Sem,https://v1.nitj.ac.in/erp/academic_repository/uploads/3Pej6RXCTo9Zl5LN.pdf,
July-December 2025,M.Sc.,2024,CHEMISTRY,CY-517,Intellectual Property Rights,End Sem,https://v1.nitj.ac.in/erp/academic_repository/uploads/Lfu7Vr8vGIqQtY9l.pdf,
July-December 2025,M.Sc.,2024,CHEMISTRY,CY-519,Analytical Principles and Instrumental Methods of Analysis,Mid Sem,https://v1.nitj.ac.in/erp/academic_repository/uploads/DQyrhJj3Axie05l9.pdf,
July-December 2025,M.Sc.,2024,CHEMISTRY,CY-519,Analytical Principles and Instrumental Methods of Analysis,End Sem,https://v1.nitj.ac.in/erp/academic_repository/uploads/Le3kKzfdbyHp2EU9.pdf,
July-December 2025,M.Sc.,2024,CHEMISTRY,CY-521,Advanced Organic Chemistry,Mid Sem,https://v1.nitj.ac.in/erp/academic_repository/uploads/TyiNYwDxkfKFJ17n.pdf,
July-December 2025,M.Sc.,2024,CHEMISTRY,CY-521,Advanced Organic Chemistry,End Sem,https://v1.nitj.ac.in/erp/academic_repository/uploads/CshMmdFAQ8pS37v0.pdf,
July-December 2025,M.Sc.,2024,CHEMISTRY,CY-526,Advanced Inorganic Chemistry - I,Mid Sem,https://v1.nitj.ac.in/erp/academic_repository/uploads/dplQyrXSnOK1mVsT.pdf,
July-December 2025,M.Sc.,2024,CHEMISTRY,CY-526,Advanced Inorganic Chemistry - I,End Sem,https://v1.nitj.ac.in/erp/academic_repository/uploads/gTqIEtJsZ4CXkLMf.pdf,
July-December 2025,M.Sc.,2024,CHEMISTRY,CY-529,Nanochemistry,Mid Sem,https://v1.nitj.ac.in/erp/academic_repository/uploads/Bp4K5yo7aLSmsnrk.pdf,
July-December 2025,M.Sc.,2024,CHEMISTRY,CY-529,Nanochemistry,End Sem,https://v1.nitj.ac.in/erp/academic_repository/uploads/0MLcYFQj2Ng4Emsi.pdf,
July-December 2025,M.Sc.,2024,MATHEMATICS,MA-513,Functional Analysis,Mid Sem,https://v1.nitj.ac.in/erp/academic_repository/uploads/iGVBU4OIRmk0AgMl.pdf,
July-December 2025,M.Sc.,2024,MATHEMATICS,MA-513,Functional Analysis,End Sem,https://v1.nitj.ac.in/erp/academic_repository/uploads/x3GtDHrc9gQNSEy1.pdf,
July-December 2025,M.Sc.,2024,MATHEMATICS,MA-515,Discrete Mathematics,Mid Sem,https://v1.nitj.ac.in/erp/academic_repository/uploads/YfnPU8zMSpwTDLkC.pdf,
July-December 2025,M.Sc.,2024,MATHEMATICS,MA-515,Discrete Mathematics,End Sem,https://v1.nitj.ac.in/erp/academic_repository/uploads/Y65qxI2ElXCdOUgG.pdf,
July-December 2025,M.Sc.,2024,MATHEMATICS,MA-522,Numerical Solution of DEs,Mid Sem,https://v1.nitj.ac.in/erp/academic_repository/uploads/tiqvLyWs40bj2IKn.pdf,
July-December 2025,M.Sc.,2024,MATHEMATICS,MA-522,Numerical Solution of DEs,End Sem,https://v1.nitj.ac.in/erp/academic_repository/uploads/tuIk5Wg7P9VLoYH1.pdf,
July-December 2025,M.Sc.,2024,MATHEMATICS,MA-545,Number Theory,Mid Sem,https://v1.nitj.ac.in/erp/academic_repository/uploads/eMpw0VZdKzHcaotB.pdf,
July-December 2025,M.Sc.,2024,MATHEMATICS,MA-545,Number Theory,End Sem,https://v1.nitj.ac.in/erp/academic_repository/uploads/ByomWrCQ908fkqeU.pdf,
July-December 2025,M.Sc.,2024,PHYSICS,PH-509,Quantum Mechanics-II,Mid Sem,https://v1.nitj.ac.in/erp/academic_repository/uploads/YQwfHJIT4s6qik5G.pdf,
July-December 2025,M.Sc.,2024,PHYSICS,PH-509,Quantum Mechanics-II,End Sem,https://v1.nitj.ac.in/erp/academic_repository/uploads/36YSrkI1c9u28TjF.pdf,
July-December 2025,M.Sc.,2024,PHYSICS,PH-511,Solid State Physics -II,Mid Sem,https://v1.nitj.ac.in/erp/academic_repository/uploads/34TSxCIUszGHkVar.pdf,
July-December 2025,M.Sc.,2024,PHYSICS,PH-511,Solid State Physics -II,End Sem,https://v1.nitj.ac.in/erp/academic_repository/uploads/yaRdYH7fX58rsS3O.pdf,
July-December 2025,M.Sc.,2024,PHYSICS,PH-513,Plasma Physics,Mid Sem,https://v1.nitj.ac.in/erp/academic_repository/uploads/BkanDhVru0pCRUiq.pdf,
July-December 2025,M.Sc.,2024,PHYSICS,PH-513,Plasma Physics,End Sem,https://v1.nitj.ac.in/erp/academic_repository/uploads/OMgadPe7wiQIvthC.pdf,
July-December 2025,M.Sc.,2024,PHYSICS,PH-515,Nuclear Physics,Mid Sem,https://v1.nitj.ac.in/erp/academic_repository/uploads/P0MapZYQ4Xtue9LG.pdf,
July-December 2025,M.Sc.,2024,PHYSICS,PH-515,Nuclear Physics,End Sem,https://v1.nitj.ac.in/erp/academic_repository/uploads/2dV4pyC37KASUeHm.pdf,
July-December 2025,M.Tech,2025,ARTIFICIAL INTELLIGENCE,AI-501,Mathematical Foundations for AI (2025 onward),Mid Sem,https://v1.nitj.ac.in/erp/academic_repository/uploads/qB6L1f5hyaWJAjYG.pdf,
July-December 2025,M.Tech,2025,ARTIFICIAL INTELLIGENCE,AI-501,Mathematical Foundations for AI (2025 onward),End Sem,https://v1.nitj.ac.in/erp/academic_repository/uploads/Dgdq8PT6pQlxfj93.pdf,
July-December 2025,M.Tech,2025,ARTIFICIAL INTELLIGENCE,AI-505,Advanced Data Structures and Algorithms (2025 onwards),Mid Sem,https://v1.nitj.ac.in/erp/academic_repository/uploads/lj5zUvVIabtwB4qi.pdf,
July-December 2025,M.Tech,2025,ARTIFICIAL INTELLIGENCE,AI-505,Advanced Data Structures and Algorithms (2025 onwards),End Sem,https://v1.nitj.ac.in/erp/academic_repository/uploads/BeOr85T2akUFd6yw.pdf,
July-December 2025,M.Tech,2025,ARTIFICIAL INTELLIGENCE,AI-507,Principles of Artificial Intelligence and Machine Learning (2025 onwards),Mid Sem,https://v1.nitj.ac.in/erp/academic_repository/uploads/b7Y8sflTa2Cn5OmU.pdf,
July-December 2025,M.Tech,2025,ARTIFICIAL INTELLIGENCE,AI-507,Principles of Artificial Intelligence and Machine Learning (2025 onwards),End Sem,https://v1.nitj.ac.in/erp/academic_repository/uploads/H6caiDbmwo3gfULM.pdf,
July-December 2025,M.Tech,2025,ARTIFICIAL INTELLIGENCE,AI-509,Machine Learning for Time Series Forecasting (2025 onwards),Mid Sem,https://v1.nitj.ac.in/erp/academic_repository/uploads/7JD1Y6xStUFHI2kX.pdf,
July-December 2025,M.Tech,2025,ARTIFICIAL INTELLIGENCE,AI-509,Machine Learning for Time Series Forecasting (2025 onwards),End Sem,https://v1.nitj.ac.in/erp/academic_repository/uploads/9QWgvmbKliphLAHu.pdf,
July-December 2025,M.Tech,2025,ARTIFICIAL INTELLIGENCE,AI-611,"Advanced Data Management, Engineering and Preprocessing for AI",Mid Sem,https://v1.nitj.ac.in/erp/academic_repository/uploads/PmjCRXk0Mi67gy2J.pdf,
July-December 2025,M.Tech,2025,ARTIFICIAL INTELLIGENCE,AI-611,"Advanced Data Management, Engineering and Preprocessing for AI",End Sem,https://v1.nitj.ac.in/erp/academic_repository/uploads/IrC2EnJ5iOypLG64.pdf,
July-December 2025,M.Tech,2025,ARTIFICIAL INTELLIGENCE,AI-613,Advanced Machine Learning Models for Data Analytics,Mid Sem,https://v1.nitj.ac.in/erp/academic_repository/uploads/msLceYXpD6Hd1Ch8.pdf,
July-December 2025,M.Tech,2025,ARTIFICIAL INTELLIGENCE,AI-613,Advanced Machine Learning Models for Data Analytics,End Sem,https://v1.nitj.ac.in/erp/academic_repository/uploads/BRw7s1YfglXb2QdO.pdf,
July-December 2025,M.Tech,2025,ARTIFICIAL INTELLIGENCE,AI-621,Generative Artificial Intelligence Fundamentals,Mid Sem,https://v1.nitj.ac.in/erp/academic_repository/uploads/YbifDRgzlW3voXrC.pdf,
July-December 2025,M.Tech,2025,ARTIFICIAL INTELLIGENCE,AI-621,Generative Artificial Intelligence Fundamentals,End Sem,https://v1.nitj.ac.in/erp/academic_repository/uploads/MbtBdDcFKz0jGZsg.pdf,
July-December 2025,M.Tech,2025,ARTIFICIAL INTELLIGENCE,AI-623,Applied Generative AI and Prompt Engineering,Mid Sem,https://v1.nitj.ac.in/erp/academic_repository/uploads/EmviQKguXhbRZGB1.pdf,
July-December 2025,M.Tech,2025,ARTIFICIAL INTELLIGENCE,AI-623,Applied Generative AI and Prompt Engineering,End Sem,https://v1.nitj.ac.in/erp/academic_repository/uploads/pLUDTA1CGqkdYl27.pdf,
July-December 2025,M.Tech,2025,BIOTECHNOLOGY,BT-501,Bioreactor and Bioprocess Design,Mid Sem,https://v1.nitj.ac.in/erp/academic_repository/uploads/hbRjcIwXmL2nFuio.pdf,
July-December 2025,M.Tech,2025,BIOTECHNOLOGY,BT-501,Bioreactor and Bioprocess Design,End Sem,https://v1.nitj.ac.in/erp/academic_repository/uploads/XbEHyYQ4KPpo2qln.pdf,
July-December 2025,M.Tech,2025,BIOTECHNOLOGY,BT-503,Bioseparation Engineering,Mid Sem,https://v1.nitj.ac.in/erp/academic_repository/uploads/OHnkF4yx58SaZJDI.pdf,
July-December 2025,M.Tech,2025,BIOTECHNOLOGY,BT-503,Bioseparation Engineering,Mid Sem,https://v1.nitj.ac.in/erp/academic_repository/uploads/Z5OXragWNcjpQ7zV.pdf,
July-December 2025,M.Tech,2025,BIOTECHNOLOGY,BT-503,Bioseparation Engineering,End Sem,https://v1.nitj.ac.in/erp/academic_repository/uploads/jZte356gHSTYKR8i.pdf,
July-December 2025,M.Tech,2025,BIOTECHNOLOGY,BT-505,Animal Cell Culture Technology,Mid Sem,https://v1.nitj.ac.in/erp/academic_repository/uploads/SJgERbNa0AitLhlq.pdf,
July-December 2025,M.Tech,2025,BIOTECHNOLOGY,BT-505,Animal Cell Culture Technology,End Sem,https://v1.nitj.ac.in/erp/academic_repository/uploads/GxeE9hV2NwMDQSsZ.pdf,
July-December 2025,M.Tech,2025,BIOTECHNOLOGY,BT-507,Plant Cell and Tissue Culture Engg,Mid Sem,https://v1.nitj.ac.in/erp/academic_repository/uploads/l2edk49UTWMsRIQN.pdf,
July-December 2025,M.Tech,2025,BIOTECHNOLOGY,BT-507,Plant Cell and Tissue Culture Engg,End Sem,https://v1.nitj.ac.in/erp/academic_repository/uploads/8IdcJH4w5bSDsfaq.pdf,
July-December 2025,M.Tech,2025,BIOTECHNOLOGY,BT-525,Biosensors,Mid Sem,https://v1.nitj.ac.in/erp/academic_repository/uploads/uS2L4tkrHjRp51Ao.pdf,
July-December 2025,M.Tech,2025,BIOTECHNOLOGY,BT-525,Biosensors,End Sem,https://v1.nitj.ac.in/erp/academic_repository/uploads/UjeVqdDXJBspY9IW.pdf,
July-December 2025,M.Tech,2025,BIOTECHNOLOGY,BT-529,Instrumental Methods of Analysis in Biotechnology,Mid Sem,https://v1.nitj.ac.in/erp/academic_repository/uploads/NL3qk8ih0VsacDyo.pdf,
July-December 2025,M.Tech,2025,BIOTECHNOLOGY,BT-529,Instrumental Methods of Analysis in Biotechnology,End Sem,https://v1.nitj.ac.in/erp/academic_repository/uploads/BKPc95NRYCws8nI0.pdf,
July-December 2025,M.Tech,2025,COMPUTER SCIENCE AND ENGINEERING,CS0501,Algorithm Design and Analysis,Mid Sem,https://v1.nitj.ac.in/erp/academic_repository/uploads/W79fS5vDMr1E4qx2.pdf,
July-December 2025,M.Tech,2025,COMPUTER SCIENCE AND ENGINEERING,CS0501,Algorithm Design and Analysis,End Sem,https://v1.nitj.ac.in/erp/academic_repository/uploads/yZR05neUQ3ktGdz9.pdf,
July-December 2025,M.Tech,2025,COMPUTER SCIENCE AND ENGINEERING,CS0503,Probability and Statistics,Mid Sem,https://v1.nitj.ac.in/erp/academic_repository/uploads/pbY7fXvJuTkEeVH9.pdf,
July-December 2025,M.Tech,2025,COMPUTER SCIENCE AND ENGINEERING,CS0503,Probability and Statistics,End Sem,https://v1.nitj.ac.in/erp/academic_repository/uploads/Kbvg0J2oLFuSaCl6.pdf,
July-December 2025,M.Tech,2025,COMPUTER SCIENCE AND ENGINEERING,CS0511,Distributed Systems,Mid Sem,https://v1.nitj.ac.in/erp/academic_repository/uploads/DwnTbHi8tWjoCruO.pdf,
July-December 2025,M.Tech,2025,COMPUTER SCIENCE AND ENGINEERING,CS0511,Distributed Systems,End Sem,https://v1.nitj.ac.in/erp/academic_repository/uploads/8QXvyMeOdS1NjUV3.pdf,
July-December 2025,M.Tech,2025,COMPUTER SCIENCE AND ENGINEERING,CS0515,Image Processing,Mid Sem,https://v1.nitj.ac.in/erp/academic_repository/uploads/4g8NLSA9wbiQy1EP.pdf,
July-December 2025,M.Tech,2025,COMPUTER SCIENCE AND ENGINEERING,CS0515,Image Processing,End Sem,https://v1.nitj.ac.in/erp/academic_repository/uploads/50MpIdnwOzVFh1oC.pdf,
July-December 2025,M.Tech,2025,COMPUTER SCIENCE AND ENGINEERING,CS0517,Cloud Computing and Communication,Mid Sem,https://v1.nitj.ac.in/erp/academic_repository/uploads/MBXhGa6EwDyxkdbT.pdf,
July-December 2025,M.Tech,2025,COMPUTER SCIENCE AND ENGINEERING,CS0517,Cloud Computing and Communication,End Sem,https://v1.nitj.ac.in/erp/academic_repository/uploads/EqUnkPC8QKYwJBHg.pdf,
July-December 2025,M.Tech,2025,COMPUTER SCIENCE AND ENGINEERING,CS0527,High Performance Computing,Mid Sem,https://v1.nitj.ac.in/erp/academic_repository/uploads/fcY8xzmslw7A4QpL.pdf,
July-December 2025,M.Tech,2025,COMPUTER SCIENCE AND ENGINEERING,CS0527,High Performance Computing,End Sem,https://v1.nitj.ac.in/erp/academic_repository/uploads/6NgELXhRFHr07WIf.pdf,
July-December 2025,M.Tech,2025,DATA ANALYTICS,IT-501,Statistical Computing,Mid Sem,https://v1.nitj.ac.in/erp/academic_repository/uploads/1TFCVhRO8zef6osB.pdf,
July-December 2025,M.Tech,2025,DATA ANALYTICS,IT-501,Statistical Computing,End Sem,https://v1.nitj.ac.in/erp/academic_repository/uploads/IvWwusAy3UQq7TdG.pdf,
July-December 2025,M.Tech,2025,DATA ANALYTICS,IT-503,Big Data Analytics,Mid Sem,https://v1.nitj.ac.in/erp/academic_repository/uploads/xcbghRVIE0oHYAlZ.pdf,
July-December 2025,M.Tech,2025,DATA ANALYTICS,IT-503,Big Data Analytics,End Sem,https://v1.nitj.ac.in/erp/academic_repository/uploads/dNCE0XmOPosBwA5M.pdf,
July-December 2025,M.Tech,2025,DATA ANALYTICS,IT-505,Introduction to Artificial Intelligence,Mid Sem,https://v1.nitj.ac.in/erp/academic_repository/uploads/Qs3IH9p5FjczGoYS.pdf,
July-December 2025,M.Tech,2025,DATA ANALYTICS,IT-505,Introduction to Artificial Intelligence,End Sem,https://v1.nitj.ac.in/erp/academic_repository/uploads/lJp4f2oWrQmOZLzF.pdf,
July-December 2025,M.Tech,2025,DATA ANALYTICS,IT-507,Next Generation Databases,Mid Sem,https://v1.nitj.ac.in/erp/academic_repository/uploads/1HaAiRG4UXwD2zJy.pdf,
July-December 2025,M.Tech,2025,DATA ANALYTICS,IT-507,Next Generation Databases,End Sem,https://v1.nitj.ac.in/erp/academic_repository/uploads/vRjouM6mUbHiqzPZ.pdf,
July-December 2025,M.Tech,2025,DATA ANALYTICS,IT-521,Advanced Data Structure and Algorithm,Mid Sem,https://v1.nitj.ac.in/erp/academic_repository/uploads/n62TdLsNo9r5ViSD.pdf,
July-December 2025,M.Tech,2025,DATA ANALYTICS,IT-521,Advanced Data Structure and Algorithm,End Sem,https://v1.nitj.ac.in/erp/academic_repository/uploads/6SCB9RvZLNnoGjzX.pdf,
July-December 2025,M.Tech,2025,DATA ANALYTICS,IT-535,Introduction to Internet of Things(IoT),Mid Sem,https://v1.nitj.ac.in/erp/academic_repository/uploads/QRSHePf4oOtE9r8V.pdf,
July-December 2025,M.Tech,2025,DATA ANALYTICS,IT-535,Introduction to Internet of Things(IoT),End Sem,https://v1.nitj.ac.in/erp/academic_repository/uploads/7CEfiJQ69heVLSPd.pdf,
July-December 2025,M.Tech,2025,DESIGN ENGINEERING,MA-553,Computational Methods in Engineering,Mid Sem,https://v1.nitj.ac.in/erp/academic_repository/uploads/kIgLo9ftjihaRrY4.pdf,
July-December 2025,M.Tech,2025,DESIGN ENGINEERING,MA-553,Computational Methods in Engineering,End Sem,https://v1.nitj.ac.in/erp/academic_repository/uploads/NZPdTMwu8iHXOcBy.pdf,
July-December 2025,M.Tech,2025,DESIGN ENGINEERING,ME-501,Continuum Mechanics,Mid Sem,https://v1.nitj.ac.in/erp/academic_repository/uploads/XObo7GJcF2fMqYud.pdf,
July-December 2025,M.Tech,2025,DESIGN ENGINEERING,ME-501,Continuum Mechanics,End Sem,https://v1.nitj.ac.in/erp/academic_repository/uploads/fniZA2Wq9CQTPBzX.pdf,
July-December 2025,M.Tech,2025,DESIGN ENGINEERING,ME-503,Materials in Mechanical Design,Mid Sem,https://v1.nitj.ac.in/erp/academic_repository/uploads/yJX3r9NPFpgWes07.pdf,
July-December 2025,M.Tech,2025,DESIGN ENGINEERING,ME-503,Materials in Mechanical Design,End Sem,https://v1.nitj.ac.in/erp/academic_repository/uploads/8QJCvLjs7RDSEzIi.pdf,
July-December 2025,M.Tech,2025,DESIGN ENGINEERING,ME-505,Finite Element Methods,Mid Sem,https://v1.nitj.ac.in/erp/academic_repository/uploads/8ImKzLavAnTZ12Ce.pdf,
July-December 2025,M.Tech,2025,DESIGN ENGINEERING,ME-505,Finite Element Methods,End Sem,https://v1.nitj.ac.in/erp/academic_repository/uploads/TtCuXz6AHmN5ZIrf.pdf,
July-December 2025,M.Tech,2025,DESIGN ENGINEERING,ME-505,Finite Element Methods,End Sem,https://v1.nitj.ac.in/erp/academic_repository/uploads/kAdOtuJIZcoDH9Cz.pdf,
July-December 2025,M.Tech,2025,DESIGN ENGINEERING,ME-529,Mechanics of Composite Materials,Mid Sem,https://v1.nitj.ac.in/erp/academic_repository/uploads/ZWIh78DqPc9u6ste.pdf,
July-December 2025,M.Tech,2025,DESIGN ENGINEERING,ME-529,Mechanics of Composite Materials,End Sem,https://v1.nitj.ac.in/erp/academic_repository/uploads/l9psY1Bm3r7KkDCE.pdf,
July-December 2025,M.Tech,2025,DESIGN ENGINEERING,ME-535,Robotics: Mechanics and Control,Mid Sem,https://v1.nitj.ac.in/erp/academic_repository/uploads/eT0vmHI5fEkZaGC2.pdf,
July-December 2025,M.Tech,2025,DESIGN ENGINEERING,ME-535,Robotics: Mechanics and Control,End Sem,https://v1.nitj.ac.in/erp/academic_repository/uploads/Sbr9wOQfDlie5RXI.pdf,
July-December 2025,M.Tech,2025,DATA SCIENCE AND ENGINEERING,CS0501,Algorithm Design and Analysis,Mid Sem,https://v1.nitj.ac.in/erp/academic_repository/uploads/ObRdI48TGpwUF5EL.pdf,
July-December 2025,M.Tech,2025,DATA SCIENCE AND ENGINEERING,CS0501,Algorithm Design and Analysis,End Sem,https://v1.nitj.ac.in/erp/academic_repository/uploads/y5hvkZLweFiVQYOs.pdf,
July-December 2025,M.Tech,2025,DATA SCIENCE AND ENGINEERING,CS0503,Probability and Statistics,Mid Sem,https://v1.nitj.ac.in/erp/academic_repository/uploads/nAoIdDXmSGN0tlrv.pdf,
July-December 2025,M.Tech,2025,DATA SCIENCE AND ENGINEERING,CS0503,Probability and Statistics,End Sem,https://v1.nitj.ac.in/erp/academic_repository/uploads/0TgNaubom5AeiEnc.pdf,
July-December 2025,M.Tech,2025,DATA SCIENCE AND ENGINEERING,CS0505,Machine Learning,Mid Sem,https://v1.nitj.ac.in/erp/academic_repository/uploads/Sk46QIOT5Cm0GF2Z.pdf,
July-December 2025,M.Tech,2025,DATA SCIENCE AND ENGINEERING,CS0505,Machine Learning,End Sem,https://v1.nitj.ac.in/erp/academic_repository/uploads/uCLatIEJwmpbH0oO.pdf,
July-December 2025,M.Tech,2025,DATA SCIENCE AND ENGINEERING,CS0521,Natural Language Processing and Information Retrieval,Mid Sem,https://v1.nitj.ac.in/erp/academic_repository/uploads/5esTCGiNnyLXV86K.pdf,
July-December 2025,M.Tech,2025,DATA SCIENCE AND ENGINEERING,CS0521,Natural Language Processing and Information Retrieval,End Sem,https://v1.nitj.ac.in/erp/academic_repository/uploads/YdqEJ8hs6mz4Ktob.pdf,
July-December 2025,M.Tech,2025,DATA SCIENCE AND ENGINEERING,CS0523,Soft Computing,Mid Sem,https://v1.nitj.ac.in/erp/academic_repository/uploads/QJzGKHgDlUftqdYs.pdf,
July-December 2025,M.Tech,2025,DATA SCIENCE AND ENGINEERING,CS0523,Soft Computing,End Sem,https://v1.nitj.ac.in/erp/academic_repository/uploads/1xDLhZeG7BkrycbF.pdf,
July-December 2025,M.Tech,2025,DATA SCIENCE AND ENGINEERING,CS0543,Advanced Databases and Data Mining,Mid Sem,https://v1.nitj.ac.in/erp/academic_repository/uploads/leDfZgMJ3RIGoF05.pdf,
July-December 2025,M.Tech,2025,DATA SCIENCE AND ENGINEERING,CS0543,Advanced Databases and Data Mining,End Sem,https://v1.nitj.ac.in/erp/academic_repository/uploads/M6GYX1HVtRufKiv3.pdf,
July-December 2025,M.Tech,2025,ENERGY AND ENVIRONMENTAL ENGINEERING,CHEE-501,Energy Technology,Mid Sem,https://v1.nitj.ac.in/erp/academic_repository/uploads/tZRrFCWJzVqbNDMi.pdf,
July-December 2025,M.Tech,2025,ENERGY AND ENVIRONMENTAL ENGINEERING,CHEE-501,Energy Technology,End Sem,https://v1.nitj.ac.in/erp/academic_repository/uploads/mk86Ss0gJrCV9vDL.pdf,
July-December 2025,M.Tech,2025,ENERGY AND ENVIRONMENTAL ENGINEERING,CHEE-503,Wastewater Treatment,Mid Sem,https://v1.nitj.ac.in/erp/academic_repository/uploads/Xy2KM7d8zVBgDxer.pdf,
July-December 2025,M.Tech,2025,ENERGY AND ENVIRONMENTAL ENGINEERING,CHEE-503,Wastewater Treatment,End Sem,https://v1.nitj.ac.in/erp/academic_repository/uploads/Yw4PxWtZ5iMkQVJS.pdf,
July-December 2025,M.Tech,2025,ENERGY AND ENVIRONMENTAL ENGINEERING,CHEE-505,Solid Waste Management,Mid Sem,https://v1.nitj.ac.in/erp/academic_repository/uploads/2puKJahscWRk3PfU.pdf,
July-December 2025,M.Tech,2025,ENERGY AND ENVIRONMENTAL ENGINEERING,CHEE-505,Solid Waste Management,End Sem,https://v1.nitj.ac.in/erp/academic_repository/uploads/xS4alWqhHP9C0IAE.pdf,
July-December 2025,M.Tech,2025,ENERGY AND ENVIRONMENTAL ENGINEERING,CHEE-555,Photocatalysis,Mid Sem,https://v1.nitj.ac.in/erp/academic_repository/uploads/2Kzhf1TXguOlbREM.pdf,
July-December 2025,M.Tech,2025,ENERGY AND ENVIRONMENTAL ENGINEERING,CHEE-555,Photocatalysis,End Sem,https://v1.nitj.ac.in/erp/academic_repository/uploads/b1vCfV0HGpIO4AEj.pdf,
July-December 2025,M.Tech,2025,ENERGY AND ENVIRONMENTAL ENGINEERING,CHEE-575,Transport Phenomena in Energy and Environmental Engineering,Mid Sem,https://v1.nitj.ac.in/erp/academic_repository/uploads/w9Wm30lR61nj2zxc.pdf,
July-December 2025,M.Tech,2025,ENERGY AND ENVIRONMENTAL ENGINEERING,CHEE-575,Transport Phenomena in Energy and Environmental Engineering,End Sem,https://v1.nitj.ac.in/erp/academic_repository/uploads/jXz2yO30LikFV4Gw.pdf,
July-December 2025,M.Tech,2025,ENERGY AND ENVIRONMENTAL ENGINEERING,CHEE-582,Fertilizer Technology,Mid Sem,https://v1.nitj.ac.in/erp/academic_repository/uploads/GPKkXtqVr08JBel7.pdf,
July-December 2025,M.Tech,2025,ENERGY AND ENVIRONMENTAL ENGINEERING,CHEE-582,Fertilizer Technology,End Sem,https://v1.nitj.ac.in/erp/academic_repository/uploads/j3dJVWln6IbGEy14.pdf,
July-December 2025,M.Tech,2025,ELECTRIC VEHICLE DESIGN,EEEV-501,Fundamental of Electric Vehicles,Mid Sem,https://v1.nitj.ac.in/erp/academic_repository/uploads/c9Llw1txfars34JG.pdf,
July-December 2025,M.Tech,2025,ELECTRIC VEHICLE DESIGN,EEEV-501,Fundamental of Electric Vehicles,End Sem,https://v1.nitj.ac.in/erp/academic_repository/uploads/o7rLZuftbNxFDCIQ.pdf,
July-December 2025,M.Tech,2025,ELECTRIC VEHICLE DESIGN,EEEV-503,Power Electronics and Electric Drives,Mid Sem,https://v1.nitj.ac.in/erp/academic_repository/uploads/0vVw3cG84dQIH1nC.pdf,
July-December 2025,M.Tech,2025,ELECTRIC VEHICLE DESIGN,EEEV-503,Power Electronics and Electric Drives,End Sem,https://v1.nitj.ac.in/erp/academic_repository/uploads/8X6ATUPSihVKjtek.pdf,
July-December 2025,M.Tech,2025,ELECTRIC VEHICLE DESIGN,EEEV-505,Digital Signal Processing,Mid Sem,https://v1.nitj.ac.in/erp/academic_repository/uploads/5E0ZTCGVL2dRohQ7.pdf,
July-December 2025,M.Tech,2025,ELECTRIC VEHICLE DESIGN,EEEV-505,Digital Signal Processing,End Sem,https://v1.nitj.ac.in/erp/academic_repository/uploads/1fhvgS5iTsYDQ9uA.pdf,
July-December 2025,M.Tech,2025,ELECTRIC VEHICLE DESIGN,EEEV-507,Modelling and Simulation of Electric Vehicles,Mid Sem,https://v1.nitj.ac.in/erp/academic_repository/uploads/kgP4HLcwm9KNXz1t.pdf,
July-December 2025,M.Tech,2025,ELECTRIC VEHICLE DESIGN,EEEV-507,Modelling and Simulation of Electric Vehicles,End Sem,https://v1.nitj.ac.in/erp/academic_repository/uploads/YwJa3jWlN28VSvOf.pdf,
July-December 2025,M.Tech,2025,ELECTRIC VEHICLE DESIGN,EEEV-569,State Space Modelling and Control,Mid Sem,https://v1.nitj.ac.in/erp/academic_repository/uploads/QbV6w3Ruoht7mzUk.pdf,
July-December 2025,M.Tech,2025,ELECTRIC VEHICLE DESIGN,EEEV-569,State Space Modelling and Control,End Sem,https://v1.nitj.ac.in/erp/academic_repository/uploads/5cwTjXms19IiCok0.pdf,
July-December 2025,M.Tech,2025,ELECTRIC VEHICLE DESIGN,EEEV-573,Power Quality Problems and Mitigation Techniques in Microgrids,Mid Sem,https://v1.nitj.ac.in/erp/academic_repository/uploads/cNzYrKGgAiXQt0kF.pdf,
July-December 2025,M.Tech,2025,ELECTRIC VEHICLE DESIGN,EEEV-573,Power Quality Problems and Mitigation Techniques in Microgrids,End Sem,https://v1.nitj.ac.in/erp/academic_repository/uploads/41lXRgpSqevfIAYE.pdf,
July-December 2025,M.Tech,2025,GEOTECHNICAL ENGINEERING AND INFRASTRUCTURE DESIGN,CE-504,Analysis and Design of Foundations,Mid Sem,https://v1.nitj.ac.in/erp/academic_repository/uploads/zPSpfBjVuhwRbYUL.pdf,
July-December 2025,M.Tech,2025,GEOTECHNICAL ENGINEERING AND INFRASTRUCTURE DESIGN,CE-504,Analysis and Design of Foundations,End Sem,https://v1.nitj.ac.in/erp/academic_repository/uploads/Rmw1aqjIUGM4hOsZ.pdf,
July-December 2025,M.Tech,2025,GEOTECHNICAL ENGINEERING AND INFRASTRUCTURE DESIGN,CE-524,Advanced Soil Mechancis,Mid Sem,https://v1.nitj.ac.in/erp/academic_repository/uploads/TCIPB23Hphr57osz.pdf,
July-December 2025,M.Tech,2025,GEOTECHNICAL ENGINEERING AND INFRASTRUCTURE DESIGN,CE-524,Advanced Soil Mechancis,End Sem,https://v1.nitj.ac.in/erp/academic_repository/uploads/lS3PVtZWLk1Gx0KA.pdf,
July-December 2025,M.Tech,2025,GEOTECHNICAL ENGINEERING AND INFRASTRUCTURE DESIGN,CE-531,Geoenvironmental Engineering,Mid Sem,https://v1.nitj.ac.in/erp/academic_repository/uploads/khxziMLq8C0JRtb5.pdf,
July-December 2025,M.Tech,2025,GEOTECHNICAL ENGINEERING AND INFRASTRUCTURE DESIGN,CE-531,Geoenvironmental Engineering,End Sem,https://v1.nitj.ac.in/erp/academic_repository/uploads/RJjVLAzwNU8hvx9u.pdf,
July-December 2025,M.Tech,2025,GEOTECHNICAL ENGINEERING AND INFRASTRUCTURE DESIGN,CE-543,Designing with Geosynthetics,Mid Sem,https://v1.nitj.ac.in/erp/academic_repository/uploads/lWE5h2wIt6NRkJ3g.pdf,
July-December 2025,M.Tech,2025,GEOTECHNICAL ENGINEERING AND INFRASTRUCTURE DESIGN,CE-543,Designing with Geosynthetics,End Sem,https://v1.nitj.ac.in/erp/academic_repository/uploads/LrqBZkoux5X217Ug.pdf,
July-December 2025,M.Tech,2025,GEOTECHNICAL ENGINEERING AND INFRASTRUCTURE DESIGN,CE-547,Pavement Design,Mid Sem,https://v1.nitj.ac.in/erp/academic_repository/uploads/IBrUSfZ0wWyTchbR.pdf,
July-December 2025,M.Tech,2025,GEOTECHNICAL ENGINEERING AND INFRASTRUCTURE DESIGN,CE-547,Pavement Design,End Sem,https://v1.nitj.ac.in/erp/academic_repository/uploads/zbJonX1h8AYBP4sS.pdf,
July-December 2025,M.Tech,2025,GEOTECHNICAL ENGINEERING AND INFRASTRUCTURE DESIGN,CE-552,Soil Dynamics and Earthquake Engineering,Mid Sem,https://v1.nitj.ac.in/erp/academic_repository/uploads/sLBCx7n1zVSfmENb.pdf,
July-December 2025,M.Tech,2025,GEOTECHNICAL ENGINEERING AND INFRASTRUCTURE DESIGN,CE-552,Soil Dynamics and Earthquake Engineering,End Sem,https://v1.nitj.ac.in/erp/academic_repository/uploads/LE1BKuCRiGvcz6xF.pdf,
July-December 2025,M.Tech,2025,INDUSTRIAL ENGINEERING AND DATA ANALYTICS,IEA-501,Advanced Statistics,Mid Sem,https://v1.nitj.ac.in/erp/academic_repository/uploads/O9LWYIs0BdljXhkD.pdf,
July-December 2025,M.Tech,2025,INDUSTRIAL ENGINEERING AND DATA ANALYTICS,IEA-501,Advanced Statistics,End Sem,https://v1.nitj.ac.in/erp/academic_repository/uploads/NUC9fpv8siXS2rx1.pdf,
July-December 2025,M.Tech,2025,INDUSTRIAL ENGINEERING AND DATA ANALYTICS,IEA-503,Modelling and Simulation,Mid Sem,https://v1.nitj.ac.in/erp/academic_repository/uploads/JGCjDU8k1M4VhQcg.pdf,
July-December 2025,M.Tech,2025,INDUSTRIAL ENGINEERING AND DATA ANALYTICS,IEA-503,Modelling and Simulation,End Sem,https://v1.nitj.ac.in/erp/academic_repository/uploads/kEYz1IQUx4X8aJAq.pdf,
July-December 2025,M.Tech,2025,INDUSTRIAL ENGINEERING AND DATA ANALYTICS,IEA-505,Work Systems Design,Mid Sem,https://v1.nitj.ac.in/erp/academic_repository/uploads/WfFgz39p546sIlJA.pdf,
July-December 2025,M.Tech,2025,INDUSTRIAL ENGINEERING AND DATA ANALYTICS,IEA-505,Work Systems Design,End Sem,https://v1.nitj.ac.in/erp/academic_repository/uploads/fAkLS1NrvUQbxgGy.pdf,
July-December 2025,M.Tech,2025,INDUSTRIAL ENGINEERING AND DATA ANALYTICS,IEA-507,Advanced Operations Research,Mid Sem,https://v1.nitj.ac.in/erp/academic_repository/uploads/RIf1zs8UJQnLhFo0.pdf,
July-December 2025,M.Tech,2025,INDUSTRIAL ENGINEERING AND DATA ANALYTICS,IEA-507,Advanced Operations Research,End Sem,https://v1.nitj.ac.in/erp/academic_repository/uploads/bwFd8XqOZHfmcYBM.pdf,
July-December 2025,M.Tech,2025,INDUSTRIAL ENGINEERING AND DATA ANALYTICS,IEA-509,Quality Management,Mid Sem,https://v1.nitj.ac.in/erp/academic_repository/uploads/RrZapgjSo6EhyJMv.pdf,
July-December 2025,M.Tech,2025,INDUSTRIAL ENGINEERING AND DATA ANALYTICS,IEA-509,Quality Management,End Sem,https://v1.nitj.ac.in/erp/academic_repository/uploads/RJNwM6453dXuGEcy.pdf,
July-December 2025,M.Tech,2025,INDUSTRIAL ENGINEERING AND DATA ANALYTICS,IEA-543,Linear Algebra,Mid Sem,https://v1.nitj.ac.in/erp/academic_repository/uploads/k19db2Fz8NhorTUv.pdf,
July-December 2025,M.Tech,2025,INDUSTRIAL ENGINEERING AND DATA ANALYTICS,IEA-543,Linear Algebra,End Sem,https://v1.nitj.ac.in/erp/academic_repository/uploads/bJpPvQMyjR3gNZsc.pdf,
July-December 2025,M.Tech,2025,COMPUTER SCIENCE AND ENGINEERING (INFORMATION SECURITY),CS0501,Algorithm Design and Analysis,Mid Sem,https://v1.nitj.ac.in/erp/academic_repository/uploads/VlWOp4zkCd63xqDe.pdf,
July-December 2025,M.Tech,2025,COMPUTER SCIENCE AND ENGINEERING (INFORMATION SECURITY),CS0501,Algorithm Design and Analysis,End Sem,https://v1.nitj.ac.in/erp/academic_repository/uploads/lIncEwVjAMd8yXg6.pdf,
July-December 2025,M.Tech,2025,COMPUTER SCIENCE AND ENGINEERING (INFORMATION SECURITY),CS0503,Probability and Statistics,Mid Sem,https://v1.nitj.ac.in/erp/academic_repository/uploads/CjgDPhYa14e7s2Xz.pdf,
July-December 2025,M.Tech,2025,COMPUTER SCIENCE AND ENGINEERING (INFORMATION SECURITY),CS0503,Probability and Statistics,End Sem,https://v1.nitj.ac.in/erp/academic_repository/uploads/Pg03vMC2nZWbtFo6.pdf,
July-December 2025,M.Tech,2025,COMPUTER SCIENCE AND ENGINEERING (INFORMATION SECURITY),CS0507,Cryptography,Mid Sem,https://v1.nitj.ac.in/erp/academic_repository/uploads/NDkwRzFgV13JvteE.pdf,
July-December 2025,M.Tech,2025,COMPUTER SCIENCE AND ENGINEERING (INFORMATION SECURITY),CS0507,Cryptography,End Sem,https://v1.nitj.ac.in/erp/academic_repository/uploads/rQ7OnHwAZu9bFNGB.pdf,
July-December 2025,M.Tech,2025,COMPUTER SCIENCE AND ENGINEERING (INFORMATION SECURITY),CS0513,Cyber and Digital Forensics,Mid Sem,https://v1.nitj.ac.in/erp/academic_repository/uploads/mSjlnK3IuXWdV4ah.pdf,
July-December 2025,M.Tech,2025,COMPUTER SCIENCE AND ENGINEERING (INFORMATION SECURITY),CS0513,Cyber and Digital Forensics,End Sem,https://v1.nitj.ac.in/erp/academic_repository/uploads/xlPCEU2mbsYFwSHZ.pdf,
July-December 2025,M.Tech,2025,COMPUTER SCIENCE AND ENGINEERING (INFORMATION SECURITY),CS0514,Advanced Computer Networks,Mid Sem,https://v1.nitj.ac.in/erp/academic_repository/uploads/jkXn94gyzaHYNdhC.pdf,
July-December 2025,M.Tech,2025,COMPUTER SCIENCE AND ENGINEERING (INFORMATION SECURITY),CS0514,Advanced Computer Networks,End Sem,https://v1.nitj.ac.in/erp/academic_repository/uploads/N8H0wuYLizX1AKEG.pdf,
July-December 2025,M.Tech,2025,COMPUTER SCIENCE AND ENGINEERING (INFORMATION SECURITY),CS0539,Information Security and Risk Management,Mid Sem,https://v1.nitj.ac.in/erp/academic_repository/uploads/dJCYQZ2teUEybSVK.pdf,
July-December 2025,M.Tech,2025,COMPUTER SCIENCE AND ENGINEERING (INFORMATION SECURITY),CS0539,Information Security and Risk Management,End Sem,https://v1.nitj.ac.in/erp/academic_repository/uploads/HEw5flvye4LhKBgn.pdf,
July-December 2025,M.Tech,2025,MATHEMATICS AND COMPUTING,MTMC-501,Discrete Mathematics,Mid Sem,https://v1.nitj.ac.in/erp/academic_repository/uploads/2rmkcHjoQMbA67SZ.pdf,
July-December 2025,M.Tech,2025,MATHEMATICS AND COMPUTING,MTMC-501,Discrete Mathematics,End Sem,https://v1.nitj.ac.in/erp/academic_repository/uploads/hRjpnTq4XGlgHbSv.pdf,
July-December 2025,M.Tech,2025,MATHEMATICS AND COMPUTING,MTMC-503,Mathematical Statistics and Data Analysis,Mid Sem,https://v1.nitj.ac.in/erp/academic_repository/uploads/n5HKBge9skCUD0wv.pdf,
July-December 2025,M.Tech,2025,MATHEMATICS AND COMPUTING,MTMC-503,Mathematical Statistics and Data Analysis,End Sem,https://v1.nitj.ac.in/erp/academic_repository/uploads/QokLWEHtKFYuxhsM.pdf,
July-December 2025,M.Tech,2025,MATHEMATICS AND COMPUTING,MTMC-505,Data Structures and Algorithms,Mid Sem,https://v1.nitj.ac.in/erp/academic_repository/uploads/aymRe140d8sgXHiV.pdf,
July-December 2025,M.Tech,2025,MATHEMATICS AND COMPUTING,MTMC-505,Data Structures and Algorithms,End Sem,https://v1.nitj.ac.in/erp/academic_repository/uploads/HeDGgPM7CE0kZfVv.pdf,
July-December 2025,M.Tech,2025,MATHEMATICS AND COMPUTING,MTMC-507,Optimization Techniques,Mid Sem,https://v1.nitj.ac.in/erp/academic_repository/uploads/pzqmN3WXQeKroG2a.pdf,
July-December 2025,M.Tech,2025,MATHEMATICS AND COMPUTING,MTMC-507,Optimization Techniques,End Sem,https://v1.nitj.ac.in/erp/academic_repository/uploads/dDWurybV2fvsYQ5M.pdf,
July-December 2025,M.Tech,2025,MATHEMATICS AND COMPUTING,MTMC-521,Soft Computing,Mid Sem,https://v1.nitj.ac.in/erp/academic_repository/uploads/T7L8OUV4JowFpfiK.pdf,
July-December 2025,M.Tech,2025,MATHEMATICS AND COMPUTING,MTMC-521,Soft Computing,End Sem,https://v1.nitj.ac.in/erp/academic_repository/uploads/f6Asvp3omZrQIxbP.pdf,
July-December 2025,M.Tech,2025,MATHEMATICS AND COMPUTING,MTMC-523,Convex Optimization,Mid Sem,https://v1.nitj.ac.in/erp/academic_repository/uploads/nO0zQcwxmq5KWHi6.pdf,
July-December 2025,M.Tech,2025,MATHEMATICS AND COMPUTING,MTMC-523,Convex Optimization,End Sem,https://v1.nitj.ac.in/erp/academic_repository/uploads/lWYwyML4BoCfZ9qc.pdf,
July-December 2025,M.Tech,2025,MACHINE INTELLIGENCE AND AUTOMATION,IC-603,Sensor Networks and Industrial Internet of Things System,Mid Sem,https://v1.nitj.ac.in/erp/academic_repository/uploads/aTNIBinjl1SbPOgx.pdf,
July-December 2025,M.Tech,2025,MACHINE INTELLIGENCE AND AUTOMATION,IC-603,Sensor Networks and Industrial Internet of Things System,End Sem,https://v1.nitj.ac.in/erp/academic_repository/uploads/CvdgDa1puWeXKRy3.pdf,
July-December 2025,M.Tech,2025,MACHINE INTELLIGENCE AND AUTOMATION,IC-605,Industrial Automation and Robotics,Mid Sem,https://v1.nitj.ac.in/erp/academic_repository/uploads/Rm0ptUAVJHa812wf.pdf,
July-December 2025,M.Tech,2025,MACHINE INTELLIGENCE AND AUTOMATION,IC-605,Industrial Automation and Robotics,End Sem,https://v1.nitj.ac.in/erp/academic_repository/uploads/uHk3elypCX2YT4mB.pdf,
July-December 2025,M.Tech,2025,MACHINE INTELLIGENCE AND AUTOMATION,IC-607,Soft Computing and Optimization,Mid Sem,https://v1.nitj.ac.in/erp/academic_repository/uploads/rdtB2q0j3DbhHMYS.pdf,
July-December 2025,M.Tech,2025,MACHINE INTELLIGENCE AND AUTOMATION,IC-607,Soft Computing and Optimization,End Sem,https://v1.nitj.ac.in/erp/academic_repository/uploads/aU3MvX8YKTzGlPbt.pdf,
July-December 2025,M.Tech,2025,MACHINE INTELLIGENCE AND AUTOMATION,IC-609,Machine Learning & Data Analytics,Mid Sem,https://v1.nitj.ac.in/erp/academic_repository/uploads/pF9ubrZ6tmvRiydX.pdf,
July-December 2025,M.Tech,2025,MACHINE INTELLIGENCE AND AUTOMATION,IC-609,Machine Learning & Data Analytics,End Sem,https://v1.nitj.ac.in/erp/academic_repository/uploads/MT9RQtVfrUlyhB0O.pdf,
July-December 2025,M.Tech,2025,MACHINE INTELLIGENCE AND AUTOMATION,IC-637,Brain Computer Intelligence,Mid Sem,https://v1.nitj.ac.in/erp/academic_repository/uploads/BRNKJVrUZWeL5fgp.pdf,
July-December 2025,M.Tech,2025,MACHINE INTELLIGENCE AND AUTOMATION,IC-637,Brain Computer Intelligence,End Sem,https://v1.nitj.ac.in/erp/academic_repository/uploads/YtzK46CHfEgBGp1o.pdf,
July-December 2025,M.Tech,2025,MACHINE INTELLIGENCE AND AUTOMATION,IC-650,Essential Mathematics for Machine Intelligence,Mid Sem,https://v1.nitj.ac.in/erp/academic_repository/uploads/2RKOl5ju7Sn1ZVzh.pdf,
July-December 2025,M.Tech,2025,MACHINE INTELLIGENCE AND AUTOMATION,IC-650,Essential Mathematics for Machine Intelligence,End Sem,https://v1.nitj.ac.in/erp/academic_repository/uploads/xf795iSe8OBp2lAK.pdf,
July-December 2025,M.Tech,2025,RENEWABLE ENERGY,RE-501,Introduction to Renewable Energy Systems,Mid Sem,https://v1.nitj.ac.in/erp/academic_repository/uploads/UYK7N4cl8zA52Go3.pdf,
July-December 2025,M.Tech,2025,RENEWABLE ENERGY,RE-501,Introduction to Renewable Energy Systems,End Sem,https://v1.nitj.ac.in/erp/academic_repository/uploads/pc5xo2rHu0eawC8M.pdf,
July-December 2025,M.Tech,2025,RENEWABLE ENERGY,RE-503,Fundamentals of Energy and Environment,Mid Sem,https://v1.nitj.ac.in/erp/academic_repository/uploads/s0pQe3Bjatgd9E2q.pdf,
July-December 2025,M.Tech,2025,RENEWABLE ENERGY,RE-503,Fundamentals of Energy and Environment,End Sem,https://v1.nitj.ac.in/erp/academic_repository/uploads/VZL8pUWliYJIOaxn.pdf,
July-December 2025,M.Tech,2025,RENEWABLE ENERGY,RE-505,Solar Photovoltaic Devices and Systems,Mid Sem,https://v1.nitj.ac.in/erp/academic_repository/uploads/G4busY3oTqtkDf0V.pdf,
July-December 2025,M.Tech,2025,RENEWABLE ENERGY,RE-505,Solar Photovoltaic Devices and Systems,End Sem,https://v1.nitj.ac.in/erp/academic_repository/uploads/8ZtpPWq3i51LJHu7.pdf,
July-December 2025,M.Tech,2025,RENEWABLE ENERGY,RE-507,Bio-Energy and Biofuels,Mid Sem,https://v1.nitj.ac.in/erp/academic_repository/uploads/bftA5G3OmCrITyhU.pdf,
July-December 2025,M.Tech,2025,RENEWABLE ENERGY,RE-507,Bio-Energy and Biofuels,End Sem,https://v1.nitj.ac.in/erp/academic_repository/uploads/UfhdYDj5ymlAGNoK.pdf,
July-December 2025,M.Tech,2025,RENEWABLE ENERGY,RE-509,Wind and Small Hydro Energy Systems,Mid Sem,https://v1.nitj.ac.in/erp/academic_repository/uploads/4tArIse95WdCw3vu.pdf,
July-December 2025,M.Tech,2025,RENEWABLE ENERGY,RE-509,Wind and Small Hydro Energy Systems,End Sem,https://v1.nitj.ac.in/erp/academic_repository/uploads/wtbklqrB42Uz5Q3T.pdf,
July-December 2025,M.Tech,2025,RENEWABLE ENERGY,RE-511,Process Modeling & Simulation in Renewable Energy Systems,Mid Sem,https://v1.nitj.ac.in/erp/academic_repository/uploads/MnUky0fa8pJ5Zl2L.pdf,
July-December 2025,M.Tech,2025,RENEWABLE ENERGY,RE-511,Process Modeling & Simulation in Renewable Energy Systems,End Sem,https://v1.nitj.ac.in/erp/academic_repository/uploads/vBfajFxrWOhgTHEC.pdf,
July-December 2025,M.Tech,2025,RENEWABLE ENERGY,RE-522,Fuels & Combustion Technology,Mid Sem,https://v1.nitj.ac.in/erp/academic_repository/uploads/4zKPy8mQSV29brh0.pdf,
July-December 2025,M.Tech,2025,RENEWABLE ENERGY,RE-522,Fuels & Combustion Technology,End Sem,https://v1.nitj.ac.in/erp/academic_repository/uploads/fQyWlJLFGi3Y1SAE.pdf,
July-December 2025,M.Tech,2025,STRUCTURAL AND CONSTRUCTION ENGINEERING,CE-501,Advanced Solid Mechanics,Mid Sem,https://v1.nitj.ac.in/erp/academic_repository/uploads/3VtBgc0quJCjmLZe.pdf,
July-December 2025,M.Tech,2025,STRUCTURAL AND CONSTRUCTION ENGINEERING,CE-501,Advanced Solid Mechanics,End Sem,https://v1.nitj.ac.in/erp/academic_repository/uploads/GT9LhdefyXO2Y4l3.pdf,
July-December 2025,M.Tech,2025,STRUCTURAL AND CONSTRUCTION ENGINEERING,CE-503,Structural Dynamics,Mid Sem,https://v1.nitj.ac.in/erp/academic_repository/uploads/GmQrq87nPVHZXKNg.pdf,
July-December 2025,M.Tech,2025,STRUCTURAL AND CONSTRUCTION ENGINEERING,CE-503,Structural Dynamics,End Sem,https://v1.nitj.ac.in/erp/academic_repository/uploads/a7zPSkoGVt9bgrNy.pdf,
July-December 2025,M.Tech,2025,STRUCTURAL AND CONSTRUCTION ENGINEERING,CE-507,Advanced Structural Analysis,Mid Sem,https://v1.nitj.ac.in/erp/academic_repository/uploads/6NhwTA9eFREmCvB0.pdf,
July-December 2025,M.Tech,2025,STRUCTURAL AND CONSTRUCTION ENGINEERING,CE-507,Advanced Structural Analysis,End Sem,https://v1.nitj.ac.in/erp/academic_repository/uploads/YwIvWJxpK6i8Quc9.pdf,
July-December 2025,M.Tech,2025,STRUCTURAL AND CONSTRUCTION ENGINEERING,CE-508,Advanced Construction Practices,Mid Sem,https://v1.nitj.ac.in/erp/academic_repository/uploads/8YuwsfP0VlLpcgHR.pdf,
July-December 2025,M.Tech,2025,STRUCTURAL AND CONSTRUCTION ENGINEERING,CE-508,Advanced Construction Practices,End Sem,https://v1.nitj.ac.in/erp/academic_repository/uploads/s1kAOarIED2JoL5j.pdf,
July-December 2025,M.Tech,2025,STRUCTURAL AND CONSTRUCTION ENGINEERING,CE-514,Highway Construction and Maintenance,Mid Sem,https://v1.nitj.ac.in/erp/academic_repository/uploads/AdfDX1LcSQaWx6jn.pdf,
July-December 2025,M.Tech,2025,STRUCTURAL AND CONSTRUCTION ENGINEERING,CE-514,Highway Construction and Maintenance,End Sem,https://v1.nitj.ac.in/erp/academic_repository/uploads/0kYM5JQKBTd6q8Pi.pdf,
July-December 2025,M.Tech,2025,STRUCTURAL AND CONSTRUCTION ENGINEERING,CE-534,Concrete Mechanics,Mid Sem,https://v1.nitj.ac.in/erp/academic_repository/uploads/37XkYGJqNIbDUHMd.pdf,
July-December 2025,M.Tech,2025,STRUCTURAL AND CONSTRUCTION ENGINEERING,CE-534,Concrete Mechanics,End Sem,https://v1.nitj.ac.in/erp/academic_repository/uploads/OXjZ1A9Tb4LNmaeS.pdf,
July-December 2025,M.Tech,2025,STRUCTURAL AND CONSTRUCTION ENGINEERING,CE-541,Pavement Design,Mid Sem,https://v1.nitj.ac.in/erp/academic_repository/uploads/TytsNQhipkmOjUeZ.pdf,
July-December 2025,M.Tech,2025,STRUCTURAL AND CONSTRUCTION ENGINEERING,CE-541,Pavement Design,End Sem,https://v1.nitj.ac.in/erp/academic_repository/uploads/sInqRc5AeJf7mCEk.pdf,
July-December 2025,M.Tech,2025,SIGNAL PROCESSING AND MACHINE LEARNING,EC-501,Advanced Signal Processing,Mid Sem,https://v1.nitj.ac.in/erp/academic_repository/uploads/TvMhHQEFpbaI03fN.pdf,
July-December 2025,M.Tech,2025,SIGNAL PROCESSING AND MACHINE LEARNING,EC-501,Advanced Signal Processing,End Sem,https://v1.nitj.ac.in/erp/academic_repository/uploads/6ETrdQDOLPk1cpza.pdf,
July-December 2025,M.Tech,2025,SIGNAL PROCESSING AND MACHINE LEARNING,EC-503,Probability and Stochastic Processes,Mid Sem,https://v1.nitj.ac.in/erp/academic_repository/uploads/Lv2h1iUqYxErQ8sA.pdf,
July-December 2025,M.Tech,2025,SIGNAL PROCESSING AND MACHINE LEARNING,EC-503,Probability and Stochastic Processes,End Sem,https://v1.nitj.ac.in/erp/academic_repository/uploads/9UcwLZafxQ7BNytz.pdf,
July-December 2025,M.Tech,2025,SIGNAL PROCESSING AND MACHINE LEARNING,EC-505,Introduction to Machine Learning,Mid Sem,https://v1.nitj.ac.in/erp/academic_repository/uploads/DyVGRJPE0sSXxhn4.pdf,
July-December 2025,M.Tech,2025,SIGNAL PROCESSING AND MACHINE LEARNING,EC-505,Introduction to Machine Learning,End Sem,https://v1.nitj.ac.in/erp/academic_repository/uploads/p4Nixql5QObjTJPD.pdf,
July-December 2025,M.Tech,2025,SIGNAL PROCESSING AND MACHINE LEARNING,EC-507,Applied Linear Algebra and Optimization,Mid Sem,https://v1.nitj.ac.in/erp/academic_repository/uploads/70lR9qXQv3ymLZD2.pdf,
July-December 2025,M.Tech,2025,SIGNAL PROCESSING AND MACHINE LEARNING,EC-507,Applied Linear Algebra and Optimization,End Sem,https://v1.nitj.ac.in/erp/academic_repository/uploads/k6Ww34OTtBl2qAyZ.pdf,
July-December 2025,M.Tech,2025,SIGNAL PROCESSING AND MACHINE LEARNING,EC-511,Advanced Signal Processing Laboratory,Mid Sem,https://v1.nitj.ac.in/erp/academic_repository/uploads/yn56QzYwWepjE2rk.pdf,
July-December 2025,M.Tech,2025,SIGNAL PROCESSING AND MACHINE LEARNING,EC-511,Advanced Signal Processing Laboratory,End Sem,https://v1.nitj.ac.in/erp/academic_repository/uploads/lJOt3dFE6zqPukjR.pdf,
July-December 2025,M.Tech,2025,SIGNAL PROCESSING AND MACHINE LEARNING,EC-626,Wireless Sensor Networks,Mid Sem,https://v1.nitj.ac.in/erp/academic_repository/uploads/VGspr1u0m72FRXia.pdf,
July-December 2025,M.Tech,2025,SIGNAL PROCESSING AND MACHINE LEARNING,EC-626,Wireless Sensor Networks,End Sem,https://v1.nitj.ac.in/erp/academic_repository/uploads/HlAXrkZsvdWN2x9C.pdf,
July-December 2025,M.Tech,2025,SIGNAL PROCESSING AND MACHINE LEARNING,EC-643,Data Communication Networks,Mid Sem,https://v1.nitj.ac.in/erp/academic_repository/uploads/paDZVlyvFt1igq7s.pdf,
July-December 2025,M.Tech,2025,SIGNAL PROCESSING AND MACHINE LEARNING,EC-643,Data Communication Networks,End Sem,https://v1.nitj.ac.in/erp/academic_repository/uploads/7rhCNG4kwLeZmubS.pdf,
July-December 2025,M.Tech,2025,TEXTILE ENGINEERING AND MANAGEMENT,TT-501,Advances in Fiber Production,Mid Sem,https://v1.nitj.ac.in/erp/academic_repository/uploads/1GKTnsZBwD0CURtg.pdf,
July-December 2025,M.Tech,2025,TEXTILE ENGINEERING AND MANAGEMENT,TT-501,Advances in Fiber Production,End Sem,https://v1.nitj.ac.in/erp/academic_repository/uploads/6F8TRK0OcsBidEop.pdf,
July-December 2025,M.Tech,2025,TEXTILE ENGINEERING AND MANAGEMENT,TT-503,Advances in Yarn Production,Mid Sem,https://v1.nitj.ac.in/erp/academic_repository/uploads/Ym7OUCfiSWEzhy9Q.pdf,
July-December 2025,M.Tech,2025,TEXTILE ENGINEERING AND MANAGEMENT,TT-503,Advances in Yarn Production,End Sem,https://v1.nitj.ac.in/erp/academic_repository/uploads/gl82EkJActw0uXxe.pdf,
July-December 2025,M.Tech,2025,TEXTILE ENGINEERING AND MANAGEMENT,TT-505,Advances in Fabric Production,Mid Sem,https://v1.nitj.ac.in/erp/academic_repository/uploads/91fs0ivITxLWB42X.pdf,
July-December 2025,M.Tech,2025,TEXTILE ENGINEERING AND MANAGEMENT,TT-505,Advances in Fabric Production,End Sem,https://v1.nitj.ac.in/erp/academic_repository/uploads/JMgfBciCtTHjSUAx.pdf,
July-December 2025,M.Tech,2025,TEXTILE ENGINEERING AND MANAGEMENT,TT-507,Advances in Coloration and Finishing Technology,Mid Sem,https://v1.nitj.ac.in/erp/academic_repository/uploads/1j92YJg8ocCabdDl.pdf,
July-December 2025,M.Tech,2025,TEXTILE ENGINEERING AND MANAGEMENT,TT-507,Advances in Coloration and Finishing Technology,End Sem,https://v1.nitj.ac.in/erp/academic_repository/uploads/J4gtzEYAmvOyDUsp.pdf,
July-December 2025,M.Tech,2025,TEXTILE ENGINEERING AND MANAGEMENT,TT-509,"Costing, Project Formulation and Appraisal",Mid Sem,https://v1.nitj.ac.in/erp/academic_repository/uploads/9olzjQOt4SKhuRLN.pdf,
July-December 2025,M.Tech,2025,TEXTILE ENGINEERING AND MANAGEMENT,TT-509,"Costing, Project Formulation and Appraisal",End Sem,https://v1.nitj.ac.in/erp/academic_repository/uploads/TrMbd6svKaEiYIpW.pdf,
July-December 2025,M.Tech,2025,TEXTILE ENGINEERING AND MANAGEMENT,TT-531,Technical Textiles,Mid Sem,https://v1.nitj.ac.in/erp/academic_repository/uploads/D71gvAjnshORQc4T.pdf,
July-December 2025,M.Tech,2025,TEXTILE ENGINEERING AND MANAGEMENT,TT-531,Technical Textiles,End Sem,https://v1.nitj.ac.in/erp/academic_repository/uploads/HeuoLK1wt3Z8V2bn.pdf,
July-December 2025,M.Tech,2025,TEXTILE TECHNOLOGY,TTP-501,Advances in Yarn Production,Mid Sem,https://v1.nitj.ac.in/erp/academic_repository/uploads/qxdaI5jHwWX1CFKY.pdf,
July-December 2025,M.Tech,2025,TEXTILE TECHNOLOGY,TTP-501,Advances in Yarn Production,End Sem,https://v1.nitj.ac.in/erp/academic_repository/uploads/arHjt7SPOZ2pYhuI.pdf,
July-December 2025,M.Tech,2025,TEXTILE TECHNOLOGY,TTP-503,Knitting and Nonwoven Technology,Mid Sem,https://v1.nitj.ac.in/erp/academic_repository/uploads/wdM6hFWHeqU7EmsC.pdf,
July-December 2025,M.Tech,2025,TEXTILE TECHNOLOGY,TTP-503,Knitting and Nonwoven Technology,End Sem,https://v1.nitj.ac.in/erp/academic_repository/uploads/ZcUqLw1aFMTSp0go.pdf,
July-December 2025,M.Tech,2025,TEXTILE TECHNOLOGY,TTP-505,Statistical Methods and Design of Experiment,Mid Sem,https://v1.nitj.ac.in/erp/academic_repository/uploads/tsWFzX14uJbQDaC7.pdf,
July-December 2025,M.Tech,2025,TEXTILE TECHNOLOGY,TTP-505,Statistical Methods and Design of Experiment,End Sem,https://v1.nitj.ac.in/erp/academic_repository/uploads/updaLBIOGfANvckb.pdf,
July-December 2025,M.Tech,2025,VLSI DESIGN,EC-521,Semiconductor Devices Modeling,Mid Sem,https://v1.nitj.ac.in/erp/academic_repository/uploads/cZETSHGAFaJqCeml.pdf,
July-December 2025,M.Tech,2025,VLSI DESIGN,EC-521,Semiconductor Devices Modeling,End Sem,https://v1.nitj.ac.in/erp/academic_repository/uploads/84Squ2WhwvMKLNnU.pdf,
July-December 2025,M.Tech,2025,VLSI DESIGN,EC-523,Digital Design with HDL,Mid Sem,https://v1.nitj.ac.in/erp/academic_repository/uploads/UlEuYGJDj0IczZ2v.pdf,
July-December 2025,M.Tech,2025,VLSI DESIGN,EC-523,Digital Design with HDL,End Sem,https://v1.nitj.ac.in/erp/academic_repository/uploads/67gEdxh2QbODUCe3.pdf,
July-December 2025,M.Tech,2025,VLSI DESIGN,EC-525,Digital Integrated Circuits,Mid Sem,https://v1.nitj.ac.in/erp/academic_repository/uploads/A8gyHDQl4Y9IZ3xh.pdf,
July-December 2025,M.Tech,2025,VLSI DESIGN,EC-525,Digital Integrated Circuits,End Sem,https://v1.nitj.ac.in/erp/academic_repository/uploads/4BzcMTexqbLjl98y.pdf,
July-December 2025,M.Tech,2025,VLSI DESIGN,EC-602,Active and Passive RF Circuits,Mid Sem,https://v1.nitj.ac.in/erp/academic_repository/uploads/pNdQSnuatxWyJqVG.pdf,
July-December 2025,M.Tech,2025,VLSI DESIGN,EC-602,Active and Passive RF Circuits,End Sem,https://v1.nitj.ac.in/erp/academic_repository/uploads/A9N6RrFLQ3dgswUD.pdf,
July-December 2025,M.Tech,2025,VLSI DESIGN,EC-629,ASIC and FPGA,Mid Sem,https://v1.nitj.ac.in/erp/academic_repository/uploads/70qnYvS5jVPeyHmp.pdf,
July-December 2025,M.Tech,2025,VLSI DESIGN,EC-629,ASIC and FPGA,End Sem,https://v1.nitj.ac.in/erp/academic_repository/uploads/OqH6LzKXIWTdvy7b.pdf,
July-December 2025,M.Tech,2025,VLSI DESIGN,EC-644,Solid State Circuits,Mid Sem,https://v1.nitj.ac.in/erp/academic_repository/uploads/H8bLX9J6GVUva2g1.pdf,
July-December 2025,M.Tech,2025,VLSI DESIGN,EC-644,Solid State Circuits,End Sem,https://v1.nitj.ac.in/erp/academic_repository/uploads/xT4QpYjzeOWgyruf.pdf,
July-December 2025,M.Tech,2024,POWER SYSTEMS AND RELIABILITY,PSR-501,Modelling and Simulation,Mid Sem,https://v1.nitj.ac.in/erp/academic_repository/uploads/8j9DsL3WScBPAC52.pdf,
July-December 2025,M.Tech,2024,POWER SYSTEMS AND RELIABILITY,PSR-501,Modelling and Simulation,End Sem,https://v1.nitj.ac.in/erp/academic_repository/uploads/oIU1RX9d5N3ZrB76.pdf,
July-December 2025,M.Tech,2024,POWER SYSTEMS AND RELIABILITY,PSR-503,Operations Research,Mid Sem,https://v1.nitj.ac.in/erp/academic_repository/uploads/fRujha57y0bpvoGs.pdf,
July-December 2025,M.Tech,2024,POWER SYSTEMS AND RELIABILITY,PSR-503,Operations Research,End Sem,https://v1.nitj.ac.in/erp/academic_repository/uploads/KqwWXYO4i3VLrjnH.pdf,
July-December 2025,M.Tech,2024,POWER SYSTEMS AND RELIABILITY,PSR-522,Solar Energy in Power System,Mid Sem,https://v1.nitj.ac.in/erp/academic_repository/uploads/1QIyOSw3CiUqD426.pdf,
July-December 2025,M.Tech,2024,POWER SYSTEMS AND RELIABILITY,PSR-522,Solar Energy in Power System,End Sem,https://v1.nitj.ac.in/erp/academic_repository/uploads/e23iNouU5KyAXnfg.pdf,
July-December 2025,M.Tech,2024,TEXTILE TECHNOLOGY,TTP-507,Advances in Coloration and Finishing Technology,Mid Sem,https://v1.nitj.ac.in/erp/academic_repository/uploads/lLEKsyIm0nohiNDJ.pdf,
July-December 2025,M.Tech,2024,TEXTILE TECHNOLOGY,TTP-507,Advances in Coloration and Finishing Technology,End Sem,https://v1.nitj.ac.in/erp/academic_repository/uploads/PYsIOmbWJucnthNk.pdf,
July-December 2025,M.Tech,2024,TEXTILE TECHNOLOGY,TTP-518,Process Control in Spinning,Mid Sem,https://v1.nitj.ac.in/erp/academic_repository/uploads/DzCdA35FjbUpLNWZ.pdf,
July-December 2025,M.Tech,2024,TEXTILE TECHNOLOGY,TTP-518,Process Control in Spinning,End Sem,https://v1.nitj.ac.in/erp/academic_repository/uploads/zS8o0k9wQE2Xyu5g.pdf,
July-December 2025,M.Tech,2023,TEXTILE TECHNOLOGY,TTP-509,Technical Textiles,Mid Sem,https://v1.nitj.ac.in/erp/academic_repository/uploads/dxLOC06ve5ZrFaGW.pdf,
July-December 2025,M.Tech,2023,TEXTILE TECHNOLOGY,TTP-509,Technical Textiles,End Sem,https://v1.nitj.ac.in/erp/academic_repository/uploads/cDTbe5YJ8U6s4tmI.pdf,
July-December 2025,M.Tech,2023,TEXTILE TECHNOLOGY,TTP-518,Process Control in Spinning,Mid Sem,https://v1.nitj.ac.in/erp/academic_repository/uploads/swjLhPyIzkdYBmTF.pdf,
July-December 2025,M.Tech,2023,TEXTILE TECHNOLOGY,TTP-518,Process Control in Spinning,End Sem,https://v1.nitj.ac.in/erp/academic_repository/uploads/WI2cKqLubimZz7S0.pdf,
July-December 2025,MBA,2025,HUMANITIES AND MANAGEMENT,HM-551,Principles and Practices of Management and Business Environment,Mid Sem,https://v1.nitj.ac.in/erp/academic_repository/uploads/2rMbIUsaeTLmtfBk.pdf,
July-December 2025,MBA,2025,HUMANITIES AND MANAGEMENT,HM-551,Principles and Practices of Management and Business Environment,End Sem,https://v1.nitj.ac.in/erp/academic_repository/uploads/xO2pqC1hnm9TBRAY.pdf,
July-December 2025,MBA,2025,HUMANITIES AND MANAGEMENT,HM-553,Organizational Behaviour and Ethics,Mid Sem,https://v1.nitj.ac.in/erp/academic_repository/uploads/lCkUKOEISdRFuihw.pdf,
July-December 2025,MBA,2025,HUMANITIES AND MANAGEMENT,HM-553,Organizational Behaviour and Ethics,End Sem,https://v1.nitj.ac.in/erp/academic_repository/uploads/TOJUQ2tfWn6M0dsx.pdf,
July-December 2025,MBA,2025,HUMANITIES AND MANAGEMENT,HM-555,Financial Accounting,Mid Sem,https://v1.nitj.ac.in/erp/academic_repository/uploads/SVIfH4MLnUOjRAym.pdf,
July-December 2025,MBA,2025,HUMANITIES AND MANAGEMENT,HM-555,Financial Accounting,End Sem,https://v1.nitj.ac.in/erp/academic_repository/uploads/vUEZeaPlKHxQFg2c.pdf,
July-December 2025,MBA,2025,HUMANITIES AND MANAGEMENT,HM-557,Quantitative Techniques in Business,Mid Sem,https://v1.nitj.ac.in/erp/academic_repository/uploads/Flas3Q5oR7UEwYtg.pdf,
July-December 2025,MBA,2025,HUMANITIES AND MANAGEMENT,HM-557,Quantitative Techniques in Business,End Sem,https://v1.nitj.ac.in/erp/academic_repository/uploads/XZMHl5qQLarw16Kz.pdf,
July-December 2025,MBA,2025,HUMANITIES AND MANAGEMENT,HM-559,Managerial Economics,Mid Sem,https://v1.nitj.ac.in/erp/academic_repository/uploads/WNElo4SYpIDqu3cg.pdf,
July-December 2025,MBA,2025,HUMANITIES AND MANAGEMENT,HM-559,Managerial Economics,End Sem,https://v1.nitj.ac.in/erp/academic_repository/uploads/TCy964cfBiYNUF35.pdf,
July-December 2025,MBA,2024,HUMANITIES AND MANAGEMENT,HM-565,Legal Aspects of Business,Mid Sem,https://v1.nitj.ac.in/erp/academic_repository/uploads/6cbeANiKQzB2tlsD.pdf,
July-December 2025,MBA,2024,HUMANITIES AND MANAGEMENT,HM-565,Legal Aspects of Business,End Sem,https://v1.nitj.ac.in/erp/academic_repository/uploads/zF5hILa4OW6r982H.pdf,
July-December 2025,MBA,2024,HUMANITIES AND MANAGEMENT,HM-567,Operations Management,Mid Sem,https://v1.nitj.ac.in/erp/academic_repository/uploads/tPbXxg45rUGsuHlB.pdf,
July-December 2025,MBA,2024,HUMANITIES AND MANAGEMENT,HM-567,Operations Management,End Sem,https://v1.nitj.ac.in/erp/academic_repository/uploads/El6wtxq7PKCVhcvT.pdf,
July-December 2025,MBA,2024,HUMANITIES AND MANAGEMENT,HM-571,Consumer Behaviour,Mid Sem,https://v1.nitj.ac.in/erp/academic_repository/uploads/FZVhxoDz84TcqXHL.pdf,
July-December 2025,MBA,2024,HUMANITIES AND MANAGEMENT,HM-571,Consumer Behaviour,End Sem,https://v1.nitj.ac.in/erp/academic_repository/uploads/GyzbYq2xP1seO9wc.pdf,
July-December 2025,MBA,2024,HUMANITIES AND MANAGEMENT,HM-573,Marketing of Services,Mid Sem,https://v1.nitj.ac.in/erp/academic_repository/uploads/Z5xhWJUcyLoHBnkg.pdf,
July-December 2025,MBA,2024,HUMANITIES AND MANAGEMENT,HM-573,Marketing of Services,End Sem,https://v1.nitj.ac.in/erp/academic_repository/uploads/acJHsTu5lX4odW7z.pdf,
July-December 2025,MBA,2024,HUMANITIES AND MANAGEMENT,HM-577,Green Marketing,Mid Sem,https://v1.nitj.ac.in/erp/academic_repository/uploads/VyahSRgFkvHEQeMX.pdf,
July-December 2025,MBA,2024,HUMANITIES AND MANAGEMENT,HM-577,Green Marketing,End Sem,https://v1.nitj.ac.in/erp/academic_repository/uploads/rRfgcIQ7HynaC8W5.pdf,
July-December 2025,MBA,2024,HUMANITIES AND MANAGEMENT,HM-581,Management of Financial Services and Institutions,Mid Sem,https://v1.nitj.ac.in/erp/academic_repository/uploads/54JuzpcwGh1UHLjr.pdf,
July-December 2025,MBA,2024,HUMANITIES AND MANAGEMENT,HM-581,Management of Financial Services and Institutions,End Sem,https://v1.nitj.ac.in/erp/academic_repository/uploads/wdASE9ZOTVKxabcC.pdf,
July-December 2025,MBA,2024,HUMANITIES AND MANAGEMENT,HM-583,Security Analysis and Portfolio Management,Mid Sem,https://v1.nitj.ac.in/erp/academic_repository/uploads/Q2BYlKezG8HkfIJV.pdf,
July-December 2025,MBA,2024,HUMANITIES AND MANAGEMENT,HM-583,Security Analysis and Portfolio Management,End Sem,https://v1.nitj.ac.in/erp/academic_repository/uploads/mS6KlGznWXPdyCNo.pdf,
July-December 2025,MBA,2024,HUMANITIES AND MANAGEMENT,HM-585,Derivative and Risk Management,Mid Sem,https://v1.nitj.ac.in/erp/academic_repository/uploads/nuftc0CoIwZ1KdeM.pdf,
July-December 2025,MBA,2024,HUMANITIES AND MANAGEMENT,HM-585,Derivative and Risk Management,End Sem,https://v1.nitj.ac.in/erp/academic_repository/uploads/iBHCjzTtO915Wvh2.pdf,
July-December 2025,MBA,2024,HUMANITIES AND MANAGEMENT,HM-591,Strategic Human Resource Management,Mid Sem,https://v1.nitj.ac.in/erp/academic_repository/uploads/znSPcXqN2b40EpU9.pdf,
July-December 2025,MBA,2024,HUMANITIES AND MANAGEMENT,HM-591,Strategic Human Resource Management,End Sem,https://v1.nitj.ac.in/erp/academic_repository/uploads/UK3yCWHg2XDOFNLi.pdf,
July-December 2025,MBA,2024,HUMANITIES AND MANAGEMENT,HM-597,Organizational Change and Development,Mid Sem,https://v1.nitj.ac.in/erp/academic_repository/uploads/1JuHAchRXU0dG4et.pdf,
July-December 2025,MBA,2024,HUMANITIES AND MANAGEMENT,HM-597,Organizational Change and Development,End Sem,https://v1.nitj.ac.in/erp/academic_repository/uploads/z2pwZNKxCRT7EUA0.pdf,
July-December 2025,MBA,2024,HUMANITIES AND MANAGEMENT,HM-600,Talent Management Dynamics,Mid Sem,https://v1.nitj.ac.in/erp/academic_repository/uploads/zRojtgfdZbsVALax.pdf,
July-December 2025,MBA,2024,HUMANITIES AND MANAGEMENT,HM-600,Talent Management Dynamics,End Sem,https://v1.nitj.ac.in/erp/academic_repository/uploads/2SjWifnquKPyzopt.pdf,
July-December 2026,B.Sc.-B.Ed.,2024,INTEGRATED TEACHER EDUCATION PROGRAMME,EDCY0502,Inorganic Chemistry -II,Mid Sem,https://v1.nitj.ac.in/erp/academic_repository/uploads/4kpAMSQwIXm7OosT.pdf,
July-December 2026,B.Tech,2025,CHEMICAL ENGINEERING,CHDC0205,Chemical Technology-I,Mid Sem,https://v1.nitj.ac.in/erp/academic_repository/uploads/GvyOYWtf8VrL3lU7.pdf,
July-December 2026,B.Tech,2025,COMPUTER SCIENCE AND ENGINEERING,CSDC0201,Data Structures and Algorithms,Mid Sem,https://v1.nitj.ac.in/erp/academic_repository/uploads/MqLxPsjlU6VSDHXT.pdf,
July-December 2026,B.Tech,2025,DATA SCIENCE AND ENGINEERING,CSDC0201,Data Structures and Algorithms,Mid Sem,https://v1.nitj.ac.in/erp/academic_repository/uploads/W03ok1KnBSjO7cew.pdf,
July-December 2026,B.Tech,2025,ELECTRONICS AND COMMUNICATION ENGINEERING,CSDC0201,Data Structures and Algorithms,Mid Sem,https://v1.nitj.ac.in/erp/academic_repository/uploads/PGoEmsBAIQiXFn79.pdf,
July-December 2026,B.Tech,2025,ELECTRONICS AND COMMUNICATION ENGINEERING,ECDC0209,Analog Communication,Mid Sem,https://v1.nitj.ac.in/erp/academic_repository/uploads/PQF9XRjoTrMiI6bC.pdf,
July-December 2026,B.Tech,2025,INSTRUMENTATION AND CONTROL ENGINEERING,ICDC0203,Electrical Measurements and Measuring Instruments,Mid Sem,https://v1.nitj.ac.in/erp/academic_repository/uploads/7a0fq6wQE3JDyzmk.pdf,
July-December 2026,B.Tech,2025,INFORMATION TECHNOLOGY,ITDC0201,Object Oriented Programming,Mid Sem,https://v1.nitj.ac.in/erp/academic_repository/uploads/wfSjTAa6s7XbRd0c.pdf,
July-December 2026,B.Tech,2025,MECHANICAL ENGINEERING,MEDC0203,Theory of Machines,Mid Sem,https://v1.nitj.ac.in/erp/academic_repository/uploads/pTGJIqs4g9w3HL0M.pdf,
July-December 2026,B.Tech,2025,ELECTRONICS AND VLSI ENGINEERING,CSDC0201,Data Structures and Algorithms,Mid Sem,https://v1.nitj.ac.in/erp/academic_repository/uploads/NkJyoUEvls0ruCnt.pdf,
July-December 2026,B.Tech,2024,CHEMICAL ENGINEERING,CHDC0307,Chemical Technology-II,Mid Sem,https://v1.nitj.ac.in/erp/academic_repository/uploads/Vv2qJQrdh4jwkKLz.pdf,
July-December 2026,B.Tech,2024,COMPUTER SCIENCE AND ENGINEERING,CSDC0305,Operating Systems,Mid Sem,https://v1.nitj.ac.in/erp/academic_repository/uploads/n2OikyQvHUWpz9xf.pdf,
July-December 2026,B.Tech,2024,COMPUTER SCIENCE AND ENGINEERING,CSDE0302,Advanced DBMS,Mid Sem,https://v1.nitj.ac.in/erp/academic_repository/uploads/t5SmVbJK7p4PXNeH.pdf,
July-December 2026,B.Tech,2024,COMPUTER SCIENCE AND ENGINEERING,CSGE0302,Advanced DBMS,Mid Sem,https://v1.nitj.ac.in/erp/academic_repository/uploads/M3QIxVko9YqDjygK.pdf,
July-December 2026,B.Tech,2024,DATA SCIENCE AND ENGINEERING,CSDC0305,Operating Systems,Mid Sem,https://v1.nitj.ac.in/erp/academic_repository/uploads/rxUXvTtCRV2WFGml.pdf,
July-December 2026,B.Tech,2024,DATA SCIENCE AND ENGINEERING,CSDE0302,Advanced DBMS,Mid Sem,https://v1.nitj.ac.in/erp/academic_repository/uploads/JKAOqlQnZ3sCadIU.pdf,
July-December 2026,B.Tech,2024,INSTRUMENTATION AND CONTROL ENGINEERING,ICDE0305,Testing and Calibration,Mid Sem,https://v1.nitj.ac.in/erp/academic_repository/uploads/Ssf3LeYyBouPlDCN.pdf,
July-December 2026,B.Tech,2024,INFORMATION TECHNOLOGY,ITDC0303,Java Programming,Mid Sem,https://v1.nitj.ac.in/erp/academic_repository/uploads/Jw3Q5NLBglP9G206.pdf,
July-December 2026,B.Tech,2024,MECHANICAL ENGINEERING,MEDC0305,Mechatronics,Mid Sem,https://v1.nitj.ac.in/erp/academic_repository/uploads/wVCZqniaYKjcobPN.pdf,
July-December 2026,B.Tech,2024,MECHANICAL ENGINEERING,MEDE0317,Operation Research,Mid Sem,https://v1.nitj.ac.in/erp/academic_repository/uploads/zYfvqbxWw5aygpik.pdf,
July-December 2026,B.Tech,2024,MECHANICAL ENGINEERING,MEGE0317,Operation Research,Mid Sem,https://v1.nitj.ac.in/erp/academic_repository/uploads/CQGpLbJONZgm0P9I.pdf,
July-December 2026,B.Tech,2023,INSTRUMENTATION AND CONTROL ENGINEERING,ICDE0413,Biomedical Signal Analysis,Mid Sem,https://v1.nitj.ac.in/erp/academic_repository/uploads/uTRheIdPnxYv8Z9E.pdf,
July-December 2026,B.Tech,2023,INSTRUMENTATION AND CONTROL ENGINEERING,ICDE0415,IPR and Biomedical Ethics,Mid Sem,https://v1.nitj.ac.in/erp/academic_repository/uploads/rXiHsSeV7h8NOgxm.pdf,
July-December 2026,B.Tech,2023,INSTRUMENTATION AND CONTROL ENGINEERING,ICGE0415,IPR and Biomedical Ethics,Mid Sem,https://v1.nitj.ac.in/erp/academic_repository/uploads/H9ChWnMa6mTs23jx.pdf,
July-December 2026,M.Sc.,2025,CHEMISTRY,CY-519,Analytical Principles and Instrumental Methods of Analysis,Mid Sem,https://v1.nitj.ac.in/erp/academic_repository/uploads/QBRxKAjNapyIPZbX.pdf,
January-June 2024,B.Sc.-B.Ed.,2023,INTEGRATED TEACHER EDUCATION PROGRAMME,CYMI0203,Physical Chemistry M-1,Mid Sem,https://v1.nitj.ac.in/erp/academic_repository/uploads/tMEbWxXqRG6Jw19U.pdf,
January-June 2024,B.Sc.-B.Ed.,2023,INTEGRATED TEACHER EDUCATION PROGRAMME,CYMI0203,Physical Chemistry M-1,End Sem,https://v1.nitj.ac.in/erp/academic_repository/uploads/BIq4wlXSTOhYrixc.pdf,
January-June 2024,B.Sc.-B.Ed.,2023,INTEGRATED TEACHER EDUCATION PROGRAMME,CYMJ0201,Inorganic Chemistry-II,Mid Sem,https://v1.nitj.ac.in/erp/academic_repository/uploads/cAjpMW8DrGE4ah6C.pdf,
January-June 2024,B.Sc.-B.Ed.,2023,INTEGRATED TEACHER EDUCATION PROGRAMME,CYMJ0201,Inorganic Chemistry-II,End Sem,https://v1.nitj.ac.in/erp/academic_repository/uploads/eKX8ERd3jz7BOfGA.pdf,
January-June 2024,B.Sc.-B.Ed.,2023,INTEGRATED TEACHER EDUCATION PROGRAMME,CYMJ0202,Organic Chemistry-I,Mid Sem,https://v1.nitj.ac.in/erp/academic_repository/uploads/q4m6VjdgJubQiKnP.pdf,
January-June 2024,B.Sc.-B.Ed.,2023,INTEGRATED TEACHER EDUCATION PROGRAMME,CYMJ0202,Organic Chemistry-I,End Sem,https://v1.nitj.ac.in/erp/academic_repository/uploads/eTJG41lkByrtiKES.pdf,
January-June 2024,B.Sc.-B.Ed.,2023,INTEGRATED TEACHER EDUCATION PROGRAMME,HMMJ0201,English Language,Mid Sem,https://v1.nitj.ac.in/erp/academic_repository/uploads/uXx65F0yIBgzMWUw.pdf,
January-June 2024,B.Sc.-B.Ed.,2023,INTEGRATED TEACHER EDUCATION PROGRAMME,HMMJ0201,English Language,End Sem,https://v1.nitj.ac.in/erp/academic_repository/uploads/WKQPjqa9DuxmsY61.pdf,
January-June 2024,B.Sc.-B.Ed.,2023,INTEGRATED TEACHER EDUCATION PROGRAMME,HMMJ0202,Understanding India (Indian Ethos and Knowledge Systems),Mid Sem,https://v1.nitj.ac.in/erp/academic_repository/uploads/MOoYnuLXhUWIpwxl.pdf,
January-June 2024,B.Sc.-B.Ed.,2023,INTEGRATED TEACHER EDUCATION PROGRAMME,HMMJ0202,Understanding India (Indian Ethos and Knowledge Systems),End Sem,https://v1.nitj.ac.in/erp/academic_repository/uploads/0qeGNRYX8w9Ov1Jf.pdf,
January-June 2024,B.Sc.-B.Ed.,2023,INTEGRATED TEACHER EDUCATION PROGRAMME,HMMJ0203,Teacher and Society,Mid Sem,https://v1.nitj.ac.in/erp/academic_repository/uploads/obRPrFgqhWOfjzm1.pdf,
January-June 2024,B.Sc.-B.Ed.,2023,INTEGRATED TEACHER EDUCATION PROGRAMME,HMMJ0203,Teacher and Society,End Sem,https://v1.nitj.ac.in/erp/academic_repository/uploads/aDgG6i310dMSTZq4.pdf,
January-June 2024,B.Sc.-B.Ed.,2023,INTEGRATED TEACHER EDUCATION PROGRAMME,MAMI0203,Elementary Mathematics- I,Mid Sem,https://v1.nitj.ac.in/erp/academic_repository/uploads/ZoxnF5pAfXubyKIi.pdf,
January-June 2024,B.Sc.-B.Ed.,2023,INTEGRATED TEACHER EDUCATION PROGRAMME,MAMI0203,Elementary Mathematics- I,End Sem,https://v1.nitj.ac.in/erp/academic_repository/uploads/mdhrADI2lGgq6yft.pdf,
January-June 2024,B.Sc.-B.Ed.,2023,INTEGRATED TEACHER EDUCATION PROGRAMME,MAMJ0201,Differential Equations,Mid Sem,https://v1.nitj.ac.in/erp/academic_repository/uploads/VXtxsfP8LMyk6Aig.pdf,
January-June 2024,B.Sc.-B.Ed.,2023,INTEGRATED TEACHER EDUCATION PROGRAMME,MAMJ0201,Differential Equations,End Sem,https://v1.nitj.ac.in/erp/academic_repository/uploads/bfRveaoTAW62mZMN.pdf,
January-June 2024,B.Sc.-B.Ed.,2023,INTEGRATED TEACHER EDUCATION PROGRAMME,MAMJ0202,Real Analysis,Mid Sem,https://v1.nitj.ac.in/erp/academic_repository/uploads/XWft0aVrULChgjNn.pdf,
January-June 2024,B.Sc.-B.Ed.,2023,INTEGRATED TEACHER EDUCATION PROGRAMME,MAMJ0202,Real Analysis,End Sem,https://v1.nitj.ac.in/erp/academic_repository/uploads/EqR1P9p0m8NY6fXg.pdf,
January-June 2024,B.Sc.-B.Ed.,2023,INTEGRATED TEACHER EDUCATION PROGRAMME,PHMI0203,Electricity and Magnetism,Mid Sem,https://v1.nitj.ac.in/erp/academic_repository/uploads/gPzZmlTKft8e3GAX.pdf,
January-June 2024,B.Sc.-B.Ed.,2023,INTEGRATED TEACHER EDUCATION PROGRAMME,PHMI0203,Electricity and Magnetism,End Sem,https://v1.nitj.ac.in/erp/academic_repository/uploads/htG5rF4qZMBJmUvk.pdf,
January-June 2024,B.Sc.-B.Ed.,2023,INTEGRATED TEACHER EDUCATION PROGRAMME,PHMJ0201,Mathematical Physics-II,Mid Sem,https://v1.nitj.ac.in/erp/academic_repository/uploads/FjZ5PcqTeVQuirRM.pdf,
January-June 2024,B.Sc.-B.Ed.,2023,INTEGRATED TEACHER EDUCATION PROGRAMME,PHMJ0201,Mathematical Physics-II,End Sem,https://v1.nitj.ac.in/erp/academic_repository/uploads/NHA46OrMPl2F8yQJ.pdf,
January-June 2024,B.Sc.-B.Ed.,2023,INTEGRATED TEACHER EDUCATION PROGRAMME,PHMJ0202,Electromagnetism,Mid Sem,https://v1.nitj.ac.in/erp/academic_repository/uploads/AzafjmndrCUY86TR.pdf,
January-June 2024,B.Sc.-B.Ed.,2023,INTEGRATED TEACHER EDUCATION PROGRAMME,PHMJ0202,Electromagnetism,End Sem,https://v1.nitj.ac.in/erp/academic_repository/uploads/1vsUWZBuNqMpc5Kz.pdf,
January-June 2024,B.Tech,2023,B.Tech First Year,BTDC0102,Bioprocess Calculation,Mid Sem,https://v1.nitj.ac.in/erp/academic_repository/uploads/is8H1gMk7CWz5OZA.pdf,
January-June 2024,B.Tech,2023,B.Tech First Year,BTDC0102,Bioprocess Calculation,End Sem,https://v1.nitj.ac.in/erp/academic_repository/uploads/ZpxIotSEHc4Gr2MP.pdf,
January-June 2024,B.Tech,2023,B.Tech First Year,CEDC0102,Strength of Material,Mid Sem,https://v1.nitj.ac.in/erp/academic_repository/uploads/vshMV7naoPY3FX9x.pdf,
January-June 2024,B.Tech,2023,B.Tech First Year,CEDC0102,Strength of Material,End Sem,https://v1.nitj.ac.in/erp/academic_repository/uploads/JFS0Xp9EZm4voVai.pdf,
January-June 2024,B.Tech,2023,B.Tech First Year,CHDC0102,"Industrial Pollution Abatement, Department Core-2",Mid Sem,https://v1.nitj.ac.in/erp/academic_repository/uploads/gNb95rTVsLHP6FtO.pdf,
January-June 2024,B.Tech,2023,B.Tech First Year,CHDC0102,"Industrial Pollution Abatement, Department Core-2",End Sem,https://v1.nitj.ac.in/erp/academic_repository/uploads/P1RtTxfQ4DOhgCXm.pdf,
January-June 2024,B.Tech,2023,B.Tech First Year,CSDC0102,Discrete Structures,Mid Sem,https://v1.nitj.ac.in/erp/academic_repository/uploads/PvAFVpl1brfnCN08.pdf,
January-June 2024,B.Tech,2023,B.Tech First Year,CSDC0102,Discrete Structures,End Sem,https://v1.nitj.ac.in/erp/academic_repository/uploads/c5dsN8PahWJ4BHuT.pdf,
January-June 2024,B.Tech,2023,B.Tech First Year,CSFC0101,Computer Programming,Mid Sem,https://v1.nitj.ac.in/erp/academic_repository/uploads/F4csiQr2UmhZHJOE.pdf,
January-June 2024,B.Tech,2023,B.Tech First Year,CSFC0101,Computer Programming,End Sem,https://v1.nitj.ac.in/erp/academic_repository/uploads/GkFsYIcCDiSoeAnB.pdf,
January-June 2024,B.Tech,2023,B.Tech First Year,CYFC0104,Applied Chemistry,Mid Sem,https://v1.nitj.ac.in/erp/academic_repository/uploads/yREWCJdUai39V26c.pdf,
January-June 2024,B.Tech,2023,B.Tech First Year,CYFC0104,Applied Chemistry,End Sem,https://v1.nitj.ac.in/erp/academic_repository/uploads/LMSNbzJWZKEXRAtn.pdf,
January-June 2024,B.Tech,2023,B.Tech First Year,ECDC0102,Basic Electronics,Mid Sem,https://v1.nitj.ac.in/erp/academic_repository/uploads/5InKwNJL7hEM6Wcd.pdf,
January-June 2024,B.Tech,2023,B.Tech First Year,ECDC0102,Basic Electronics,End Sem,https://v1.nitj.ac.in/erp/academic_repository/uploads/3pHxEMZbaq84mC7n.pdf,
January-June 2024,B.Tech,2023,B.Tech First Year,ECFC0102,Elements of Electronics Engineering,Mid Sem,https://v1.nitj.ac.in/erp/academic_repository/uploads/n12WJTcszH3hAemX.pdf,
January-June 2024,B.Tech,2023,B.Tech First Year,ECFC0102,Elements of Electronics Engineering,End Sem,https://v1.nitj.ac.in/erp/academic_repository/uploads/NxUYe02gLSPTQJfI.pdf,
January-June 2024,B.Tech,2023,B.Tech First Year,ECFC0104,Basic Electronics,Mid Sem,https://v1.nitj.ac.in/erp/academic_repository/uploads/SsVb34D501MaK7tj.pdf,
January-June 2024,B.Tech,2023,B.Tech First Year,ECFC0104,Basic Electronics,End Sem,https://v1.nitj.ac.in/erp/academic_repository/uploads/EMvG9nV7wkWzYZO0.pdf,
January-June 2024,B.Tech,2023,B.Tech First Year,EEDC0102,EMF Theory,Mid Sem,https://v1.nitj.ac.in/erp/academic_repository/uploads/SWnmZPycsBz18NoL.pdf,
January-June 2024,B.Tech,2023,B.Tech First Year,EEDC0102,EMF Theory,End Sem,https://v1.nitj.ac.in/erp/academic_repository/uploads/lkge8T1rqSUtBy9N.pdf,
January-June 2024,B.Tech,2023,B.Tech First Year,EEFC0102,Basic Electrical Science,Mid Sem,https://v1.nitj.ac.in/erp/academic_repository/uploads/EqB9sKAgDiOrGzFu.pdf,
January-June 2024,B.Tech,2023,B.Tech First Year,EEFC0102,Basic Electrical Science,End Sem,https://v1.nitj.ac.in/erp/academic_repository/uploads/df1zX64cqvWV0eoS.pdf,
January-June 2024,B.Tech,2023,B.Tech First Year,HMFC0101,English Communication and Report Writing,Mid Sem,https://v1.nitj.ac.in/erp/academic_repository/uploads/GdMyZRD4oqKa3tEI.pdf,
January-June 2024,B.Tech,2023,B.Tech First Year,HMFC0101,English Communication and Report Writing,End Sem,https://v1.nitj.ac.in/erp/academic_repository/uploads/BCQMKnIls72iPoxU.pdf,
January-June 2024,B.Tech,2023,B.Tech First Year,HMFC0102,Management Principles and Indian Constitutional Values,Mid Sem,https://v1.nitj.ac.in/erp/academic_repository/uploads/UTiKEybMaYWzRCd1.pdf,
January-June 2024,B.Tech,2023,B.Tech First Year,HMFC0102,Management Principles and Indian Constitutional Values,End Sem,https://v1.nitj.ac.in/erp/academic_repository/uploads/RGPFUjWEBwiAIpkY.pdf,
January-June 2024,B.Tech,2023,B.Tech First Year,ICFC0102,Elements of Electrical and Electronics Engineering,Mid Sem,https://v1.nitj.ac.in/erp/academic_repository/uploads/PuUJrEVB2xACsnW1.pdf,
January-June 2024,B.Tech,2023,B.Tech First Year,ICFC0102,Elements of Electrical and Electronics Engineering,End Sem,https://v1.nitj.ac.in/erp/academic_repository/uploads/li495rC8xdvE7URJ.pdf,
January-June 2024,B.Tech,2023,B.Tech First Year,ICPC0102,Basic Electronics and Instrumentation Engineering,Mid Sem,https://v1.nitj.ac.in/erp/academic_repository/uploads/qKdYPuQJr07jAWoy.pdf,
January-June 2024,B.Tech,2023,B.Tech First Year,ICPC0102,Basic Electronics and Instrumentation Engineering,End Sem,https://v1.nitj.ac.in/erp/academic_repository/uploads/4n9PxXjyBv0kifRd.pdf,
January-June 2024,B.Tech,2023,B.Tech First Year,IDFC0101,Environmental Sciences,Mid Sem,https://v1.nitj.ac.in/erp/academic_repository/uploads/MRdBxWD5A8aejtrL.pdf,
January-June 2024,B.Tech,2023,B.Tech First Year,IDFC0101,Environmental Sciences,End Sem,https://v1.nitj.ac.in/erp/academic_repository/uploads/UiwFnpuPsm2gbzrJ.pdf,
January-June 2024,B.Tech,2023,B.Tech First Year,IPDC0102,Manufacturing Processes,Mid Sem,https://v1.nitj.ac.in/erp/academic_repository/uploads/fT1JEOA4zlCwUd0L.pdf,
January-June 2024,B.Tech,2023,B.Tech First Year,IPDC0102,Manufacturing Processes,End Sem,https://v1.nitj.ac.in/erp/academic_repository/uploads/P1DKjiR5gmoFwV8s.pdf,
January-June 2024,B.Tech,2023,B.Tech First Year,ITDC0102,Introduction to Digital Circuits and Communications,Mid Sem,https://v1.nitj.ac.in/erp/academic_repository/uploads/aoyuLqsXSgM4nFfj.pdf,
January-June 2024,B.Tech,2023,B.Tech First Year,ITDC0102,Introduction to Digital Circuits and Communications,End Sem,https://v1.nitj.ac.in/erp/academic_repository/uploads/C2WdXVnzhZ4YoAPk.pdf,
January-June 2024,B.Tech,2023,B.Tech First Year,ITFC0101,Problem Solving using Python,Mid Sem,https://v1.nitj.ac.in/erp/academic_repository/uploads/MwmNWJj1pXOfhK79.pdf,
January-June 2024,B.Tech,2023,B.Tech First Year,ITFC0101,Problem Solving using Python,End Sem,https://v1.nitj.ac.in/erp/academic_repository/uploads/zfD5lQaBPcFohkJd.pdf,
January-June 2024,B.Tech,2023,B.Tech First Year,MAFC0101,Mathematics-I,Mid Sem,https://v1.nitj.ac.in/erp/academic_repository/uploads/rFUdXjxJCB6s4fmc.pdf,
January-June 2024,B.Tech,2023,B.Tech First Year,MAFC0101,Mathematics-I,End Sem,https://v1.nitj.ac.in/erp/academic_repository/uploads/FHnf2JAhPYO0q8Gd.pdf,
January-June 2024,B.Tech,2023,B.Tech First Year,MAFC0102,Mathematics-II,Mid Sem,https://v1.nitj.ac.in/erp/academic_repository/uploads/u6jnUPxbi5ofVSkA.pdf,
January-June 2024,B.Tech,2023,B.Tech First Year,MAFC0102,Mathematics-II,End Sem,https://v1.nitj.ac.in/erp/academic_repository/uploads/x96DkQcaLpIBljWg.pdf,
January-June 2024,B.Tech,2023,B.Tech First Year,MEDC0102,Engineering Mechanics of Solids,Mid Sem,https://v1.nitj.ac.in/erp/academic_repository/uploads/B5lZOpDfLmIetGk0.pdf,
January-June 2024,B.Tech,2023,B.Tech First Year,MEDC0102,Engineering Mechanics of Solids,End Sem,https://v1.nitj.ac.in/erp/academic_repository/uploads/P8pX7MIrCm09Y3L5.pdf,
January-June 2024,B.Tech,2023,B.Tech First Year,MEFC0102,Elements of Mechanical Engineering,Mid Sem,https://v1.nitj.ac.in/erp/academic_repository/uploads/umFHNQwJTnZ7L4kq.pdf,
January-June 2024,B.Tech,2023,B.Tech First Year,MEFC0102,Elements of Mechanical Engineering,End Sem,https://v1.nitj.ac.in/erp/academic_repository/uploads/MgLbEB0CxFDk6r4u.pdf,
January-June 2024,B.Tech,2023,B.Tech First Year,MEFC0104,Element of Mechanical Engineering,Mid Sem,https://v1.nitj.ac.in/erp/academic_repository/uploads/jqkWe92rxSFJ0RdA.pdf,
January-June 2024,B.Tech,2023,B.Tech First Year,MEFC0104,Element of Mechanical Engineering,End Sem,https://v1.nitj.ac.in/erp/academic_repository/uploads/tXSJbuDM1NFnHz7q.pdf,
January-June 2024,B.Tech,2023,B.Tech First Year,PHFC0102,Applied Physics,Mid Sem,https://v1.nitj.ac.in/erp/academic_repository/uploads/oICr3tu7YGh4j5QB.pdf,
January-June 2024,B.Tech,2023,B.Tech First Year,PHFC0102,Applied Physics,End Sem,https://v1.nitj.ac.in/erp/academic_repository/uploads/VFSa2MEWrgPZdqy7.pdf,
January-June 2024,B.Tech,2023,B.Tech First Year,PHFC0104,Applied Physics,Mid Sem,https://v1.nitj.ac.in/erp/academic_repository/uploads/EtwoSOCZ4qfRiFgG.pdf,
January-June 2024,B.Tech,2023,B.Tech First Year,PHFC0104,Applied Physics,End Sem,https://v1.nitj.ac.in/erp/academic_repository/uploads/Ag1baRM5fmhePIvW.pdf,
January-June 2024,B.Tech,2023,B.Tech First Year,TTDC0102,Natural Fibres,Mid Sem,https://v1.nitj.ac.in/erp/academic_repository/uploads/lQozOArhZ36vmkYn.pdf,
January-June 2024,B.Tech,2023,B.Tech First Year,TTDC0102,Natural Fibres,End Sem,https://v1.nitj.ac.in/erp/academic_repository/uploads/A7WD5CyaIKUjpF0i.pdf,
January-June 2024,B.Tech,2022,BIO TECHNOLOGY,BTPC-202,Cell and Molecular Biology,Mid Sem,https://v1.nitj.ac.in/erp/academic_repository/uploads/LpUy9dAZ6Xsai5j1.pdf,
January-June 2024,B.Tech,2022,BIO TECHNOLOGY,BTPC-202,Cell and Molecular Biology,End Sem,https://v1.nitj.ac.in/erp/academic_repository/uploads/9vXFj3O1CaKlgfwU.pdf,
January-June 2024,B.Tech,2022,BIO TECHNOLOGY,BTPC-204,Genetic Engineering,Mid Sem,https://v1.nitj.ac.in/erp/academic_repository/uploads/i7UX4cnys0BTjwaD.pdf,
January-June 2024,B.Tech,2022,BIO TECHNOLOGY,BTPC-204,Genetic Engineering,End Sem,https://v1.nitj.ac.in/erp/academic_repository/uploads/B5WJks0I79rbQ3RV.pdf,
January-June 2024,B.Tech,2022,BIO TECHNOLOGY,BTPC-206,Biochemical Reaction Engineering,Mid Sem,https://v1.nitj.ac.in/erp/academic_repository/uploads/eBHgN2tQF5Ovl1xi.pdf,
January-June 2024,B.Tech,2022,BIO TECHNOLOGY,BTPC-206,Biochemical Reaction Engineering,End Sem,https://v1.nitj.ac.in/erp/academic_repository/uploads/b0arNAVlE1q6jeku.pdf,
January-June 2024,B.Tech,2022,BIO TECHNOLOGY,CHPC-282,Heat and Mass Transfer,Mid Sem,https://v1.nitj.ac.in/erp/academic_repository/uploads/fXFbw6CLDO3ga0MQ.pdf,
January-June 2024,B.Tech,2022,BIO TECHNOLOGY,CHPC-282,Heat and Mass Transfer,End Sem,https://v1.nitj.ac.in/erp/academic_repository/uploads/VlGL5AzCdYJXgosQ.pdf,
January-June 2024,B.Tech,2022,BIO TECHNOLOGY,CSPC-203,Object Oriented Programming,Mid Sem,https://v1.nitj.ac.in/erp/academic_repository/uploads/7LPWEDiCFe5dt9MZ.pdf,
January-June 2024,B.Tech,2022,BIO TECHNOLOGY,CSPC-203,Object Oriented Programming,End Sem,https://v1.nitj.ac.in/erp/academic_repository/uploads/pqmxSP9aGiyrThAD.pdf,
January-June 2024,B.Tech,2022,BIO TECHNOLOGY,HMCI-202,Entrepreneurship Development and Management,Mid Sem,https://v1.nitj.ac.in/erp/academic_repository/uploads/uF4YC7LWQt3aGhBV.pdf,
January-June 2024,B.Tech,2022,BIO TECHNOLOGY,HMCI-202,Entrepreneurship Development and Management,End Sem,https://v1.nitj.ac.in/erp/academic_repository/uploads/8h5Ht4jI7U0gFYxO.pdf,
January-June 2024,B.Tech,2022,CIVIL ENGINEERING,CEPC-202,Structural Analysis-I,Mid Sem,https://v1.nitj.ac.in/erp/academic_repository/uploads/oiPI0hMxeRvj9Xy7.pdf,
January-June 2024,B.Tech,2022,CIVIL ENGINEERING,CEPC-202,Structural Analysis-I,End Sem,https://v1.nitj.ac.in/erp/academic_repository/uploads/nLbACK2HjUmiaNTM.pdf,
January-June 2024,B.Tech,2022,CIVIL ENGINEERING,CEPC-204,Wastewater Engineering,Mid Sem,https://v1.nitj.ac.in/erp/academic_repository/uploads/DWmR7f1ruzbTJXOv.pdf,
January-June 2024,B.Tech,2022,CIVIL ENGINEERING,CEPC-204,Wastewater Engineering,End Sem,https://v1.nitj.ac.in/erp/academic_repository/uploads/ebcC4TESwvXk58oH.pdf,
January-June 2024,B.Tech,2022,CIVIL ENGINEERING,CEPC-206,Earth Sciences,Mid Sem,https://v1.nitj.ac.in/erp/academic_repository/uploads/mNIKYzLhSOR08sA7.pdf,
January-June 2024,B.Tech,2022,CIVIL ENGINEERING,CEPC-206,Earth Sciences,End Sem,https://v1.nitj.ac.in/erp/academic_repository/uploads/2irsa3oVJjfhdLb6.pdf,
January-June 2024,B.Tech,2022,CIVIL ENGINEERING,CEPC-208,Fluid Mechanics,Mid Sem,https://v1.nitj.ac.in/erp/academic_repository/uploads/RvHaz2Gngo35Zp1A.pdf,
January-June 2024,B.Tech,2022,CIVIL ENGINEERING,CEPC-208,Fluid Mechanics,End Sem,https://v1.nitj.ac.in/erp/academic_repository/uploads/85dm0KseoPuMOrFA.pdf,
January-June 2024,B.Tech,2022,CIVIL ENGINEERING,HMCI-204,Human Resource Management,Mid Sem,https://v1.nitj.ac.in/erp/academic_repository/uploads/Gg8N6z31PloSLwJm.pdf,
January-June 2024,B.Tech,2022,CIVIL ENGINEERING,HMCI-204,Human Resource Management,End Sem,https://v1.nitj.ac.in/erp/academic_repository/uploads/IAblDcJSXpH7uUh8.pdf,
January-June 2024,B.Tech,2022,CIVIL ENGINEERING,MACI-203,Numerical Methods,Mid Sem,https://v1.nitj.ac.in/erp/academic_repository/uploads/fFy5D1H0aTIABVkq.pdf,
January-June 2024,B.Tech,2022,CIVIL ENGINEERING,MACI-203,Numerical Methods,End Sem,https://v1.nitj.ac.in/erp/academic_repository/uploads/WSfbsdgJjL2ZyuvT.pdf,
January-June 2024,B.Tech,2022,CHEMICAL ENGINEERING,CHPC-202,Chemical Engineering Thermodynamics,Mid Sem,https://v1.nitj.ac.in/erp/academic_repository/uploads/dW2GzAB0aR8yVJtu.pdf,
January-June 2024,B.Tech,2022,CHEMICAL ENGINEERING,CHPC-202,Chemical Engineering Thermodynamics,End Sem,https://v1.nitj.ac.in/erp/academic_repository/uploads/FoIp5SCxBLDaYW4b.pdf,
January-June 2024,B.Tech,2022,CHEMICAL ENGINEERING,CHPC-204,Heat Transfer,Mid Sem,https://v1.nitj.ac.in/erp/academic_repository/uploads/ZqBnTxYgWVab0Nyj.pdf,
January-June 2024,B.Tech,2022,CHEMICAL ENGINEERING,CHPC-204,Heat Transfer,End Sem,https://v1.nitj.ac.in/erp/academic_repository/uploads/JPerU7cjhksVISER.pdf,
January-June 2024,B.Tech,2022,CHEMICAL ENGINEERING,CHPC-206,Chemical Technology-II,Mid Sem,https://v1.nitj.ac.in/erp/academic_repository/uploads/0flijXpRtGmP7SZ6.pdf,
January-June 2024,B.Tech,2022,CHEMICAL ENGINEERING,CHPC-206,Chemical Technology-II,End Sem,https://v1.nitj.ac.in/erp/academic_repository/uploads/nFeisK6oqgZD9cp7.pdf,
January-June 2024,B.Tech,2022,CHEMICAL ENGINEERING,CHPC-208,Energy Technology,Mid Sem,https://v1.nitj.ac.in/erp/academic_repository/uploads/xgOAB6EIJGZPvTzC.pdf,
January-June 2024,B.Tech,2022,CHEMICAL ENGINEERING,CHPC-208,Energy Technology,End Sem,https://v1.nitj.ac.in/erp/academic_repository/uploads/HUn1cQXer28wI54m.pdf,
January-June 2024,B.Tech,2022,CHEMICAL ENGINEERING,CHPC-210,Process Equipment Design,Mid Sem,https://v1.nitj.ac.in/erp/academic_repository/uploads/6B5lvanEi1JyOkCH.pdf,
January-June 2024,B.Tech,2022,CHEMICAL ENGINEERING,CHPC-210,Process Equipment Design,End Sem,https://v1.nitj.ac.in/erp/academic_repository/uploads/igLHRJW5TO6xD82K.pdf,
January-June 2024,B.Tech,2022,CHEMICAL ENGINEERING,MACI-202,Probability and Statistics,Mid Sem,https://v1.nitj.ac.in/erp/academic_repository/uploads/yhgxRU5GEQnOeKu6.pdf,
January-June 2024,B.Tech,2022,CHEMICAL ENGINEERING,MACI-202,Probability and Statistics,End Sem,https://v1.nitj.ac.in/erp/academic_repository/uploads/hFH93IvdbtSNqlXM.pdf,
January-June 2024,B.Tech,2022,COMPUTER SCIENCE AND ENGINEERING,CSPC-202,Database Management System,Mid Sem,https://v1.nitj.ac.in/erp/academic_repository/uploads/AxWI765ydNJgjfwP.pdf,
January-June 2024,B.Tech,2022,COMPUTER SCIENCE AND ENGINEERING,CSPC-202,Database Management System,End Sem,https://v1.nitj.ac.in/erp/academic_repository/uploads/roCdBSRpebJ2wT96.pdf,
January-June 2024,B.Tech,2022,COMPUTER SCIENCE AND ENGINEERING,CSPC-204,Machine Learning,Mid Sem,https://v1.nitj.ac.in/erp/academic_repository/uploads/eGRDIXWpkYdmcjQx.pdf,
January-June 2024,B.Tech,2022,COMPUTER SCIENCE AND ENGINEERING,CSPC-204,Machine Learning,End Sem,https://v1.nitj.ac.in/erp/academic_repository/uploads/uBY0cI4N1MOAUnC6.pdf,
January-June 2024,B.Tech,2022,COMPUTER SCIENCE AND ENGINEERING,CSPC-206,Design and Analysis of Algorithms,Mid Sem,https://v1.nitj.ac.in/erp/academic_repository/uploads/Wn3VshdNIqgUCypw.pdf,
January-June 2024,B.Tech,2022,COMPUTER SCIENCE AND ENGINEERING,CSPC-206,Design and Analysis of Algorithms,End Sem,https://v1.nitj.ac.in/erp/academic_repository/uploads/tcG7Fki4IqBLmxw8.pdf,
January-June 2024,B.Tech,2022,COMPUTER SCIENCE AND ENGINEERING,CSPC-208,Computer Organization and Architecture,Mid Sem,https://v1.nitj.ac.in/erp/academic_repository/uploads/2x6UYTN5JiMe0blz.pdf,
January-June 2024,B.Tech,2022,COMPUTER SCIENCE AND ENGINEERING,CSPC-208,Computer Organization and Architecture,End Sem,https://v1.nitj.ac.in/erp/academic_repository/uploads/W1FaSjMty7vzhQw6.pdf,
January-June 2024,B.Tech,2022,COMPUTER SCIENCE AND ENGINEERING,ECPC-252,Microprocessor and Microcontroller,Mid Sem,https://v1.nitj.ac.in/erp/academic_repository/uploads/zZ4KBGJ9I2drb78h.pdf,
January-June 2024,B.Tech,2022,COMPUTER SCIENCE AND ENGINEERING,ECPC-252,Microprocessor and Microcontroller,End Sem,https://v1.nitj.ac.in/erp/academic_repository/uploads/TSkxtJ58HmOYCraZ.pdf,
January-June 2024,B.Tech,2022,COMPUTER SCIENCE AND ENGINEERING,HMCI-201,Economics for Engineers,Mid Sem,https://v1.nitj.ac.in/erp/academic_repository/uploads/RpE0uI56okVFdywK.pdf,
January-June 2024,B.Tech,2022,COMPUTER SCIENCE AND ENGINEERING,HMCI-201,Economics for Engineers,End Sem,https://v1.nitj.ac.in/erp/academic_repository/uploads/JdEWifO9je5PzlD2.pdf,
January-June 2024,B.Tech,2022,ELECTRONICS AND COMMUNICATION ENGINEERING,CSPC-212,Database Management Systems,Mid Sem,https://v1.nitj.ac.in/erp/academic_repository/uploads/pkjfMyVzbxHeW7ls.pdf,
January-June 2024,B.Tech,2022,ELECTRONICS AND COMMUNICATION ENGINEERING,CSPC-212,Database Management Systems,End Sem,https://v1.nitj.ac.in/erp/academic_repository/uploads/SmUaBAjZcEz5dHIT.pdf,
January-June 2024,B.Tech,2022,ELECTRONICS AND COMMUNICATION ENGINEERING,CSPC-214,Operating Systems,Mid Sem,https://v1.nitj.ac.in/erp/academic_repository/uploads/IXWZB42kczC9j6N3.pdf,
January-June 2024,B.Tech,2022,ELECTRONICS AND COMMUNICATION ENGINEERING,CSPC-214,Operating Systems,End Sem,https://v1.nitj.ac.in/erp/academic_repository/uploads/S1ZbOaTBRAVlr0jf.pdf,
January-June 2024,B.Tech,2022,ELECTRONICS AND COMMUNICATION ENGINEERING,ECPC-202,Analog Communication Systems,Mid Sem,https://v1.nitj.ac.in/erp/academic_repository/uploads/2vmbZgxA9XqiRYd5.pdf,
January-June 2024,B.Tech,2022,ELECTRONICS AND COMMUNICATION ENGINEERING,ECPC-202,Analog Communication Systems,End Sem,https://v1.nitj.ac.in/erp/academic_repository/uploads/QEC1HuNIna0OzGgb.pdf,
January-June 2024,B.Tech,2022,ELECTRONICS AND COMMUNICATION ENGINEERING,ECPC-204,Analog Integrated Circuits,Mid Sem,https://v1.nitj.ac.in/erp/academic_repository/uploads/710s5vKR2g9aCcSe.pdf,
January-June 2024,B.Tech,2022,ELECTRONICS AND COMMUNICATION ENGINEERING,ECPC-204,Analog Integrated Circuits,End Sem,https://v1.nitj.ac.in/erp/academic_repository/uploads/bS7CKB9ZaHOhNykD.pdf,
January-June 2024,B.Tech,2022,ELECTRONICS AND COMMUNICATION ENGINEERING,ECPC-206,Electronic Measurements and Instrumentation,Mid Sem,https://v1.nitj.ac.in/erp/academic_repository/uploads/kM3hgsomneyFVTE9.pdf,
January-June 2024,B.Tech,2022,ELECTRONICS AND COMMUNICATION ENGINEERING,ECPC-206,Electronic Measurements and Instrumentation,End Sem,https://v1.nitj.ac.in/erp/academic_repository/uploads/7TMRDJLpKSVwbeBt.pdf,
January-June 2024,B.Tech,2022,ELECTRONICS AND COMMUNICATION ENGINEERING,ECPC-208,Electromagnetic Field Theory and Transmission Lines,Mid Sem,https://v1.nitj.ac.in/erp/academic_repository/uploads/YgICpnZ2woqQUH8W.pdf,
January-June 2024,B.Tech,2022,ELECTRONICS AND COMMUNICATION ENGINEERING,ECPC-208,Electromagnetic Field Theory and Transmission Lines,End Sem,https://v1.nitj.ac.in/erp/academic_repository/uploads/7ZPyvgXs31bHAVqa.pdf,
January-June 2024,B.Tech,2022,ELECTRICAL ENGINEERING,CSPC-213,Data Structures and Algorithms,Mid Sem,https://v1.nitj.ac.in/erp/academic_repository/uploads/mc3d02OZhkelCMqH.pdf,
January-June 2024,B.Tech,2022,ELECTRICAL ENGINEERING,CSPC-213,Data Structures and Algorithms,End Sem,https://v1.nitj.ac.in/erp/academic_repository/uploads/PU81AnxtmQKrI2aw.pdf,
January-June 2024,B.Tech,2022,ELECTRICAL ENGINEERING,EEPC-202,Electrical Machines-I,Mid Sem,https://v1.nitj.ac.in/erp/academic_repository/uploads/HJqcnYlPvGszK6Uo.pdf,
January-June 2024,B.Tech,2022,ELECTRICAL ENGINEERING,EEPC-202,Electrical Machines-I,End Sem,https://v1.nitj.ac.in/erp/academic_repository/uploads/dBpF8cNeVtUx6hLY.pdf,
January-June 2024,B.Tech,2022,ELECTRICAL ENGINEERING,EEPC-204,Instrumentation,Mid Sem,https://v1.nitj.ac.in/erp/academic_repository/uploads/EMuPfnBDI2XxSCzL.pdf,
January-June 2024,B.Tech,2022,ELECTRICAL ENGINEERING,EEPC-204,Instrumentation,End Sem,https://v1.nitj.ac.in/erp/academic_repository/uploads/oqViFsmaZDWyzfej.pdf,
January-June 2024,B.Tech,2022,ELECTRICAL ENGINEERING,EEPC-206,Generation of Electric Power,Mid Sem,https://v1.nitj.ac.in/erp/academic_repository/uploads/wKApcqxkYv1j7ryG.pdf,
January-June 2024,B.Tech,2022,ELECTRICAL ENGINEERING,EEPC-206,Generation of Electric Power,End Sem,https://v1.nitj.ac.in/erp/academic_repository/uploads/g6oiPcqhJpvzOC4Y.pdf,
January-June 2024,B.Tech,2022,ELECTRICAL ENGINEERING,EEXX-250,Professional Ethics & Holistic Wellbeing,Mid Sem,https://v1.nitj.ac.in/erp/academic_repository/uploads/8JToEadZKx4UYOeG.pdf,
January-June 2024,B.Tech,2022,ELECTRICAL ENGINEERING,EEXX-250,Professional Ethics & Holistic Wellbeing,End Sem,https://v1.nitj.ac.in/erp/academic_repository/uploads/5qNMZGv9CE2uejR4.pdf,
January-June 2024,B.Tech,2022,ELECTRICAL ENGINEERING,HMCI-201,Economics for Engineers,Mid Sem,https://v1.nitj.ac.in/erp/academic_repository/uploads/PLj9cZBRUsXShvx1.pdf,
January-June 2024,B.Tech,2022,ELECTRICAL ENGINEERING,HMCI-201,Economics for Engineers,End Sem,https://v1.nitj.ac.in/erp/academic_repository/uploads/Nw26nBfIJm3qVWRE.pdf,
January-June 2024,B.Tech,2022,ELECTRICAL ENGINEERING,MACI-203,Numerical Methods,Mid Sem,https://v1.nitj.ac.in/erp/academic_repository/uploads/DGAnmzMd7W1H5kgq.pdf,
January-June 2024,B.Tech,2022,ELECTRICAL ENGINEERING,MACI-203,Numerical Methods,End Sem,https://v1.nitj.ac.in/erp/academic_repository/uploads/grQMLeyi4ZIxBG92.pdf,
January-June 2024,B.Tech,2022,INSTRUMENTATION AND CONTROL ENGINEERING,CSPC-213,Data Structures and Algorithms,Mid Sem,https://v1.nitj.ac.in/erp/academic_repository/uploads/ztS54xbZALvw69cJ.pdf,
January-June 2024,B.Tech,2022,INSTRUMENTATION AND CONTROL ENGINEERING,CSPC-213,Data Structures and Algorithms,End Sem,https://v1.nitj.ac.in/erp/academic_repository/uploads/8KPVE2QScZnU9CRb.pdf,
January-June 2024,B.Tech,2022,INSTRUMENTATION AND CONTROL ENGINEERING,ECPC-254,Digital Electronics,Mid Sem,https://v1.nitj.ac.in/erp/academic_repository/uploads/QXtJis7wKln8aBfx.pdf,
January-June 2024,B.Tech,2022,INSTRUMENTATION AND CONTROL ENGINEERING,ECPC-254,Digital Electronics,End Sem,https://v1.nitj.ac.in/erp/academic_repository/uploads/yrLDWjGkpQ1RO4Fo.pdf,
January-June 2024,B.Tech,2022,INSTRUMENTATION AND CONTROL ENGINEERING,HMCI-201,Economics for Engineers,Mid Sem,https://v1.nitj.ac.in/erp/academic_repository/uploads/WhM89w4K23ZPOpnA.pdf,
January-June 2024,B.Tech,2022,INSTRUMENTATION AND CONTROL ENGINEERING,HMCI-201,Economics for Engineers,End Sem,https://v1.nitj.ac.in/erp/academic_repository/uploads/1rTECieavFbU8fc2.pdf,
January-June 2024,B.Tech,2022,INSTRUMENTATION AND CONTROL ENGINEERING,ICPC-202,Electrical Machines,Mid Sem,https://v1.nitj.ac.in/erp/academic_repository/uploads/qmgOeuSVTz89ji23.pdf,
January-June 2024,B.Tech,2022,INSTRUMENTATION AND CONTROL ENGINEERING,ICPC-202,Electrical Machines,End Sem,https://v1.nitj.ac.in/erp/academic_repository/uploads/nGQ8rJ5eDXh3EIOa.pdf,
January-June 2024,B.Tech,2022,INSTRUMENTATION AND CONTROL ENGINEERING,ICPC-204,Transducers and Signal Conditioning,Mid Sem,https://v1.nitj.ac.in/erp/academic_repository/uploads/uRLxCqXJd8BeQ3zD.pdf,
January-June 2024,B.Tech,2022,INSTRUMENTATION AND CONTROL ENGINEERING,ICPC-204,Transducers and Signal Conditioning,End Sem,https://v1.nitj.ac.in/erp/academic_repository/uploads/WahVsbfXzUAkByCI.pdf,
January-June 2024,B.Tech,2022,INSTRUMENTATION AND CONTROL ENGINEERING,ICPC-206,Electrical Power System,Mid Sem,https://v1.nitj.ac.in/erp/academic_repository/uploads/heFzSTfMDY9tm14Z.pdf,
January-June 2024,B.Tech,2022,INSTRUMENTATION AND CONTROL ENGINEERING,ICPC-206,Electrical Power System,End Sem,https://v1.nitj.ac.in/erp/academic_repository/uploads/xXVRnq53BcENhotz.pdf,
January-June 2024,B.Tech,2022,INDUSTRIAL AND PRODUCTION ENGINEERING,IPCI-201,Managerial Statistics,Mid Sem,https://v1.nitj.ac.in/erp/academic_repository/uploads/EheuB6msxYlrpdbX.pdf,
January-June 2024,B.Tech,2022,INDUSTRIAL AND PRODUCTION ENGINEERING,IPCI-201,Managerial Statistics,End Sem,https://v1.nitj.ac.in/erp/academic_repository/uploads/Gr3iCIT7YsH081Xq.pdf,
January-June 2024,B.Tech,2022,INDUSTRIAL AND PRODUCTION ENGINEERING,IPPC-202,Mechanical Measurements and Metrology,Mid Sem,https://v1.nitj.ac.in/erp/academic_repository/uploads/bVUK1AG68uOzC9B5.pdf,
January-June 2024,B.Tech,2022,INDUSTRIAL AND PRODUCTION ENGINEERING,IPPC-202,Mechanical Measurements and Metrology,End Sem,https://v1.nitj.ac.in/erp/academic_repository/uploads/oZdJFmV9EDPf2aKv.pdf,
January-June 2024,B.Tech,2022,INDUSTRIAL AND PRODUCTION ENGINEERING,IPPC-204,Design of Machine Elements,Mid Sem,https://v1.nitj.ac.in/erp/academic_repository/uploads/ndlzpU6AhX0I5ctj.pdf,
January-June 2024,B.Tech,2022,INDUSTRIAL AND PRODUCTION ENGINEERING,IPPC-204,Design of Machine Elements,End Sem,https://v1.nitj.ac.in/erp/academic_repository/uploads/SPlcYQE4shOZqXLA.pdf,
January-June 2024,B.Tech,2022,INDUSTRIAL AND PRODUCTION ENGINEERING,IPPC-206,Industrial Automation,Mid Sem,https://v1.nitj.ac.in/erp/academic_repository/uploads/JQFW429nMYqdI7VA.pdf,
January-June 2024,B.Tech,2022,INDUSTRIAL AND PRODUCTION ENGINEERING,IPPC-206,Industrial Automation,End Sem,https://v1.nitj.ac.in/erp/academic_repository/uploads/hNo8pBLfPCexU40d.pdf,
January-June 2024,B.Tech,2022,INDUSTRIAL AND PRODUCTION ENGINEERING,IPPC-208,Machining Science & Machine Tools,Mid Sem,https://v1.nitj.ac.in/erp/academic_repository/uploads/9SHGM8Ufn5Tsz04X.pdf,
January-June 2024,B.Tech,2022,INDUSTRIAL AND PRODUCTION ENGINEERING,IPPC-208,Machining Science & Machine Tools,End Sem,https://v1.nitj.ac.in/erp/academic_repository/uploads/cA7iKn3L0dguhVOm.pdf,
January-June 2024,B.Tech,2022,INDUSTRIAL AND PRODUCTION ENGINEERING,IPPC-210,Material Science & Metallurgy,Mid Sem,https://v1.nitj.ac.in/erp/academic_repository/uploads/eZik4tE7u3zpy1sK.pdf,
January-June 2024,B.Tech,2022,INDUSTRIAL AND PRODUCTION ENGINEERING,IPPC-210,Material Science & Metallurgy,End Sem,https://v1.nitj.ac.in/erp/academic_repository/uploads/ukvMU7NYdqagDGnl.pdf,
January-June 2024,B.Tech,2022,INFORMATION TECHNOLOGY,HMCI-201,Economics for Engineers,Mid Sem,https://v1.nitj.ac.in/erp/academic_repository/uploads/4AUmWurb8IHdnqpC.pdf,
January-June 2024,B.Tech,2022,INFORMATION TECHNOLOGY,HMCI-201,Economics for Engineers,End Sem,https://v1.nitj.ac.in/erp/academic_repository/uploads/4lDsejF1ahkxiK63.pdf,
January-June 2024,B.Tech,2022,INFORMATION TECHNOLOGY,ITPC-202,Introduction to Design and Analysis of Algorithms,Mid Sem,https://v1.nitj.ac.in/erp/academic_repository/uploads/DIx0Q1RcWvH5VY7t.pdf,
January-June 2024,B.Tech,2022,INFORMATION TECHNOLOGY,ITPC-202,Introduction to Design and Analysis of Algorithms,End Sem,https://v1.nitj.ac.in/erp/academic_repository/uploads/uJDWn27qEtoGKsPk.pdf,
January-June 2024,B.Tech,2022,INFORMATION TECHNOLOGY,ITPC-204,Operating System Concepts,Mid Sem,https://v1.nitj.ac.in/erp/academic_repository/uploads/VLbnKdZ932moFfQX.pdf,
January-June 2024,B.Tech,2022,INFORMATION TECHNOLOGY,ITPC-204,Operating System Concepts,End Sem,https://v1.nitj.ac.in/erp/academic_repository/uploads/CS8qQRVsFyfiecYM.pdf,
January-June 2024,B.Tech,2022,INFORMATION TECHNOLOGY,ITPC-206,Java Programming,Mid Sem,https://v1.nitj.ac.in/erp/academic_repository/uploads/0JbCuR1w8yhkerY9.pdf,
January-June 2024,B.Tech,2022,INFORMATION TECHNOLOGY,ITPC-206,Java Programming,End Sem,https://v1.nitj.ac.in/erp/academic_repository/uploads/61bzOD5w4UyPloJQ.pdf,
January-June 2024,B.Tech,2022,INFORMATION TECHNOLOGY,ITPC-208,Data Mining and Data Warehousing Concepts,Mid Sem,https://v1.nitj.ac.in/erp/academic_repository/uploads/HaBN5U73mn6rC0bW.pdf,
January-June 2024,B.Tech,2022,INFORMATION TECHNOLOGY,ITPC-208,Data Mining and Data Warehousing Concepts,End Sem,https://v1.nitj.ac.in/erp/academic_repository/uploads/5r7XSfwuecngRsCx.pdf,
January-June 2024,B.Tech,2022,INFORMATION TECHNOLOGY,ITPC-210,Formal Language and Automata Theory,Mid Sem,https://v1.nitj.ac.in/erp/academic_repository/uploads/E6gmQ4o9szn5TPe2.pdf,
January-June 2024,B.Tech,2022,INFORMATION TECHNOLOGY,ITPC-210,Formal Language and Automata Theory,End Sem,https://v1.nitj.ac.in/erp/academic_repository/uploads/tw4xKPXCg2AazsHN.pdf,
January-June 2024,B.Tech,2022,MECHANICAL ENGINEERING,MACI-201,Mathematics-III,Mid Sem,https://v1.nitj.ac.in/erp/academic_repository/uploads/fN7gn2uxIVvFJHGE.pdf,
January-June 2024,B.Tech,2022,MECHANICAL ENGINEERING,MACI-201,Mathematics-III,End Sem,https://v1.nitj.ac.in/erp/academic_repository/uploads/YcrUa7JPeuGT5ilD.pdf,
January-June 2024,B.Tech,2022,MECHANICAL ENGINEERING,MEPC-202,Applied Thermodynamics-II,Mid Sem,https://v1.nitj.ac.in/erp/academic_repository/uploads/Eh0IMd75ZOPcjSl9.pdf,
January-June 2024,B.Tech,2022,MECHANICAL ENGINEERING,MEPC-202,Applied Thermodynamics-II,End Sem,https://v1.nitj.ac.in/erp/academic_repository/uploads/JKlBFVgOrP7mAd90.pdf,
January-June 2024,B.Tech,2022,MECHANICAL ENGINEERING,MEPC-204,Dynamics of Machines,Mid Sem,https://v1.nitj.ac.in/erp/academic_repository/uploads/OKGok9xihPRrJ0UE.pdf,
January-June 2024,B.Tech,2022,MECHANICAL ENGINEERING,MEPC-204,Dynamics of Machines,End Sem,https://v1.nitj.ac.in/erp/academic_repository/uploads/eIz0YJUsO1RMpBk2.pdf,
January-June 2024,B.Tech,2022,MECHANICAL ENGINEERING,MEPC-206,Mechanics of Deformable Bodies,Mid Sem,https://v1.nitj.ac.in/erp/academic_repository/uploads/YFepkdKR8oAVzl2B.pdf,
January-June 2024,B.Tech,2022,MECHANICAL ENGINEERING,MEPC-206,Mechanics of Deformable Bodies,End Sem,https://v1.nitj.ac.in/erp/academic_repository/uploads/YP1alTyqjfM8QB6z.pdf,
January-June 2024,B.Tech,2022,MECHANICAL ENGINEERING,MEPC-208,Production Processes,Mid Sem,https://v1.nitj.ac.in/erp/academic_repository/uploads/bTFc21r89zGaWkEY.pdf,
January-June 2024,B.Tech,2022,MECHANICAL ENGINEERING,MEPC-208,Production Processes,End Sem,https://v1.nitj.ac.in/erp/academic_repository/uploads/Er5bCntOVA3QDlU1.pdf,
January-June 2024,B.Tech,2022,MECHANICAL ENGINEERING,MEPC-210,Fluid Mechanics-II,Mid Sem,https://v1.nitj.ac.in/erp/academic_repository/uploads/HO5wv3rpIjnfLbeY.pdf,
January-June 2024,B.Tech,2022,MECHANICAL ENGINEERING,MEPC-210,Fluid Mechanics-II,End Sem,https://v1.nitj.ac.in/erp/academic_repository/uploads/HW4CR0xi3GMazIp6.pdf,
January-June 2024,B.Tech,2022,TEXTILE TECHNOLOGY,TTPC-202,Man-made Fibres,Mid Sem,https://v1.nitj.ac.in/erp/academic_repository/uploads/29CrFHq5g30sMmUk.pdf,
January-June 2024,B.Tech,2022,TEXTILE TECHNOLOGY,TTPC-202,Man-made Fibres,End Sem,https://v1.nitj.ac.in/erp/academic_repository/uploads/IMp82jVaCWLe43Ko.pdf,
January-June 2024,B.Tech,2022,TEXTILE TECHNOLOGY,TTPC-204,Yarn Formation-II,Mid Sem,https://v1.nitj.ac.in/erp/academic_repository/uploads/rz4YyPb9BN3ls0tL.pdf,
January-June 2024,B.Tech,2022,TEXTILE TECHNOLOGY,TTPC-204,Yarn Formation-II,End Sem,https://v1.nitj.ac.in/erp/academic_repository/uploads/arKTj6DfEMhWPu1Y.pdf,
January-June 2024,B.Tech,2022,TEXTILE TECHNOLOGY,TTPC-206,Fabric Formation Systems,Mid Sem,https://v1.nitj.ac.in/erp/academic_repository/uploads/Ki4bWlp5FczxJ6w1.pdf,
January-June 2024,B.Tech,2022,TEXTILE TECHNOLOGY,TTPC-206,Fabric Formation Systems,End Sem,https://v1.nitj.ac.in/erp/academic_repository/uploads/Jcuo60nQW8IDpXMG.pdf,
January-June 2024,B.Tech,2022,TEXTILE TECHNOLOGY,TTPC-208,Preparatory and Coloration of Textiles,Mid Sem,https://v1.nitj.ac.in/erp/academic_repository/uploads/ENVwTZ1DXqncxokH.pdf,
January-June 2024,B.Tech,2022,TEXTILE TECHNOLOGY,TTPC-208,Preparatory and Coloration of Textiles,End Sem,https://v1.nitj.ac.in/erp/academic_repository/uploads/63PHLyRBloa0GNAY.pdf,
January-June 2024,B.Tech,2022,TEXTILE TECHNOLOGY,TTPC-210,Fabric Structure and Design Analysis,Mid Sem,https://v1.nitj.ac.in/erp/academic_repository/uploads/RcrVOHuGnoibPp8z.pdf,
January-June 2024,B.Tech,2022,TEXTILE TECHNOLOGY,TTPC-210,Fabric Structure and Design Analysis,End Sem,https://v1.nitj.ac.in/erp/academic_repository/uploads/yk6sZEgIunFOS0Vj.pdf,
January-June 2024,B.Tech,2021,BIO TECHNOLOGY,BTOE-302,Bioprocess Engineering in Biofuel Production,Mid Sem,https://v1.nitj.ac.in/erp/academic_repository/uploads/xWbos6RZcjUG5Stv.pdf,
January-June 2024,B.Tech,2021,BIO TECHNOLOGY,BTOE-302,Bioprocess Engineering in Biofuel Production,End Sem,https://v1.nitj.ac.in/erp/academic_repository/uploads/8P9vbIWi6hxMjNqO.pdf,
January-June 2024,B.Tech,2021,BIO TECHNOLOGY,BTPC-302,Bioinformatics,Mid Sem,https://v1.nitj.ac.in/erp/academic_repository/uploads/Zwz1BCR82QKhLHuT.pdf,
January-June 2024,B.Tech,2021,BIO TECHNOLOGY,BTPC-302,Bioinformatics,End Sem,https://v1.nitj.ac.in/erp/academic_repository/uploads/sNZG19kz5LjgAo43.pdf,
January-June 2024,B.Tech,2021,BIO TECHNOLOGY,BTPC-304,Bioprocess Modeling and Simulation,Mid Sem,https://v1.nitj.ac.in/erp/academic_repository/uploads/Cp5guj4hdcABQDOW.pdf,
January-June 2024,B.Tech,2021,BIO TECHNOLOGY,BTPC-304,Bioprocess Modeling and Simulation,End Sem,https://v1.nitj.ac.in/erp/academic_repository/uploads/SRMXs5lkP1eo9EGY.pdf,
January-June 2024,B.Tech,2021,BIO TECHNOLOGY,BTPC-306,Analytical Methods in Biotechnology,Mid Sem,https://v1.nitj.ac.in/erp/academic_repository/uploads/8GbT2CsEy7mNjQRv.pdf,
January-June 2024,B.Tech,2021,BIO TECHNOLOGY,BTPC-306,Analytical Methods in Biotechnology,End Sem,https://v1.nitj.ac.in/erp/academic_repository/uploads/Zh8nvTbmHcq2N7dX.pdf,
January-June 2024,B.Tech,2021,BIO TECHNOLOGY,BTPE-322,Bioprocess Equipment Design and Economics,Mid Sem,https://v1.nitj.ac.in/erp/academic_repository/uploads/ADGYeFdas3oyxVM1.pdf,
January-June 2024,B.Tech,2021,BIO TECHNOLOGY,BTPE-322,Bioprocess Equipment Design and Economics,End Sem,https://v1.nitj.ac.in/erp/academic_repository/uploads/pm1NafF2Iuxl9iYU.pdf,
January-June 2024,B.Tech,2021,BIO TECHNOLOGY,BTPE-324,Protein Engineering,Mid Sem,https://v1.nitj.ac.in/erp/academic_repository/uploads/8gi2rNGQoylaswLP.pdf,
January-June 2024,B.Tech,2021,BIO TECHNOLOGY,BTPE-324,Protein Engineering,End Sem,https://v1.nitj.ac.in/erp/academic_repository/uploads/oS2CVInlDX5QZAHv.pdf,
January-June 2024,B.Tech,2021,BIO TECHNOLOGY,BTPE-328,Bio-materials,Mid Sem,https://v1.nitj.ac.in/erp/academic_repository/uploads/kLQ71IMXaoger0hD.pdf,
January-June 2024,B.Tech,2021,BIO TECHNOLOGY,BTPE-328,Bio-materials,End Sem,https://v1.nitj.ac.in/erp/academic_repository/uploads/VfIgbu0lsXZo58mH.pdf,
January-June 2024,B.Tech,2021,CIVIL ENGINEERING,CEOE-472,Green Technology,Mid Sem,https://v1.nitj.ac.in/erp/academic_repository/uploads/dT1B37aSP9O582Fu.pdf,
January-June 2024,B.Tech,2021,CIVIL ENGINEERING,CEOE-472,Green Technology,End Sem,https://v1.nitj.ac.in/erp/academic_repository/uploads/L0dUh3mx6Z7AnN8u.pdf,
January-June 2024,B.Tech,2021,CIVIL ENGINEERING,CEPC-302,Foundation Engineering,Mid Sem,https://v1.nitj.ac.in/erp/academic_repository/uploads/NBzUH1c4GvbQo9Jl.pdf,
January-June 2024,B.Tech,2021,CIVIL ENGINEERING,CEPC-302,Foundation Engineering,End Sem,https://v1.nitj.ac.in/erp/academic_repository/uploads/wCYHG0EdaUreLvpN.pdf,
January-June 2024,B.Tech,2021,CIVIL ENGINEERING,CEPC-304,Design of Concrete Structures-II,Mid Sem,https://v1.nitj.ac.in/erp/academic_repository/uploads/qs5lNM01mBKI6avn.pdf,
January-June 2024,B.Tech,2021,CIVIL ENGINEERING,CEPC-304,Design of Concrete Structures-II,End Sem,https://v1.nitj.ac.in/erp/academic_repository/uploads/BlNoItTMvxOW2JU3.pdf,
January-June 2024,B.Tech,2021,CIVIL ENGINEERING,CEPC-306,Design of Steel Structures-I,Mid Sem,https://v1.nitj.ac.in/erp/academic_repository/uploads/jL5vzoSlytQe60ms.pdf,
January-June 2024,B.Tech,2021,CIVIL ENGINEERING,CEPC-306,Design of Steel Structures-I,End Sem,https://v1.nitj.ac.in/erp/academic_repository/uploads/LIzeMKCawZ2FNi7U.pdf,
January-June 2024,B.Tech,2021,CIVIL ENGINEERING,CEPC-308,Elements of Earthquake Engineering,Mid Sem,https://v1.nitj.ac.in/erp/academic_repository/uploads/03dQgCjxF7O29mGw.pdf,
January-June 2024,B.Tech,2021,CIVIL ENGINEERING,CEPC-308,Elements of Earthquake Engineering,End Sem,https://v1.nitj.ac.in/erp/academic_repository/uploads/vxefnXREI9hKWLk1.pdf,
January-June 2024,B.Tech,2021,CIVIL ENGINEERING,CEPE-334,Structural Analysis-III,Mid Sem,https://v1.nitj.ac.in/erp/academic_repository/uploads/CVMoJ97IDYq34St8.pdf,
January-June 2024,B.Tech,2021,CIVIL ENGINEERING,CEPE-334,Structural Analysis-III,End Sem,https://v1.nitj.ac.in/erp/academic_repository/uploads/tVIXwS2enPbQNOW4.pdf,
January-June 2024,B.Tech,2021,CIVIL ENGINEERING,CEPE-338,Advanced Construction Practices,Mid Sem,https://v1.nitj.ac.in/erp/academic_repository/uploads/NJzZq6mbPYrSh3Kg.pdf,
January-June 2024,B.Tech,2021,CIVIL ENGINEERING,CEPE-338,Advanced Construction Practices,End Sem,https://v1.nitj.ac.in/erp/academic_repository/uploads/xOQPz9oB5sw6XhaC.pdf,
January-June 2024,B.Tech,2021,CIVIL ENGINEERING,CEPE-342,Highway Pavement Design and Construction,Mid Sem,https://v1.nitj.ac.in/erp/academic_repository/uploads/YKV3MOgL7puANa0n.pdf,
January-June 2024,B.Tech,2021,CIVIL ENGINEERING,CEPE-342,Highway Pavement Design and Construction,End Sem,https://v1.nitj.ac.in/erp/academic_repository/uploads/d0nNkgMAF23uRyfs.pdf,
January-June 2024,B.Tech,2021,CHEMICAL ENGINEERING,CHOE-401,Hydrocarbon Engineering,Mid Sem,https://v1.nitj.ac.in/erp/academic_repository/uploads/IgxGrZvnsL5T3oQh.pdf,
January-June 2024,B.Tech,2021,CHEMICAL ENGINEERING,CHOE-401,Hydrocarbon Engineering,End Sem,https://v1.nitj.ac.in/erp/academic_repository/uploads/CaKteZjDyHS8B3UE.pdf,
January-June 2024,B.Tech,2021,CHEMICAL ENGINEERING,CHPC-302,Mass Transfer-II,Mid Sem,https://v1.nitj.ac.in/erp/academic_repository/uploads/WVf3dvsT7tkDawxe.pdf,
January-June 2024,B.Tech,2021,CHEMICAL ENGINEERING,CHPC-302,Mass Transfer-II,End Sem,https://v1.nitj.ac.in/erp/academic_repository/uploads/arERGwFYCMi1n7Ls.pdf,
January-June 2024,B.Tech,2021,CHEMICAL ENGINEERING,CHPC-304,Chemical Reaction Engineering-II,Mid Sem,https://v1.nitj.ac.in/erp/academic_repository/uploads/V82lYjfJLm1ywoan.pdf,
January-June 2024,B.Tech,2021,CHEMICAL ENGINEERING,CHPC-304,Chemical Reaction Engineering-II,End Sem,https://v1.nitj.ac.in/erp/academic_repository/uploads/WMTLKPyEJrDkifnp.pdf,
January-June 2024,B.Tech,2021,CHEMICAL ENGINEERING,CHPC-306,Process Dynamics and Control,Mid Sem,https://v1.nitj.ac.in/erp/academic_repository/uploads/CAE93fkyDoTbXxu6.pdf,
January-June 2024,B.Tech,2021,CHEMICAL ENGINEERING,CHPC-306,Process Dynamics and Control,End Sem,https://v1.nitj.ac.in/erp/academic_repository/uploads/KCswWHfS4Lj8OTyr.pdf,
January-June 2024,B.Tech,2021,CHEMICAL ENGINEERING,CHPE-351,Computational Fluid Dynamics,Mid Sem,https://v1.nitj.ac.in/erp/academic_repository/uploads/FwTXIriPmU3YLzBC.pdf,
January-June 2024,B.Tech,2021,CHEMICAL ENGINEERING,CHPE-351,Computational Fluid Dynamics,End Sem,https://v1.nitj.ac.in/erp/academic_repository/uploads/x8y5lDtJO1Z0u2ET.pdf,
January-June 2024,B.Tech,2021,CHEMICAL ENGINEERING,CHPE-360,Polymer Science and Engineering,Mid Sem,https://v1.nitj.ac.in/erp/academic_repository/uploads/unIiRWXw2LtoCkhS.pdf,
January-June 2024,B.Tech,2021,CHEMICAL ENGINEERING,CHPE-360,Polymer Science and Engineering,End Sem,https://v1.nitj.ac.in/erp/academic_repository/uploads/u3FxlDWqcgbwJ6kA.pdf,
January-June 2024,B.Tech,2021,CHEMICAL ENGINEERING,CHPE-362,Process Intensification,Mid Sem,https://v1.nitj.ac.in/erp/academic_repository/uploads/eQrOUhLSRfNa2tgv.pdf,
January-June 2024,B.Tech,2021,CHEMICAL ENGINEERING,CHPE-362,Process Intensification,End Sem,https://v1.nitj.ac.in/erp/academic_repository/uploads/o7aTWr4vnlNgyicZ.pdf,
January-June 2024,B.Tech,2021,COMPUTER SCIENCE AND ENGINEERING,CSOE-007,Fundamentals of Machine Learning,Mid Sem,https://v1.nitj.ac.in/erp/academic_repository/uploads/sQ58vyTfJcharDkP.pdf,
January-June 2024,B.Tech,2021,COMPUTER SCIENCE AND ENGINEERING,CSOE-007,Fundamentals of Machine Learning,End Sem,https://v1.nitj.ac.in/erp/academic_repository/uploads/g4nryEOIa27xUsFJ.pdf,
January-June 2024,B.Tech,2021,COMPUTER SCIENCE AND ENGINEERING,CSPC-302,Data Analytics,Mid Sem,https://v1.nitj.ac.in/erp/academic_repository/uploads/VSeFCdgtuskh4ErI.pdf,
January-June 2024,B.Tech,2021,COMPUTER SCIENCE AND ENGINEERING,CSPC-302,Data Analytics,End Sem,https://v1.nitj.ac.in/erp/academic_repository/uploads/tjNC72yGoFiEYJ6m.pdf,
January-June 2024,B.Tech,2021,COMPUTER SCIENCE AND ENGINEERING,CSPC-304,Cloud Computing,Mid Sem,https://v1.nitj.ac.in/erp/academic_repository/uploads/C76kNwKYObeHFTxR.pdf,
January-June 2024,B.Tech,2021,COMPUTER SCIENCE AND ENGINEERING,CSPC-304,Cloud Computing,End Sem,https://v1.nitj.ac.in/erp/academic_repository/uploads/V1LQbgK9Ouwk5iIt.pdf,
January-June 2024,B.Tech,2021,COMPUTER SCIENCE AND ENGINEERING,CSPC-306,Network Security and Cyber Forensics,Mid Sem,https://v1.nitj.ac.in/erp/academic_repository/uploads/kBoFZrVh7H6Lb9sG.pdf,
January-June 2024,B.Tech,2021,COMPUTER SCIENCE AND ENGINEERING,CSPC-306,Network Security and Cyber Forensics,End Sem,https://v1.nitj.ac.in/erp/academic_repository/uploads/ZH6WXmTMCFPhzU5b.pdf,
January-June 2024,B.Tech,2021,COMPUTER SCIENCE AND ENGINEERING,CSPC-308,Data Mining and Data Warehousing,Mid Sem,https://v1.nitj.ac.in/erp/academic_repository/uploads/WNZ95IvmS82LwMxz.pdf,
January-June 2024,B.Tech,2021,COMPUTER SCIENCE AND ENGINEERING,CSPC-308,Data Mining and Data Warehousing,End Sem,https://v1.nitj.ac.in/erp/academic_repository/uploads/xP4uNvmqiowlYB1a.pdf,
January-June 2024,B.Tech,2021,COMPUTER SCIENCE AND ENGINEERING,CSPE-338,Computer Vision,Mid Sem,https://v1.nitj.ac.in/erp/academic_repository/uploads/yTxRE6K2w39qlmjL.pdf,
January-June 2024,B.Tech,2021,COMPUTER SCIENCE AND ENGINEERING,CSPE-338,Computer Vision,End Sem,https://v1.nitj.ac.in/erp/academic_repository/uploads/JTbHqtFNZu7nXkvE.pdf,
January-June 2024,B.Tech,2021,COMPUTER SCIENCE AND ENGINEERING,CSPE-340,Advanced Database Management Systems,Mid Sem,https://v1.nitj.ac.in/erp/academic_repository/uploads/9jJCTzOn0IWxu1Ne.pdf,
January-June 2024,B.Tech,2021,COMPUTER SCIENCE AND ENGINEERING,CSPE-340,Advanced Database Management Systems,End Sem,https://v1.nitj.ac.in/erp/academic_repository/uploads/ZtxVYO31o0czQKWG.pdf,
January-June 2024,B.Tech,2021,ELECTRONICS AND COMMUNICATION ENGINEERING,ECOE-364,Soft Computing,Mid Sem,https://v1.nitj.ac.in/erp/academic_repository/uploads/n8aTrjXi0PUGQVkK.pdf,
January-June 2024,B.Tech,2021,ELECTRONICS AND COMMUNICATION ENGINEERING,ECOE-364,Soft Computing,End Sem,https://v1.nitj.ac.in/erp/academic_repository/uploads/KWwTdqZO6nfj3o4I.pdf,
January-June 2024,B.Tech,2021,ELECTRONICS AND COMMUNICATION ENGINEERING,ECPC-302,Digital System Design,Mid Sem,https://v1.nitj.ac.in/erp/academic_repository/uploads/nCl03Kg6p8ea4ZmM.pdf,
January-June 2024,B.Tech,2021,ELECTRONICS AND COMMUNICATION ENGINEERING,ECPC-302,Digital System Design,End Sem,https://v1.nitj.ac.in/erp/academic_repository/uploads/GUv4s2ynLa3qF8JB.pdf,
January-June 2024,B.Tech,2021,ELECTRONICS AND COMMUNICATION ENGINEERING,ECPC-304,Digital Communication Systems,Mid Sem,https://v1.nitj.ac.in/erp/academic_repository/uploads/sPDoVhU2gEIknTdY.pdf,
January-June 2024,B.Tech,2021,ELECTRONICS AND COMMUNICATION ENGINEERING,ECPC-304,Digital Communication Systems,End Sem,https://v1.nitj.ac.in/erp/academic_repository/uploads/gHQd3Oazuw4JPE5e.pdf,
January-June 2024,B.Tech,2021,ELECTRONICS AND COMMUNICATION ENGINEERING,ECPC-306,Digital Signal Processing,Mid Sem,https://v1.nitj.ac.in/erp/academic_repository/uploads/UiRYmC4rFgdPphvQ.pdf,
January-June 2024,B.Tech,2021,ELECTRONICS AND COMMUNICATION ENGINEERING,ECPC-306,Digital Signal Processing,End Sem,https://v1.nitj.ac.in/erp/academic_repository/uploads/qTnXNzLsB4twirJP.pdf,
January-June 2024,B.Tech,2021,ELECTRONICS AND COMMUNICATION ENGINEERING,ECPC-308,Advanced Microprocessors and Microcontrollers,Mid Sem,https://v1.nitj.ac.in/erp/academic_repository/uploads/pmfXDkAPQnZ6Hhul.pdf,
January-June 2024,B.Tech,2021,ELECTRONICS AND COMMUNICATION ENGINEERING,ECPC-308,Advanced Microprocessors and Microcontrollers,End Sem,https://v1.nitj.ac.in/erp/academic_repository/uploads/68QXHAEtZgGU5nYz.pdf,
January-June 2024,B.Tech,2021,ELECTRONICS AND COMMUNICATION ENGINEERING,ECPE-354,Optoelectronic Devices,Mid Sem,https://v1.nitj.ac.in/erp/academic_repository/uploads/qQzAfGFThk9XorsE.pdf,
January-June 2024,B.Tech,2021,ELECTRONICS AND COMMUNICATION ENGINEERING,ECPE-354,Optoelectronic Devices,End Sem,https://v1.nitj.ac.in/erp/academic_repository/uploads/24Xj0aTMsFRlUDZP.pdf,
January-June 2024,B.Tech,2021,ELECTRONICS AND COMMUNICATION ENGINEERING,ECPE-358,Data Communication and Networks,Mid Sem,https://v1.nitj.ac.in/erp/academic_repository/uploads/48ctNRaMu2grsSAP.pdf,
January-June 2024,B.Tech,2021,ELECTRONICS AND COMMUNICATION ENGINEERING,ECPE-358,Data Communication and Networks,End Sem,https://v1.nitj.ac.in/erp/academic_repository/uploads/dDA5xfvIljzhRntX.pdf,
January-June 2024,B.Tech,2021,ELECTRONICS AND COMMUNICATION ENGINEERING,ECPE-364,Soft Computing,Mid Sem,https://v1.nitj.ac.in/erp/academic_repository/uploads/sNOunRpCbkaPtlKX.pdf,
January-June 2024,B.Tech,2021,ELECTRONICS AND COMMUNICATION ENGINEERING,ECPE-364,Soft Computing,End Sem,https://v1.nitj.ac.in/erp/academic_repository/uploads/O1M0YixVy4Z3jhgl.pdf,
January-June 2024,B.Tech,2021,ELECTRICAL ENGINEERING,EEOE-384,Non-Conventional Energy Sources,Mid Sem,https://v1.nitj.ac.in/erp/academic_repository/uploads/unBqXemaNYMOv24i.pdf,
January-June 2024,B.Tech,2021,ELECTRICAL ENGINEERING,EEOE-384,Non-Conventional Energy Sources,End Sem,https://v1.nitj.ac.in/erp/academic_repository/uploads/8CkhDgO3qH9RQ5sm.pdf,
January-June 2024,B.Tech,2021,ELECTRICAL ENGINEERING,EEPC-302,Power System Analysis,Mid Sem,https://v1.nitj.ac.in/erp/academic_repository/uploads/oQ4zmSsHBX8GbRNr.pdf,
January-June 2024,B.Tech,2021,ELECTRICAL ENGINEERING,EEPC-302,Power System Analysis,End Sem,https://v1.nitj.ac.in/erp/academic_repository/uploads/ByHan2pugxrJOTAf.pdf,
January-June 2024,B.Tech,2021,ELECTRICAL ENGINEERING,EEPC-304,Digital Signal Processing,Mid Sem,https://v1.nitj.ac.in/erp/academic_repository/uploads/2V6xPcljtNdeJgUX.pdf,
January-June 2024,B.Tech,2021,ELECTRICAL ENGINEERING,EEPC-304,Digital Signal Processing,End Sem,https://v1.nitj.ac.in/erp/academic_repository/uploads/IrhkYOPWDgH6sStf.pdf,
January-June 2024,B.Tech,2021,ELECTRICAL ENGINEERING,EEPE-352,High Voltage Engineering,Mid Sem,https://v1.nitj.ac.in/erp/academic_repository/uploads/P2n5feLU1hgJQyZW.pdf,
January-June 2024,B.Tech,2021,ELECTRICAL ENGINEERING,EEPE-352,High Voltage Engineering,End Sem,https://v1.nitj.ac.in/erp/academic_repository/uploads/NnAdumQoqKZ4tCeg.pdf,
January-June 2024,B.Tech,2021,ELECTRICAL ENGINEERING,EEPE-354,Soft Computing Technique,Mid Sem,https://v1.nitj.ac.in/erp/academic_repository/uploads/7e8JK5SPEl9jwLcH.pdf,
January-June 2024,B.Tech,2021,ELECTRICAL ENGINEERING,EEPE-354,Soft Computing Technique,End Sem,https://v1.nitj.ac.in/erp/academic_repository/uploads/aUWZTptyFXgBson5.pdf,
January-June 2024,B.Tech,2021,ELECTRICAL ENGINEERING,EEPE-356,Power System Deregulation,Mid Sem,https://v1.nitj.ac.in/erp/academic_repository/uploads/P8iXAz5qxrJukHUw.pdf,
January-June 2024,B.Tech,2021,ELECTRICAL ENGINEERING,EEPE-356,Power System Deregulation,End Sem,https://v1.nitj.ac.in/erp/academic_repository/uploads/IzktoBb4Ru6sqiL3.pdf,
January-June 2024,B.Tech,2021,ELECTRICAL ENGINEERING,ICPC-352,"PLC, DCS and SCADA",Mid Sem,https://v1.nitj.ac.in/erp/academic_repository/uploads/B0SjqZEA4usVeTbI.pdf,
January-June 2024,B.Tech,2021,ELECTRICAL ENGINEERING,ICPC-352,"PLC, DCS and SCADA",End Sem,https://v1.nitj.ac.in/erp/academic_repository/uploads/nbFIC8K0eEscJgtm.pdf,
January-June 2024,B.Tech,2021,HUMANITIES AND MANAGEMENT (Open Elective),HMOE-422,Financial Management,Mid Sem,https://v1.nitj.ac.in/erp/academic_repository/uploads/vHu13Ei9KZgyBPeG.pdf,
January-June 2024,B.Tech,2021,HUMANITIES AND MANAGEMENT (Open Elective),HMOE-422,Financial Management,End Sem,https://v1.nitj.ac.in/erp/academic_repository/uploads/Mtv2prz4ymcRGf0u.pdf,
January-June 2024,B.Tech,2021,HUMANITIES AND MANAGEMENT (Open Elective),HMOE-424,Leadership and Change Management,Mid Sem,https://v1.nitj.ac.in/erp/academic_repository/uploads/lc7BoeMrCDZ8JNuY.pdf,
January-June 2024,B.Tech,2021,HUMANITIES AND MANAGEMENT (Open Elective),HMOE-424,Leadership and Change Management,End Sem,https://v1.nitj.ac.in/erp/academic_repository/uploads/Vwk4ibYH8TmXfhRD.pdf,
January-June 2024,B.Tech,2021,INSTRUMENTATION AND CONTROL ENGINEERING,ICCI-300,Minor Project,Mid Sem,https://v1.nitj.ac.in/erp/academic_repository/uploads/aQIonOfhgUj1FXz4.pdf,
January-June 2024,B.Tech,2021,INSTRUMENTATION AND CONTROL ENGINEERING,ICCI-300,Minor Project,End Sem,https://v1.nitj.ac.in/erp/academic_repository/uploads/gYKikhPv3E1cdVy2.pdf,
January-June 2024,B.Tech,2021,INSTRUMENTATION AND CONTROL ENGINEERING,ICOE-372,Elements of Control Engineering,Mid Sem,https://v1.nitj.ac.in/erp/academic_repository/uploads/GlomrwSEHnUuF6K9.pdf,
January-June 2024,B.Tech,2021,INSTRUMENTATION AND CONTROL ENGINEERING,ICOE-372,Elements of Control Engineering,End Sem,https://v1.nitj.ac.in/erp/academic_repository/uploads/IVJWpzrvEGXSuehA.pdf,
January-June 2024,B.Tech,2021,INSTRUMENTATION AND CONTROL ENGINEERING,ICPC-302,Process Dynamics and Control,Mid Sem,https://v1.nitj.ac.in/erp/academic_repository/uploads/sOuLkAfbTRPMES9Q.pdf,
January-June 2024,B.Tech,2021,INSTRUMENTATION AND CONTROL ENGINEERING,ICPC-302,Process Dynamics and Control,End Sem,https://v1.nitj.ac.in/erp/academic_repository/uploads/B1HafM9T3ONzWbAo.pdf,
January-June 2024,B.Tech,2021,INSTRUMENTATION AND CONTROL ENGINEERING,ICPC-304,Analytical Instrumentation,Mid Sem,https://v1.nitj.ac.in/erp/academic_repository/uploads/iGMk3s2j14oeBbaN.pdf,
January-June 2024,B.Tech,2021,INSTRUMENTATION AND CONTROL ENGINEERING,ICPC-304,Analytical Instrumentation,End Sem,https://v1.nitj.ac.in/erp/academic_repository/uploads/cr4MZQBnwAKzbo1X.pdf,
January-June 2024,B.Tech,2021,INSTRUMENTATION AND CONTROL ENGINEERING,ICPC-306,Modern Control System,Mid Sem,https://v1.nitj.ac.in/erp/academic_repository/uploads/RmaNbhPpW3uoOSDY.pdf,
January-June 2024,B.Tech,2021,INSTRUMENTATION AND CONTROL ENGINEERING,ICPC-306,Modern Control System,End Sem,https://v1.nitj.ac.in/erp/academic_repository/uploads/JqrEfAntCHu8wXyB.pdf,
January-June 2024,B.Tech,2021,INSTRUMENTATION AND CONTROL ENGINEERING,ICPE-354,Embedded Systems,Mid Sem,https://v1.nitj.ac.in/erp/academic_repository/uploads/Ut0YRnK38Bx1zScb.pdf,
January-June 2024,B.Tech,2021,INSTRUMENTATION AND CONTROL ENGINEERING,ICPE-354,Embedded Systems,End Sem,https://v1.nitj.ac.in/erp/academic_repository/uploads/LxETqRdinPCkMQZj.pdf,
January-June 2024,B.Tech,2021,INSTRUMENTATION AND CONTROL ENGINEERING,ICPE-356,Advanced Measurement Systems,Mid Sem,https://v1.nitj.ac.in/erp/academic_repository/uploads/XMm3Kps24Gayi710.pdf,
January-June 2024,B.Tech,2021,INSTRUMENTATION AND CONTROL ENGINEERING,ICPE-356,Advanced Measurement Systems,End Sem,https://v1.nitj.ac.in/erp/academic_repository/uploads/mFT5n1dvp63hwX40.pdf,
January-June 2024,B.Tech,2021,INSTRUMENTATION AND CONTROL ENGINEERING,ICPE-360,Smart Sensors and Sensor Networking,Mid Sem,https://v1.nitj.ac.in/erp/academic_repository/uploads/5EpH29RlDI8C4gFw.pdf,
January-June 2024,B.Tech,2021,INSTRUMENTATION AND CONTROL ENGINEERING,ICPE-360,Smart Sensors and Sensor Networking,End Sem,https://v1.nitj.ac.in/erp/academic_repository/uploads/AOPNphU5Dylrd9L4.pdf,
January-June 2024,B.Tech,2021,INSTRUMENTATION AND CONTROL ENGINEERING,ICPE-362,Discrete Control Systems,Mid Sem,https://v1.nitj.ac.in/erp/academic_repository/uploads/X1mdjvbopI5QLJTg.pdf,
January-June 2024,B.Tech,2021,INSTRUMENTATION AND CONTROL ENGINEERING,ICPE-362,Discrete Control Systems,End Sem,https://v1.nitj.ac.in/erp/academic_repository/uploads/kmfdScvL8qiHCIMA.pdf,
January-June 2024,B.Tech,2021,INSTRUMENTATION AND CONTROL ENGINEERING,ICPE-364,Renewable Energy Systems,Mid Sem,https://v1.nitj.ac.in/erp/academic_repository/uploads/ZKHFkIfuloTNbex3.pdf,
January-June 2024,B.Tech,2021,INSTRUMENTATION AND CONTROL ENGINEERING,ICPE-364,Renewable Energy Systems,End Sem,https://v1.nitj.ac.in/erp/academic_repository/uploads/6UaFs3ArNWEMGYvK.pdf,
January-June 2024,B.Tech,2021,INSTRUMENTATION AND CONTROL ENGINEERING,ICPE-368,Autonomous Mobile Robot,Mid Sem,https://v1.nitj.ac.in/erp/academic_repository/uploads/JYwuISdoHhCxfbGA.pdf,
January-June 2024,B.Tech,2021,INSTRUMENTATION AND CONTROL ENGINEERING,ICPE-368,Autonomous Mobile Robot,End Sem,https://v1.nitj.ac.in/erp/academic_repository/uploads/djBf05UpTkimnlHy.pdf,
January-June 2024,B.Tech,2021,INDUSTRIAL AND PRODUCTION ENGINEERING,IPOE-421,Industrial Engineering,Mid Sem,https://v1.nitj.ac.in/erp/academic_repository/uploads/GImouPHvnQzbOUlN.pdf,
January-June 2024,B.Tech,2021,INDUSTRIAL AND PRODUCTION ENGINEERING,IPOE-421,Industrial Engineering,End Sem,https://v1.nitj.ac.in/erp/academic_repository/uploads/dxwByPRpcrN9OLYQ.pdf,
January-June 2024,B.Tech,2021,INDUSTRIAL AND PRODUCTION ENGINEERING,IPPC-302,Facilities Planning and Design,Mid Sem,https://v1.nitj.ac.in/erp/academic_repository/uploads/Qlc85dZjoKWtY6yw.pdf,
January-June 2024,B.Tech,2021,INDUSTRIAL AND PRODUCTION ENGINEERING,IPPC-302,Facilities Planning and Design,End Sem,https://v1.nitj.ac.in/erp/academic_repository/uploads/TD0ynSCeOtzLgZAF.pdf,
January-June 2024,B.Tech,2021,INDUSTRIAL AND PRODUCTION ENGINEERING,IPPC-304,Operations Research,Mid Sem,https://v1.nitj.ac.in/erp/academic_repository/uploads/agbSIdJUjMtqWzfF.pdf,
January-June 2024,B.Tech,2021,INDUSTRIAL AND PRODUCTION ENGINEERING,IPPC-304,Operations Research,End Sem,https://v1.nitj.ac.in/erp/academic_repository/uploads/q6NBr0JDytkPvsCZ.pdf,
January-June 2024,B.Tech,2021,INDUSTRIAL AND PRODUCTION ENGINEERING,IPPC-306,Simulation of Production Systems,Mid Sem,https://v1.nitj.ac.in/erp/academic_repository/uploads/0qnsTYdURyv1EVfh.pdf,
January-June 2024,B.Tech,2021,INDUSTRIAL AND PRODUCTION ENGINEERING,IPPC-306,Simulation of Production Systems,End Sem,https://v1.nitj.ac.in/erp/academic_repository/uploads/dHo4CviUg6l0uxqP.pdf,
January-June 2024,B.Tech,2021,INDUSTRIAL AND PRODUCTION ENGINEERING,IPPC-308,Non-Conventional Machining,Mid Sem,https://v1.nitj.ac.in/erp/academic_repository/uploads/u3r1ER4XWcdyA2Pm.pdf,
January-June 2024,B.Tech,2021,INDUSTRIAL AND PRODUCTION ENGINEERING,IPPC-308,Non-Conventional Machining,End Sem,https://v1.nitj.ac.in/erp/academic_repository/uploads/Z1OCpX4ouxQIklrT.pdf,
January-June 2024,B.Tech,2021,INDUSTRIAL AND PRODUCTION ENGINEERING,IPPE-470,Introduction to Data Analytics,Mid Sem,https://v1.nitj.ac.in/erp/academic_repository/uploads/ytP2zWdVeZL4qh67.pdf,
January-June 2024,B.Tech,2021,INDUSTRIAL AND PRODUCTION ENGINEERING,IPPE-470,Introduction to Data Analytics,End Sem,https://v1.nitj.ac.in/erp/academic_repository/uploads/C62jgBVuIa0JtLf9.pdf,
January-June 2024,B.Tech,2021,INDUSTRIAL AND PRODUCTION ENGINEERING,IPPE-475,"Automobile Engineering, Program Elective-II (Option-II)",Mid Sem,https://v1.nitj.ac.in/erp/academic_repository/uploads/UOzRPVJL5hro2xSs.pdf,
January-June 2024,B.Tech,2021,INDUSTRIAL AND PRODUCTION ENGINEERING,IPPE-475,"Automobile Engineering, Program Elective-II (Option-II)",End Sem,https://v1.nitj.ac.in/erp/academic_repository/uploads/1Kr7jDNzwPFtqvs4.pdf,
January-June 2024,B.Tech,2021,INFORMATION TECHNOLOGY,ITOE-007,Machine Learning,Mid Sem,https://v1.nitj.ac.in/erp/academic_repository/uploads/NHWLRTztGpjP5Fa2.pdf,
January-June 2024,B.Tech,2021,INFORMATION TECHNOLOGY,ITOE-007,Machine Learning,End Sem,https://v1.nitj.ac.in/erp/academic_repository/uploads/tTL13BhzZUDGSqyQ.pdf,
January-June 2024,B.Tech,2021,INFORMATION TECHNOLOGY,ITPC-302,Soft Computing Concepts,Mid Sem,https://v1.nitj.ac.in/erp/academic_repository/uploads/4eBtJpZKMP0jrTgI.pdf,
January-June 2024,B.Tech,2021,INFORMATION TECHNOLOGY,ITPC-302,Soft Computing Concepts,End Sem,https://v1.nitj.ac.in/erp/academic_repository/uploads/vc21xfHXPJrMFp5w.pdf,
January-June 2024,B.Tech,2021,INFORMATION TECHNOLOGY,ITPC-304,Object-Oriented Modeling and Design with UML,Mid Sem,https://v1.nitj.ac.in/erp/academic_repository/uploads/E4WOHfyYcALvhNVq.pdf,
January-June 2024,B.Tech,2021,INFORMATION TECHNOLOGY,ITPC-304,Object-Oriented Modeling and Design with UML,End Sem,https://v1.nitj.ac.in/erp/academic_repository/uploads/qy6s87gOlwXPGjVp.pdf,
January-June 2024,B.Tech,2021,INFORMATION TECHNOLOGY,ITPC-306,Mobile Application Development,Mid Sem,https://v1.nitj.ac.in/erp/academic_repository/uploads/OiblwT6PArfh9v2B.pdf,
January-June 2024,B.Tech,2021,INFORMATION TECHNOLOGY,ITPC-306,Mobile Application Development,End Sem,https://v1.nitj.ac.in/erp/academic_repository/uploads/Q2cjdleYWFmf7Ckt.pdf,
January-June 2024,B.Tech,2021,INFORMATION TECHNOLOGY,ITPC-308,Machine Learning Concepts,Mid Sem,https://v1.nitj.ac.in/erp/academic_repository/uploads/ehsauPwWoL8TXx4b.pdf,
January-June 2024,B.Tech,2021,INFORMATION TECHNOLOGY,ITPC-308,Machine Learning Concepts,End Sem,https://v1.nitj.ac.in/erp/academic_repository/uploads/Ij2ewVrzoCbWsqAP.pdf,
January-June 2024,B.Tech,2021,INFORMATION TECHNOLOGY,ITPE-055,Software Project Management Concepts,Mid Sem,https://v1.nitj.ac.in/erp/academic_repository/uploads/etKj73q9X1QUONB5.pdf,
January-June 2024,B.Tech,2021,INFORMATION TECHNOLOGY,ITPE-055,Software Project Management Concepts,End Sem,https://v1.nitj.ac.in/erp/academic_repository/uploads/4a9kfZNTEibX5uMV.pdf,
January-June 2024,B.Tech,2021,MATHEMATICS (Open Elective),MAOE-402,Transform Techniques,Mid Sem,https://v1.nitj.ac.in/erp/academic_repository/uploads/1TjYL86KAvn4fqhR.pdf,
January-June 2024,B.Tech,2021,MATHEMATICS (Open Elective),MAOE-402,Transform Techniques,End Sem,https://v1.nitj.ac.in/erp/academic_repository/uploads/5CQjPZIV6fEsHor9.pdf,
January-June 2024,B.Tech,2021,MECHANICAL ENGINEERING,MEOE-351,Mechanics of Composite Materials,Mid Sem,https://v1.nitj.ac.in/erp/academic_repository/uploads/owaxBgcIXHPb0vMG.pdf,
January-June 2024,B.Tech,2021,MECHANICAL ENGINEERING,MEOE-351,Mechanics of Composite Materials,End Sem,https://v1.nitj.ac.in/erp/academic_repository/uploads/tFDYpWEef6u3gm0l.pdf,
January-June 2024,B.Tech,2021,MECHANICAL ENGINEERING,MEPC-302,Fluid Machinery,Mid Sem,https://v1.nitj.ac.in/erp/academic_repository/uploads/M7aEpz0xU3FKN8Ai.pdf,
January-June 2024,B.Tech,2021,MECHANICAL ENGINEERING,MEPC-302,Fluid Machinery,End Sem,https://v1.nitj.ac.in/erp/academic_repository/uploads/T91uv0RPYcOiXVn7.pdf,
January-June 2024,B.Tech,2021,MECHANICAL ENGINEERING,MEPC-304,Industrial Automation,Mid Sem,https://v1.nitj.ac.in/erp/academic_repository/uploads/DjiXMtHGyP7grfOe.pdf,
January-June 2024,B.Tech,2021,MECHANICAL ENGINEERING,MEPC-304,Industrial Automation,End Sem,https://v1.nitj.ac.in/erp/academic_repository/uploads/S7FyWseKpGu3ij58.pdf,
January-June 2024,B.Tech,2021,MECHANICAL ENGINEERING,MEPC-306,Design of Machine Elements-II,Mid Sem,https://v1.nitj.ac.in/erp/academic_repository/uploads/q5PWwacGMeT9m0N7.pdf,
January-June 2024,B.Tech,2021,MECHANICAL ENGINEERING,MEPC-306,Design of Machine Elements-II,End Sem,https://v1.nitj.ac.in/erp/academic_repository/uploads/4Sp0symebjEGrq8L.pdf,
January-June 2024,B.Tech,2021,MECHANICAL ENGINEERING,MEPC-308,Numerical Methods in Mechanical Engineering,Mid Sem,https://v1.nitj.ac.in/erp/academic_repository/uploads/0TJm8GMZNQbFRwok.pdf,
January-June 2024,B.Tech,2021,MECHANICAL ENGINEERING,MEPC-308,Numerical Methods in Mechanical Engineering,End Sem,https://v1.nitj.ac.in/erp/academic_repository/uploads/jdTv6SuIPBAUt2nF.pdf,
January-June 2024,B.Tech,2021,MECHANICAL ENGINEERING,MEPE-301,Alternate Fuels For IC Engines,Mid Sem,https://v1.nitj.ac.in/erp/academic_repository/uploads/CyHPm8fcIxLkgMAG.pdf,
January-June 2024,B.Tech,2021,MECHANICAL ENGINEERING,MEPE-301,Alternate Fuels For IC Engines,Mid Sem,https://v1.nitj.ac.in/erp/academic_repository/uploads/aUjXL4DVJoNx0lit.pdf,
January-June 2024,B.Tech,2021,MECHANICAL ENGINEERING,MEPE-301,Alternate Fuels For IC Engines,End Sem,https://v1.nitj.ac.in/erp/academic_repository/uploads/oIUJhCenxR5Vv4L9.pdf,
January-June 2024,B.Tech,2021,MECHANICAL ENGINEERING,MEPE-307,Operations Research,Mid Sem,https://v1.nitj.ac.in/erp/academic_repository/uploads/rUjFg6SecO15bTtX.pdf,
January-June 2024,B.Tech,2021,MECHANICAL ENGINEERING,MEPE-307,Operations Research,End Sem,https://v1.nitj.ac.in/erp/academic_repository/uploads/NkvQJcdLwlO2x1sm.pdf,
January-June 2024,B.Tech,2021,MECHANICAL ENGINEERING,MEPE-308,Power Plant Engineering,Mid Sem,https://v1.nitj.ac.in/erp/academic_repository/uploads/ZWKMBu1f0D7zpL24.pdf,
January-June 2024,B.Tech,2021,MECHANICAL ENGINEERING,MEPE-308,Power Plant Engineering,End Sem,https://v1.nitj.ac.in/erp/academic_repository/uploads/mnw8jsrKMEazSOVY.pdf,
January-June 2024,B.Tech,2021,MECHANICAL ENGINEERING,MEPE-310,Production Management,Mid Sem,https://v1.nitj.ac.in/erp/academic_repository/uploads/eFsNRGTJtxdcnMIb.pdf,
January-June 2024,B.Tech,2021,MECHANICAL ENGINEERING,MEPE-310,Production Management,End Sem,https://v1.nitj.ac.in/erp/academic_repository/uploads/Y1baGv8qsTZMh09K.pdf,
January-June 2024,B.Tech,2021,PHYSICS (Open Elective),PHOE-301,Material Science (Nano Science),Mid Sem,https://v1.nitj.ac.in/erp/academic_repository/uploads/Mm2x9PatsTCYz78J.pdf,
January-June 2024,B.Tech,2021,PHYSICS (Open Elective),PHOE-301,Material Science (Nano Science),End Sem,https://v1.nitj.ac.in/erp/academic_repository/uploads/bhvt6VF1JK85eTZf.pdf,
January-June 2024,B.Tech,2021,TEXTILE TECHNOLOGY,TTOE-453,Textile Machines and Processes,Mid Sem,https://v1.nitj.ac.in/erp/academic_repository/uploads/IQrcGFKNRbT0fkDU.pdf,
January-June 2024,B.Tech,2021,TEXTILE TECHNOLOGY,TTOE-453,Textile Machines and Processes,End Sem,https://v1.nitj.ac.in/erp/academic_repository/uploads/ZgXpsGUbyo48v09c.pdf,
January-June 2024,B.Tech,2021,TEXTILE TECHNOLOGY,TTPC-302,Process Control in Textiles,Mid Sem,https://v1.nitj.ac.in/erp/academic_repository/uploads/P2CXJh7VpBdEUvT8.pdf,
January-June 2024,B.Tech,2021,TEXTILE TECHNOLOGY,TTPC-302,Process Control in Textiles,End Sem,https://v1.nitj.ac.in/erp/academic_repository/uploads/CLInpm30KxGf4Dah.pdf,
January-June 2024,B.Tech,2021,TEXTILE TECHNOLOGY,TTPC-304,Nonwoven Technology,Mid Sem,https://v1.nitj.ac.in/erp/academic_repository/uploads/kzohMyWxQr3tSO52.pdf,
January-June 2024,B.Tech,2021,TEXTILE TECHNOLOGY,TTPC-304,Nonwoven Technology,End Sem,https://v1.nitj.ac.in/erp/academic_repository/uploads/RatMK8krI9A1dPDN.pdf,
January-June 2024,B.Tech,2021,TEXTILE TECHNOLOGY,TTPC-306,Garment Manufacturing Technology,Mid Sem,https://v1.nitj.ac.in/erp/academic_repository/uploads/7ezor1QXZmvNGTil.pdf,
January-June 2024,B.Tech,2021,TEXTILE TECHNOLOGY,TTPC-306,Garment Manufacturing Technology,End Sem,https://v1.nitj.ac.in/erp/academic_repository/uploads/gZ8aTWcl3vRpKkz6.pdf,
January-June 2024,B.Tech,2021,TEXTILE TECHNOLOGY,TTPE-325,Product Design,Mid Sem,https://v1.nitj.ac.in/erp/academic_repository/uploads/Ytg0amILPEnrV6My.pdf,
January-June 2024,B.Tech,2021,TEXTILE TECHNOLOGY,TTPE-325,Product Design,End Sem,https://v1.nitj.ac.in/erp/academic_repository/uploads/4CmMVNiP5jfLDvrb.pdf,
January-June 2024,B.Tech,2021,TEXTILE TECHNOLOGY,TTPE-327,Chemical Processing of Manmade Fibres and Blend Textiles,Mid Sem,https://v1.nitj.ac.in/erp/academic_repository/uploads/X4xTLs2hfem8Pu53.pdf,
January-June 2024,B.Tech,2021,TEXTILE TECHNOLOGY,TTPE-327,Chemical Processing of Manmade Fibres and Blend Textiles,End Sem,https://v1.nitj.ac.in/erp/academic_repository/uploads/4vx3naYERyf51zBe.pdf,
January-June 2024,B.Tech,2021,TEXTILE TECHNOLOGY,TTPE-329,Advances in Yarn Manufacturing,Mid Sem,https://v1.nitj.ac.in/erp/academic_repository/uploads/lxo1IEt7gV0kG6vw.pdf,
January-June 2024,B.Tech,2021,TEXTILE TECHNOLOGY,TTPE-329,Advances in Yarn Manufacturing,End Sem,https://v1.nitj.ac.in/erp/academic_repository/uploads/kW6iFygdKvs5N9Ea.pdf,
January-June 2024,B.Tech,2021,TEXTILE TECHNOLOGY,TTPE-330,Advances in Fabric Manufacturing,Mid Sem,https://v1.nitj.ac.in/erp/academic_repository/uploads/5vkxFUsybr6u4zEl.pdf,
January-June 2024,B.Tech,2021,TEXTILE TECHNOLOGY,TTPE-330,Advances in Fabric Manufacturing,End Sem,https://v1.nitj.ac.in/erp/academic_repository/uploads/3hq1BeXpI9octiN8.pdf,
January-June 2024,B.Tech,2020,BIO TECHNOLOGY,BTOE-402,Environmental Biotechnology,Mid Sem,https://v1.nitj.ac.in/erp/academic_repository/uploads/z1mB4FAYuvt2l0VS.pdf,
January-June 2024,B.Tech,2020,BIO TECHNOLOGY,BTOE-402,Environmental Biotechnology,End Sem,https://v1.nitj.ac.in/erp/academic_repository/uploads/iK0UneGN54Yy9pIs.pdf,
January-June 2024,B.Tech,2020,BIO TECHNOLOGY,BTPC-402,Food Process Biotechnology,Mid Sem,https://v1.nitj.ac.in/erp/academic_repository/uploads/rjo6SQ57PDFdApOY.pdf,
January-June 2024,B.Tech,2020,BIO TECHNOLOGY,BTPC-402,Food Process Biotechnology,End Sem,https://v1.nitj.ac.in/erp/academic_repository/uploads/G8ACLz0tB5QsuUF2.pdf,
January-June 2024,B.Tech,2020,BIO TECHNOLOGY,BTPE-422,Environmental Biotechnology & Bioengg.,Mid Sem,https://v1.nitj.ac.in/erp/academic_repository/uploads/L4CTPRwKIpG8yh0k.pdf,
January-June 2024,B.Tech,2020,BIO TECHNOLOGY,BTPE-422,Environmental Biotechnology & Bioengg.,End Sem,https://v1.nitj.ac.in/erp/academic_repository/uploads/gHOcyxSvGTZdNfiA.pdf,
January-June 2024,B.Tech,2020,BIO TECHNOLOGY,BTPE-424,Drug Design and Molecular Modeling,Mid Sem,https://v1.nitj.ac.in/erp/academic_repository/uploads/ZG7fXkziU8nIjxRB.pdf,
January-June 2024,B.Tech,2020,BIO TECHNOLOGY,BTPE-424,Drug Design and Molecular Modeling,End Sem,https://v1.nitj.ac.in/erp/academic_repository/uploads/lTwzO96bGsvNy71X.pdf,
January-June 2024,B.Tech,2020,BIO TECHNOLOGY,BTPE-428,Bioenergy and Bioresource Technology,Mid Sem,https://v1.nitj.ac.in/erp/academic_repository/uploads/Cx1m6cURIu5yveaj.pdf,
January-June 2024,B.Tech,2020,BIO TECHNOLOGY,BTPE-428,Bioenergy and Bioresource Technology,End Sem,https://v1.nitj.ac.in/erp/academic_repository/uploads/u8yN0H6sLfArg1wY.pdf,
January-June 2024,B.Tech,2020,BIO TECHNOLOGY,BTPE-430,Biosensors and Biotechnology,Mid Sem,https://v1.nitj.ac.in/erp/academic_repository/uploads/inGqfZCH2gtRd4h9.pdf,
January-June 2024,B.Tech,2020,BIO TECHNOLOGY,BTPE-430,Biosensors and Biotechnology,End Sem,https://v1.nitj.ac.in/erp/academic_repository/uploads/b7x8YTeJj2Whd69l.pdf,
January-June 2024,B.Tech,2020,BIO TECHNOLOGY,BTPE-432,BIOPROCESS SAFETY AND BIOETHICS,Mid Sem,https://v1.nitj.ac.in/erp/academic_repository/uploads/Ijm1b7EAfszVYMD3.pdf,
January-June 2024,B.Tech,2020,BIO TECHNOLOGY,BTPE-432,BIOPROCESS SAFETY AND BIOETHICS,End Sem,https://v1.nitj.ac.in/erp/academic_repository/uploads/HOl8FRNiGfS7BYcw.pdf,
January-June 2024,B.Tech,2020,CIVIL ENGINEERING,CEOE-471,Disaster Management,Mid Sem,https://v1.nitj.ac.in/erp/academic_repository/uploads/PgReN5XYLOvI2k1S.pdf,
January-June 2024,B.Tech,2020,CIVIL ENGINEERING,CEOE-471,Disaster Management,End Sem,https://v1.nitj.ac.in/erp/academic_repository/uploads/gmwWUBZAe4zGvINy.pdf,
January-June 2024,B.Tech,2020,CIVIL ENGINEERING,CEPC-402,Estimating and Costing,Mid Sem,https://v1.nitj.ac.in/erp/academic_repository/uploads/73IhAed6KaLnCSZx.pdf,
January-June 2024,B.Tech,2020,CIVIL ENGINEERING,CEPC-402,Estimating and Costing,End Sem,https://v1.nitj.ac.in/erp/academic_repository/uploads/wjHkAsgGhFyDZzOI.pdf,
January-June 2024,B.Tech,2020,CIVIL ENGINEERING,CEPE-432,Bridge Engineering,Mid Sem,https://v1.nitj.ac.in/erp/academic_repository/uploads/ThMcau9r60Y1IjJ8.pdf,
January-June 2024,B.Tech,2020,CIVIL ENGINEERING,CEPE-432,Bridge Engineering,End Sem,https://v1.nitj.ac.in/erp/academic_repository/uploads/muUzQ4g5H39twiWK.pdf,
January-June 2024,B.Tech,2020,CIVIL ENGINEERING,CEPE-434,Soil Dynamics,Mid Sem,https://v1.nitj.ac.in/erp/academic_repository/uploads/Xi9D7MNb0GFr8heo.pdf,
January-June 2024,B.Tech,2020,CIVIL ENGINEERING,CEPE-434,Soil Dynamics,End Sem,https://v1.nitj.ac.in/erp/academic_repository/uploads/A2VG0y51PWRnTHc8.pdf,
January-June 2024,B.Tech,2020,CIVIL ENGINEERING,CEPE-440,Ground Improvement and Ground Engineering,Mid Sem,https://v1.nitj.ac.in/erp/academic_repository/uploads/QRGTicSuU6Ahx3VK.pdf,
January-June 2024,B.Tech,2020,CIVIL ENGINEERING,CEPE-440,Ground Improvement and Ground Engineering,End Sem,https://v1.nitj.ac.in/erp/academic_repository/uploads/wE7dvsckXJtT4rjz.pdf,
January-June 2024,B.Tech,2020,CIVIL ENGINEERING,CEPE-444,Quantitative Methods in Civil Engineering,Mid Sem,https://v1.nitj.ac.in/erp/academic_repository/uploads/WBAOmN7QCPrU89D0.pdf,
January-June 2024,B.Tech,2020,CIVIL ENGINEERING,CEPE-444,Quantitative Methods in Civil Engineering,End Sem,https://v1.nitj.ac.in/erp/academic_repository/uploads/swVDM2a1A9efU3YK.pdf,
January-June 2024,B.Tech,2020,CIVIL ENGINEERING,CEPE-448,Advanced Civil Engineering Materials,Mid Sem,https://v1.nitj.ac.in/erp/academic_repository/uploads/YBaP6WIybd15tu87.pdf,
January-June 2024,B.Tech,2020,CIVIL ENGINEERING,CEPE-448,Advanced Civil Engineering Materials,End Sem,https://v1.nitj.ac.in/erp/academic_repository/uploads/rIlCUwpWOv7Xx804.pdf,
January-June 2024,B.Tech,2020,CIVIL ENGINEERING,CEPE-452,Rural Roads,Mid Sem,https://v1.nitj.ac.in/erp/academic_repository/uploads/2J1Fw5g4TDUp6IVb.pdf,
January-June 2024,B.Tech,2020,CIVIL ENGINEERING,CEPE-452,Rural Roads,End Sem,https://v1.nitj.ac.in/erp/academic_repository/uploads/oH9KrLnSUQ1gEwi4.pdf,
January-June 2024,B.Tech,2020,CHEMICAL ENGINEERING,CHOE-405,Environmental Engineering,Mid Sem,https://v1.nitj.ac.in/erp/academic_repository/uploads/nCJK4D7Xi89FkdNb.pdf,
January-June 2024,B.Tech,2020,CHEMICAL ENGINEERING,CHOE-405,Environmental Engineering,End Sem,https://v1.nitj.ac.in/erp/academic_repository/uploads/I0y2x7v4qKF6mPaD.pdf,
January-June 2024,B.Tech,2020,CHEMICAL ENGINEERING,CHPC-402,Modeling and Simulation,Mid Sem,https://v1.nitj.ac.in/erp/academic_repository/uploads/tU7WlZhveSGaBbow.pdf,
January-June 2024,B.Tech,2020,CHEMICAL ENGINEERING,CHPC-402,Modeling and Simulation,End Sem,https://v1.nitj.ac.in/erp/academic_repository/uploads/OfYnyxCDVzksSble.pdf,
January-June 2024,B.Tech,2020,CHEMICAL ENGINEERING,CHPE-452,Cement Technology,Mid Sem,https://v1.nitj.ac.in/erp/academic_repository/uploads/rk0Lnyt6lcPCIJej.pdf,
January-June 2024,B.Tech,2020,CHEMICAL ENGINEERING,CHPE-452,Cement Technology,End Sem,https://v1.nitj.ac.in/erp/academic_repository/uploads/k25YiaQtLJN1dG3w.pdf,
January-June 2024,B.Tech,2020,CHEMICAL ENGINEERING,CHPE-456,Industrial Environmental Management,Mid Sem,https://v1.nitj.ac.in/erp/academic_repository/uploads/mEgCinOGkIsoVM8B.pdf,
January-June 2024,B.Tech,2020,CHEMICAL ENGINEERING,CHPE-456,Industrial Environmental Management,End Sem,https://v1.nitj.ac.in/erp/academic_repository/uploads/njPNLIMrQBZgTmlo.pdf,
January-June 2024,B.Tech,2020,CHEMICAL ENGINEERING,CHPE-457,Introduction to Multiphase Flow,Mid Sem,https://v1.nitj.ac.in/erp/academic_repository/uploads/LnzMC81E5dBIQPaj.pdf,
January-June 2024,B.Tech,2020,CHEMICAL ENGINEERING,CHPE-457,Introduction to Multiphase Flow,End Sem,https://v1.nitj.ac.in/erp/academic_repository/uploads/dTLBJ9PcSaygAV0O.pdf,
January-June 2024,B.Tech,2020,CHEMICAL ENGINEERING,CHPE-463,Pressure Driven Membrane Separation Processes,Mid Sem,https://v1.nitj.ac.in/erp/academic_repository/uploads/JCrSBMKqhgbFfcPZ.pdf,
January-June 2024,B.Tech,2020,CHEMICAL ENGINEERING,CHPE-463,Pressure Driven Membrane Separation Processes,End Sem,https://v1.nitj.ac.in/erp/academic_repository/uploads/7cCjNKvxkgqy5woV.pdf,
January-June 2024,B.Tech,2020,CHEMICAL ENGINEERING,CHPE-464,Process Instrumentation and Analytical Methods,Mid Sem,https://v1.nitj.ac.in/erp/academic_repository/uploads/Ra592KUgEzt8xVjF.pdf,
January-June 2024,B.Tech,2020,CHEMICAL ENGINEERING,CHPE-464,Process Instrumentation and Analytical Methods,End Sem,https://v1.nitj.ac.in/erp/academic_repository/uploads/O7PvdX3NRfoj1S9H.pdf,
January-June 2024,B.Tech,2020,CHEMICAL ENGINEERING,CHPE-465,Introduction to colloids and Interfacial Science,Mid Sem,https://v1.nitj.ac.in/erp/academic_repository/uploads/ykHouCv5aMUNDOps.pdf,
January-June 2024,B.Tech,2020,CHEMICAL ENGINEERING,CHPE-465,Introduction to colloids and Interfacial Science,End Sem,https://v1.nitj.ac.in/erp/academic_repository/uploads/xeXQm63JvrMC79gs.pdf,
January-June 2024,B.Tech,2020,CHEMICAL ENGINEERING,CHPE-468,Biorefinery and Bioproducts Engineering,Mid Sem,https://v1.nitj.ac.in/erp/academic_repository/uploads/UfzHlVBXJAwvO4mK.pdf,
January-June 2024,B.Tech,2020,CHEMICAL ENGINEERING,CHPE-468,Biorefinery and Bioproducts Engineering,End Sem,https://v1.nitj.ac.in/erp/academic_repository/uploads/ubHZFWXgUh7RVklA.pdf,
January-June 2024,B.Tech,2020,COMPUTER SCIENCE AND ENGINEERING,CSOE-009,Neural Networks and Deep Learning,Mid Sem,https://v1.nitj.ac.in/erp/academic_repository/uploads/CzDcfTA46GPqyZ3S.pdf,
January-June 2024,B.Tech,2020,COMPUTER SCIENCE AND ENGINEERING,CSOE-009,Neural Networks and Deep Learning,End Sem,https://v1.nitj.ac.in/erp/academic_repository/uploads/1X5uHWY3vaBmd2wG.pdf,
January-June 2024,B.Tech,2020,COMPUTER SCIENCE AND ENGINEERING,CSPC-402,Software Project Management,Mid Sem,https://v1.nitj.ac.in/erp/academic_repository/uploads/saYSFpC5UJIVOgut.pdf,
January-June 2024,B.Tech,2020,COMPUTER SCIENCE AND ENGINEERING,CSPC-402,Software Project Management,End Sem,https://v1.nitj.ac.in/erp/academic_repository/uploads/WRKutSVAqJlxPj84.pdf,
January-June 2024,B.Tech,2020,COMPUTER SCIENCE AND ENGINEERING,CSPE-432,Big Data Analytics,Mid Sem,https://v1.nitj.ac.in/erp/academic_repository/uploads/J2mvZn8ieTl4hs0x.pdf,
January-June 2024,B.Tech,2020,COMPUTER SCIENCE AND ENGINEERING,CSPE-432,Big Data Analytics,End Sem,https://v1.nitj.ac.in/erp/academic_repository/uploads/A9ikcWDJlfZIVSR2.pdf,
January-June 2024,B.Tech,2020,COMPUTER SCIENCE AND ENGINEERING,CSPE-436,Distributed System,Mid Sem,https://v1.nitj.ac.in/erp/academic_repository/uploads/45CIhsM1wAfOdQHV.pdf,
January-June 2024,B.Tech,2020,COMPUTER SCIENCE AND ENGINEERING,CSPE-436,Distributed System,End Sem,https://v1.nitj.ac.in/erp/academic_repository/uploads/zdtF3OXJsr5Q1V7P.pdf,
January-June 2024,B.Tech,2020,COMPUTER SCIENCE AND ENGINEERING,CSPE-446,Wireless Networks,Mid Sem,https://v1.nitj.ac.in/erp/academic_repository/uploads/CEGsLB1K84vmiwaT.pdf,
January-June 2024,B.Tech,2020,COMPUTER SCIENCE AND ENGINEERING,CSPE-446,Wireless Networks,End Sem,https://v1.nitj.ac.in/erp/academic_repository/uploads/jSXdmIYtrJc4vpHn.pdf,
January-June 2024,B.Tech,2020,COMPUTER SCIENCE AND ENGINEERING,CSPE-452,Principles of Deep Learning,Mid Sem,https://v1.nitj.ac.in/erp/academic_repository/uploads/BxJXp9VdnUwD48OR.pdf,
January-June 2024,B.Tech,2020,COMPUTER SCIENCE AND ENGINEERING,CSPE-452,Principles of Deep Learning,End Sem,https://v1.nitj.ac.in/erp/academic_repository/uploads/MpsAm1h4IQPxKHC2.pdf,
January-June 2024,B.Tech,2020,CHEMISTRY (Open Elective),CYOE-402,Polymer Chemistry,Mid Sem,https://v1.nitj.ac.in/erp/academic_repository/uploads/hKq6NzXEpmgTdajt.pdf,
January-June 2024,B.Tech,2020,CHEMISTRY (Open Elective),CYOE-402,Polymer Chemistry,End Sem,https://v1.nitj.ac.in/erp/academic_repository/uploads/yVYvdK5qkftBDg1p.pdf,
January-June 2024,B.Tech,2020,ELECTRONICS AND COMMUNICATION ENGINEERING,ECOE-480,Technology Entrepreneurship,Mid Sem,https://v1.nitj.ac.in/erp/academic_repository/uploads/tmOl2Uk7FsIbTGAd.pdf,
January-June 2024,B.Tech,2020,ELECTRONICS AND COMMUNICATION ENGINEERING,ECOE-480,Technology Entrepreneurship,End Sem,https://v1.nitj.ac.in/erp/academic_repository/uploads/Ls9nKWmEpGfXorj5.pdf,
January-June 2024,B.Tech,2020,ELECTRONICS AND COMMUNICATION ENGINEERING,ECPC-404,Microelectronics,Mid Sem,https://v1.nitj.ac.in/erp/academic_repository/uploads/i6WqCf7E9MoYUQmH.pdf,
January-June 2024,B.Tech,2020,ELECTRONICS AND COMMUNICATION ENGINEERING,ECPC-404,Microelectronics,End Sem,https://v1.nitj.ac.in/erp/academic_repository/uploads/at3zQBhNjedxRqfL.pdf,
January-June 2024,B.Tech,2020,ELECTRONICS AND COMMUNICATION ENGINEERING,ECPE-442,RF Circuit Design,Mid Sem,https://v1.nitj.ac.in/erp/academic_repository/uploads/ZsaL4g0FduDb8TUz.pdf,
January-June 2024,B.Tech,2020,ELECTRONICS AND COMMUNICATION ENGINEERING,ECPE-442,RF Circuit Design,End Sem,https://v1.nitj.ac.in/erp/academic_repository/uploads/f7UnTWpFPxKQrIRH.pdf,
January-June 2024,B.Tech,2020,ELECTRONICS AND COMMUNICATION ENGINEERING,ECPE-448,Radar & Satellite Communication,Mid Sem,https://v1.nitj.ac.in/erp/academic_repository/uploads/AXhmsqu8OL2goFV3.pdf,
January-June 2024,B.Tech,2020,ELECTRONICS AND COMMUNICATION ENGINEERING,ECPE-448,Radar & Satellite Communication,End Sem,https://v1.nitj.ac.in/erp/academic_repository/uploads/v29XsHIcadqiz7NK.pdf,
January-June 2024,B.Tech,2020,ELECTRONICS AND COMMUNICATION ENGINEERING,ECPE-470,Wireless Sensor Networks,Mid Sem,https://v1.nitj.ac.in/erp/academic_repository/uploads/IaKV6cYXsTtfOF52.pdf,
January-June 2024,B.Tech,2020,ELECTRONICS AND COMMUNICATION ENGINEERING,ECPE-470,Wireless Sensor Networks,End Sem,https://v1.nitj.ac.in/erp/academic_repository/uploads/wOQItYSoGJEcsXH1.pdf,
January-June 2024,B.Tech,2020,ELECTRONICS AND COMMUNICATION ENGINEERING,ECPE-476,Gamification,Mid Sem,https://v1.nitj.ac.in/erp/academic_repository/uploads/zb7BfmIGQ4u5rXZY.pdf,
January-June 2024,B.Tech,2020,ELECTRONICS AND COMMUNICATION ENGINEERING,ECPE-476,Gamification,End Sem,https://v1.nitj.ac.in/erp/academic_repository/uploads/eSfM8Anxja0t5kKr.pdf,
January-June 2024,B.Tech,2020,ELECTRONICS AND COMMUNICATION ENGINEERING,ECPE-490,5G Communication Technologies,Mid Sem,https://v1.nitj.ac.in/erp/academic_repository/uploads/YP9kG8tjQoeIaBp3.pdf,
January-June 2024,B.Tech,2020,ELECTRONICS AND COMMUNICATION ENGINEERING,ECPE-490,5G Communication Technologies,End Sem,https://v1.nitj.ac.in/erp/academic_repository/uploads/UOcltaXMndEv6w19.pdf,
January-June 2024,B.Tech,2020,ELECTRICAL ENGINEERING,EEOE-485,Elements of Electrical Engineering,Mid Sem,https://v1.nitj.ac.in/erp/academic_repository/uploads/9QrBiVHGceWaZPvh.pdf,
January-June 2024,B.Tech,2020,ELECTRICAL ENGINEERING,EEOE-485,Elements of Electrical Engineering,End Sem,https://v1.nitj.ac.in/erp/academic_repository/uploads/Tirz39dJZFoKm2HS.pdf,
January-June 2024,B.Tech,2020,ELECTRICAL ENGINEERING,EEPC-404,Flexible AC Transmission System,Mid Sem,https://v1.nitj.ac.in/erp/academic_repository/uploads/9k6SjqNBXL5FefRI.pdf,
January-June 2024,B.Tech,2020,ELECTRICAL ENGINEERING,EEPC-404,Flexible AC Transmission System,End Sem,https://v1.nitj.ac.in/erp/academic_repository/uploads/TEvugB7zxn8oSDG9.pdf,
January-June 2024,B.Tech,2020,ELECTRICAL ENGINEERING,EEPE-452,Discrete Control System,Mid Sem,https://v1.nitj.ac.in/erp/academic_repository/uploads/ZPtzAFbcJwods6ip.pdf,
January-June 2024,B.Tech,2020,ELECTRICAL ENGINEERING,EEPE-452,Discrete Control System,End Sem,https://v1.nitj.ac.in/erp/academic_repository/uploads/dLZoH5KBQ6a0Ewxh.pdf,
January-June 2024,B.Tech,2020,ELECTRICAL ENGINEERING,EEPE-454,Distributed Generation,Mid Sem,https://v1.nitj.ac.in/erp/academic_repository/uploads/pMEFqPCJZA4nl1LN.pdf,
January-June 2024,B.Tech,2020,ELECTRICAL ENGINEERING,EEPE-454,Distributed Generation,End Sem,https://v1.nitj.ac.in/erp/academic_repository/uploads/wgXG3MdpiCIy5sZb.pdf,
January-June 2024,B.Tech,2020,ELECTRICAL ENGINEERING,EEPE-460,Electrical Machine Design,Mid Sem,https://v1.nitj.ac.in/erp/academic_repository/uploads/LgMiF9XK2cAwBOrh.pdf,
January-June 2024,B.Tech,2020,ELECTRICAL ENGINEERING,EEPE-460,Electrical Machine Design,End Sem,https://v1.nitj.ac.in/erp/academic_repository/uploads/gqTAItj0XVBdExDo.pdf,
January-June 2024,B.Tech,2020,HUMANITIES AND MANAGEMENT (Open Elective),HMOE-421,Organizational Behaviour,Mid Sem,https://v1.nitj.ac.in/erp/academic_repository/uploads/x3ncUbYi9WAJkFjh.pdf,
January-June 2024,B.Tech,2020,HUMANITIES AND MANAGEMENT (Open Elective),HMOE-421,Organizational Behaviour,End Sem,https://v1.nitj.ac.in/erp/academic_repository/uploads/s6oe0x1VZq87raAn.pdf,
January-June 2024,B.Tech,2020,INSTRUMENTATION AND CONTROL ENGINEERING,ICOE-482,Machine Learning,Mid Sem,https://v1.nitj.ac.in/erp/academic_repository/uploads/GO7rK1wC69oZYpDx.pdf,
January-June 2024,B.Tech,2020,INSTRUMENTATION AND CONTROL ENGINEERING,ICOE-482,Machine Learning,End Sem,https://v1.nitj.ac.in/erp/academic_repository/uploads/MFZ9qUKHdDOX3s5E.pdf,
January-June 2024,B.Tech,2020,INSTRUMENTATION AND CONTROL ENGINEERING,ICPC-402,Advanced Process Control,Mid Sem,https://v1.nitj.ac.in/erp/academic_repository/uploads/LF3EJI2nZH0khf57.pdf,
January-June 2024,B.Tech,2020,INSTRUMENTATION AND CONTROL ENGINEERING,ICPC-402,Advanced Process Control,End Sem,https://v1.nitj.ac.in/erp/academic_repository/uploads/gRbuDNweim3EM2FJ.pdf,
January-June 2024,B.Tech,2020,INSTRUMENTATION AND CONTROL ENGINEERING,ICPE-452,Control System Design,Mid Sem,https://v1.nitj.ac.in/erp/academic_repository/uploads/bW3r7nN1itPojEqa.pdf,
January-June 2024,B.Tech,2020,INSTRUMENTATION AND CONTROL ENGINEERING,ICPE-452,Control System Design,End Sem,https://v1.nitj.ac.in/erp/academic_repository/uploads/iYMgBtXmDIx94Cjq.pdf,
January-June 2024,B.Tech,2020,INSTRUMENTATION AND CONTROL ENGINEERING,ICPE-453,Physiological Control System,Mid Sem,https://v1.nitj.ac.in/erp/academic_repository/uploads/UA64C0YErozjRpma.pdf,
January-June 2024,B.Tech,2020,INSTRUMENTATION AND CONTROL ENGINEERING,ICPE-453,Physiological Control System,End Sem,https://v1.nitj.ac.in/erp/academic_repository/uploads/iBPSRkElOIqWZ4dK.pdf,
January-June 2024,B.Tech,2020,INSTRUMENTATION AND CONTROL ENGINEERING,ICPE-458,Advanced Sensors,Mid Sem,https://v1.nitj.ac.in/erp/academic_repository/uploads/nJFBj2O1TIXsDu9L.pdf,
January-June 2024,B.Tech,2020,INSTRUMENTATION AND CONTROL ENGINEERING,ICPE-458,Advanced Sensors,End Sem,https://v1.nitj.ac.in/erp/academic_repository/uploads/EG7VkfpKslSWwdHO.pdf,
January-June 2024,B.Tech,2020,INSTRUMENTATION AND CONTROL ENGINEERING,ICPE-459,Digital Image Processing,Mid Sem,https://v1.nitj.ac.in/erp/academic_repository/uploads/mU75ObDYCy3xckBJ.pdf,
January-June 2024,B.Tech,2020,INSTRUMENTATION AND CONTROL ENGINEERING,ICPE-459,Digital Image Processing,End Sem,https://v1.nitj.ac.in/erp/academic_repository/uploads/at9ur02F8RdSflGQ.pdf,
January-June 2024,B.Tech,2020,INSTRUMENTATION AND CONTROL ENGINEERING,ICPE-461,Instrumentation System Design,Mid Sem,https://v1.nitj.ac.in/erp/academic_repository/uploads/WOXblu9hI3nLRApj.pdf,
January-June 2024,B.Tech,2020,INSTRUMENTATION AND CONTROL ENGINEERING,ICPE-461,Instrumentation System Design,End Sem,https://v1.nitj.ac.in/erp/academic_repository/uploads/Plb4ZJYKcpIyA0On.pdf,
January-June 2024,B.Tech,2020,INSTRUMENTATION AND CONTROL ENGINEERING,ICPE-465,Industrial Safety,Mid Sem,https://v1.nitj.ac.in/erp/academic_repository/uploads/GDHpWZoR1cS5nBK8.pdf,
January-June 2024,B.Tech,2020,INSTRUMENTATION AND CONTROL ENGINEERING,ICPE-465,Industrial Safety,End Sem,https://v1.nitj.ac.in/erp/academic_repository/uploads/OG8WaduBnecF1HiK.pdf,
January-June 2024,B.Tech,2020,INDUSTRIAL AND PRODUCTION ENGINEERING,IPOE-423,Material Management,Mid Sem,https://v1.nitj.ac.in/erp/academic_repository/uploads/TsHoqPrmDnN5Uz0v.pdf,
January-June 2024,B.Tech,2020,INDUSTRIAL AND PRODUCTION ENGINEERING,IPOE-423,Material Management,End Sem,https://v1.nitj.ac.in/erp/academic_repository/uploads/hTUvQs8XYE63Jbiu.pdf,
January-June 2024,B.Tech,2020,INDUSTRIAL AND PRODUCTION ENGINEERING,IPPC-402,Project Management,Mid Sem,https://v1.nitj.ac.in/erp/academic_repository/uploads/u68yMicdO0ApT2Dx.pdf,
January-June 2024,B.Tech,2020,INDUSTRIAL AND PRODUCTION ENGINEERING,IPPC-402,Project Management,End Sem,https://v1.nitj.ac.in/erp/academic_repository/uploads/5T6blxOzHIZ8d0ac.pdf,
January-June 2024,B.Tech,2020,INDUSTRIAL AND PRODUCTION ENGINEERING,IPPE-432,Maintenance and Reliability Engineering (Program Elective-III),Mid Sem,https://v1.nitj.ac.in/erp/academic_repository/uploads/UN2YRvjZpD0M5qs9.pdf,
January-June 2024,B.Tech,2020,INDUSTRIAL AND PRODUCTION ENGINEERING,IPPE-432,Maintenance and Reliability Engineering (Program Elective-III),End Sem,https://v1.nitj.ac.in/erp/academic_repository/uploads/pwnPJEz8B6CRy3Y4.pdf,
January-June 2024,B.Tech,2020,INDUSTRIAL AND PRODUCTION ENGINEERING,IPPE-446,Advanced Solid Mechanics,Mid Sem,https://v1.nitj.ac.in/erp/academic_repository/uploads/Koh9jtIn7gbDN4Te.pdf,
January-June 2024,B.Tech,2020,INDUSTRIAL AND PRODUCTION ENGINEERING,IPPE-446,Advanced Solid Mechanics,End Sem,https://v1.nitj.ac.in/erp/academic_repository/uploads/WZ2JcroPyk9Dix3d.pdf,
January-June 2024,B.Tech,2020,INDUSTRIAL AND PRODUCTION ENGINEERING,IPPE-461,"Lean, Six-Sigma and Theory of Constraints (Program Elective-IV)",Mid Sem,https://v1.nitj.ac.in/erp/academic_repository/uploads/8d42v5RLsGVeSJ30.pdf,
January-June 2024,B.Tech,2020,INDUSTRIAL AND PRODUCTION ENGINEERING,IPPE-461,"Lean, Six-Sigma and Theory of Constraints (Program Elective-IV)",End Sem,https://v1.nitj.ac.in/erp/academic_repository/uploads/RC98t5lJN0cpIsni.pdf,
January-June 2024,B.Tech,2020,INFORMATION TECHNOLOGY,ITOE-008,Fundamentals of Artificial Intelligence,Mid Sem,https://v1.nitj.ac.in/erp/academic_repository/uploads/2etx4u5GRLBMCNFk.pdf,
January-June 2024,B.Tech,2020,INFORMATION TECHNOLOGY,ITOE-008,Fundamentals of Artificial Intelligence,End Sem,https://v1.nitj.ac.in/erp/academic_repository/uploads/l9xi5PVSjYyGO1cs.pdf,
January-June 2024,B.Tech,2020,INFORMATION TECHNOLOGY,ITPC-402,Decision Support Systems Methodology,Mid Sem,https://v1.nitj.ac.in/erp/academic_repository/uploads/8nzpQRekOZgfB9bd.pdf,
January-June 2024,B.Tech,2020,INFORMATION TECHNOLOGY,ITPC-402,Decision Support Systems Methodology,End Sem,https://v1.nitj.ac.in/erp/academic_repository/uploads/qPmViLBCwv8T965A.pdf,
January-June 2024,B.Tech,2020,INFORMATION TECHNOLOGY,ITPE-056,Agile Software Development,Mid Sem,https://v1.nitj.ac.in/erp/academic_repository/uploads/DHKlWNJ7pAz5iecV.pdf,
January-June 2024,B.Tech,2020,INFORMATION TECHNOLOGY,ITPE-056,Agile Software Development,End Sem,https://v1.nitj.ac.in/erp/academic_repository/uploads/FAcNJ1lYdP3TSB6D.pdf,
January-June 2024,B.Tech,2020,INFORMATION TECHNOLOGY,ITPE-062,Cyber Forensic,Mid Sem,https://v1.nitj.ac.in/erp/academic_repository/uploads/6tgJwuUCzNnlajFW.pdf,
January-June 2024,B.Tech,2020,INFORMATION TECHNOLOGY,ITPE-062,Cyber Forensic,End Sem,https://v1.nitj.ac.in/erp/academic_repository/uploads/vwE1IguqtpidaAC2.pdf,
January-June 2024,B.Tech,2020,INFORMATION TECHNOLOGY,ITPE-070,Natural Language Processing,Mid Sem,https://v1.nitj.ac.in/erp/academic_repository/uploads/kQOwj4ACedvfhomx.pdf,
January-June 2024,B.Tech,2020,INFORMATION TECHNOLOGY,ITPE-070,Natural Language Processing,End Sem,https://v1.nitj.ac.in/erp/academic_repository/uploads/RqjnSa3TLgUZihwo.pdf,
January-June 2024,B.Tech,2020,MATHEMATICS (Open Elective),MAOE-403,Optimization Methods,Mid Sem,https://v1.nitj.ac.in/erp/academic_repository/uploads/n8AUz9v5gkOdtfMV.pdf,
January-June 2024,B.Tech,2020,MATHEMATICS (Open Elective),MAOE-403,Optimization Methods,End Sem,https://v1.nitj.ac.in/erp/academic_repository/uploads/ICbELhNnOfDQXJom.pdf,
January-June 2024,B.Tech,2020,MECHANICAL ENGINEERING,MEOE-459,Solar Thermal Process,Mid Sem,https://v1.nitj.ac.in/erp/academic_repository/uploads/aOsG2jNeJq5RCFBA.pdf,
January-June 2024,B.Tech,2020,MECHANICAL ENGINEERING,MEOE-459,Solar Thermal Process,End Sem,https://v1.nitj.ac.in/erp/academic_repository/uploads/nKN2MZtyf0doUWYH.pdf,
January-June 2024,B.Tech,2020,MECHANICAL ENGINEERING,MEOE-462,Heat Exchangers,Mid Sem,https://v1.nitj.ac.in/erp/academic_repository/uploads/YPFocWmsRvh2KpdS.pdf,
January-June 2024,B.Tech,2020,MECHANICAL ENGINEERING,MEOE-462,Heat Exchangers,End Sem,https://v1.nitj.ac.in/erp/academic_repository/uploads/0g4J3PDyvIWf7l1L.pdf,
January-June 2024,B.Tech,2020,MECHANICAL ENGINEERING,MEPE-407,Energy Management,Mid Sem,https://v1.nitj.ac.in/erp/academic_repository/uploads/DzcYSgXKphL3W6oC.pdf,
January-June 2024,B.Tech,2020,MECHANICAL ENGINEERING,MEPE-407,Energy Management,End Sem,https://v1.nitj.ac.in/erp/academic_repository/uploads/ow9SI2VjNZXKpxfh.pdf,
January-June 2024,B.Tech,2020,MECHANICAL ENGINEERING,MEPE-408,Experimental Stress Analysis,Mid Sem,https://v1.nitj.ac.in/erp/academic_repository/uploads/oPSBLYXK6HUsAMV1.pdf,
January-June 2024,B.Tech,2020,MECHANICAL ENGINEERING,MEPE-408,Experimental Stress Analysis,End Sem,https://v1.nitj.ac.in/erp/academic_repository/uploads/8fxUCXtNnaPQHj7r.pdf,
January-June 2024,B.Tech,2020,MECHANICAL ENGINEERING,MEPE-413,Materials in Mechanical Design,Mid Sem,https://v1.nitj.ac.in/erp/academic_repository/uploads/cyabNQnr5K0BRtvP.pdf,
January-June 2024,B.Tech,2020,MECHANICAL ENGINEERING,MEPE-413,Materials in Mechanical Design,End Sem,https://v1.nitj.ac.in/erp/academic_repository/uploads/YQ6XFcHfhxr1CkLd.pdf,
January-June 2024,B.Tech,2020,MECHANICAL ENGINEERING,MEPE-414,Metal Cutting and Machine Tools,Mid Sem,https://v1.nitj.ac.in/erp/academic_repository/uploads/Xh7YlfI9eJFuHQkv.pdf,
January-June 2024,B.Tech,2020,MECHANICAL ENGINEERING,MEPE-414,Metal Cutting and Machine Tools,End Sem,https://v1.nitj.ac.in/erp/academic_repository/uploads/asIXnBTflw0HkcUV.pdf,
January-June 2024,B.Tech,2020,MECHANICAL ENGINEERING,MEPE-416,Microfluidics and Nanofluidics,Mid Sem,https://v1.nitj.ac.in/erp/academic_repository/uploads/072hGXJTE9sOSfm8.pdf,
January-June 2024,B.Tech,2020,MECHANICAL ENGINEERING,MEPE-416,Microfluidics and Nanofluidics,End Sem,https://v1.nitj.ac.in/erp/academic_repository/uploads/AzQD9JvixSnCP8Ih.pdf,
January-June 2024,B.Tech,2020,MECHANICAL ENGINEERING,MEPE-423,Robotics: Mechanics and Control,Mid Sem,https://v1.nitj.ac.in/erp/academic_repository/uploads/XqHUBGrPwdzmKOC1.pdf,
January-June 2024,B.Tech,2020,MECHANICAL ENGINEERING,MEPE-423,Robotics: Mechanics and Control,End Sem,https://v1.nitj.ac.in/erp/academic_repository/uploads/RUXbWPHNaVK6d9hg.pdf,
January-June 2024,B.Tech,2020,MECHANICAL ENGINEERING,MEPE-432,Refrigeration Systems and Components Design,Mid Sem,https://v1.nitj.ac.in/erp/academic_repository/uploads/6A1ZnQ3SBJtfuCYW.pdf,
January-June 2024,B.Tech,2020,MECHANICAL ENGINEERING,MEPE-432,Refrigeration Systems and Components Design,End Sem,https://v1.nitj.ac.in/erp/academic_repository/uploads/uhbRBg5YpMNm6c42.pdf,
January-June 2024,B.Tech,2020,MECHANICAL ENGINEERING,MEPE-433,Integrated Energy Systems,Mid Sem,https://v1.nitj.ac.in/erp/academic_repository/uploads/lFkZ3tgnc4If7Wqb.pdf,
January-June 2024,B.Tech,2020,MECHANICAL ENGINEERING,MEPE-433,Integrated Energy Systems,End Sem,https://v1.nitj.ac.in/erp/academic_repository/uploads/pT3orUXacFLntwmY.pdf,
January-June 2024,B.Tech,2020,MECHANICAL ENGINEERING,MEPE-436,Automobile Engineering and E-Mobility,Mid Sem,https://v1.nitj.ac.in/erp/academic_repository/uploads/fxjZlMpidrOkIgPQ.pdf,
January-June 2024,B.Tech,2020,MECHANICAL ENGINEERING,MEPE-436,Automobile Engineering and E-Mobility,End Sem,https://v1.nitj.ac.in/erp/academic_repository/uploads/uRlIAb8d4mJyKeqV.pdf,
January-June 2024,B.Tech,2020,MECHANICAL ENGINEERING,MEPE-437,Computer Aided Design,Mid Sem,https://v1.nitj.ac.in/erp/academic_repository/uploads/xIuTKCDiXnJ7GEFA.pdf,
January-June 2024,B.Tech,2020,MECHANICAL ENGINEERING,MEPE-437,Computer Aided Design,End Sem,https://v1.nitj.ac.in/erp/academic_repository/uploads/vAlu1KBkcHCo9LSh.pdf,
January-June 2024,B.Tech,2020,MECHANICAL ENGINEERING,MEPE-442,Active and Passive Systems for Building Conditioning,Mid Sem,https://v1.nitj.ac.in/erp/academic_repository/uploads/XDAdnrHpMqk4gGuT.pdf,
January-June 2024,B.Tech,2020,MECHANICAL ENGINEERING,MEPE-442,Active and Passive Systems for Building Conditioning,End Sem,https://v1.nitj.ac.in/erp/academic_repository/uploads/jd7KJTmv3V1pN0y9.pdf,
January-June 2024,B.Tech,2020,MECHANICAL ENGINEERING,MEPE-443,Multi-Phase Flow and Heat Transfer,Mid Sem,https://v1.nitj.ac.in/erp/academic_repository/uploads/VJzCEo7bkn5rpBTq.pdf,
January-June 2024,B.Tech,2020,MECHANICAL ENGINEERING,MEPE-443,Multi-Phase Flow and Heat Transfer,End Sem,https://v1.nitj.ac.in/erp/academic_repository/uploads/6stoSdHjalXNy13c.pdf,
January-June 2024,B.Tech,2020,PHYSICS (Open Elective),PHOE-301,Material Science (Nano Science),Mid Sem,https://v1.nitj.ac.in/erp/academic_repository/uploads/hTiPsCfc9u6adA0p.pdf,
January-June 2024,B.Tech,2020,PHYSICS (Open Elective),PHOE-301,Material Science (Nano Science),End Sem,https://v1.nitj.ac.in/erp/academic_repository/uploads/Ae2rviNsqtDxkSg3.pdf,
January-June 2024,B.Tech,2020,TEXTILE TECHNOLOGY,TTOE-456,Fashion Designing,Mid Sem,https://v1.nitj.ac.in/erp/academic_repository/uploads/B34tm17YjgenMlaX.pdf,
January-June 2024,B.Tech,2020,TEXTILE TECHNOLOGY,TTOE-456,Fashion Designing,End Sem,https://v1.nitj.ac.in/erp/academic_repository/uploads/3iIHBTUbDRaOXkAx.pdf,
January-June 2024,B.Tech,2020,TEXTILE TECHNOLOGY,TTPC-402,Technical Textiles,Mid Sem,https://v1.nitj.ac.in/erp/academic_repository/uploads/Kova2Zu1XlEJY6Vn.pdf,
January-June 2024,B.Tech,2020,TEXTILE TECHNOLOGY,TTPC-402,Technical Textiles,End Sem,https://v1.nitj.ac.in/erp/academic_repository/uploads/H4hYPk2xLFS9aQ0w.pdf,
January-June 2024,B.Tech,2020,TEXTILE TECHNOLOGY,TTPE-421,Characterization of Fibre and Polymers,Mid Sem,https://v1.nitj.ac.in/erp/academic_repository/uploads/VZEH1tM8YsQNDnJz.pdf,
January-June 2024,B.Tech,2020,TEXTILE TECHNOLOGY,TTPE-421,Characterization of Fibre and Polymers,End Sem,https://v1.nitj.ac.in/erp/academic_repository/uploads/40SftV5wydK3cTbx.pdf,
January-June 2024,B.Tech,2020,TEXTILE TECHNOLOGY,TTPE-424,Waste Management and Pollution Control in Textile Industry,Mid Sem,https://v1.nitj.ac.in/erp/academic_repository/uploads/ECdvLhHKgGMezkIt.pdf,
January-June 2024,B.Tech,2020,TEXTILE TECHNOLOGY,TTPE-424,Waste Management and Pollution Control in Textile Industry,End Sem,https://v1.nitj.ac.in/erp/academic_repository/uploads/u2nAEe3BxVC61TW4.pdf,
January-June 2024,B.Tech,2020,TEXTILE TECHNOLOGY,TTPE-425,Apparel Marketing and Merchandising,Mid Sem,https://v1.nitj.ac.in/erp/academic_repository/uploads/lVaxORbu20yJ7FpX.pdf,
January-June 2024,B.Tech,2020,TEXTILE TECHNOLOGY,TTPE-425,Apparel Marketing and Merchandising,End Sem,https://v1.nitj.ac.in/erp/academic_repository/uploads/72vOfFgmJLk15xWr.pdf,
January-June 2024,B.Tech,2020,TEXTILE TECHNOLOGY,TTPE-428,Woollen Technology,Mid Sem,https://v1.nitj.ac.in/erp/academic_repository/uploads/qKOrWicACoRZbLeG.pdf,
January-June 2024,B.Tech,2020,TEXTILE TECHNOLOGY,TTPE-428,Woollen Technology,End Sem,https://v1.nitj.ac.in/erp/academic_repository/uploads/QyBAjsUr7GghKi8V.pdf,
January-June 2024,B.Tech,2020,TEXTILE TECHNOLOGY,TTPE-430,Quality Control in Chemical Processing,Mid Sem,https://v1.nitj.ac.in/erp/academic_repository/uploads/hb3Ge8zupK17CTdS.pdf,
January-June 2024,B.Tech,2020,TEXTILE TECHNOLOGY,TTPE-430,Quality Control in Chemical Processing,End Sem,https://v1.nitj.ac.in/erp/academic_repository/uploads/4a2EtASqHlcMWdwx.pdf,
January-June 2024,B.Tech (Minor),2022,COMPUTER SCIENCE AND ENGINEERING,CSMI-202,Computer Organization and Architecture,Mid Sem,https://v1.nitj.ac.in/erp/academic_repository/uploads/fg0Gr8n4luetamdQ.pdf,
January-June 2024,B.Tech (Minor),2022,COMPUTER SCIENCE AND ENGINEERING,CSMI-202,Computer Organization and Architecture,End Sem,https://v1.nitj.ac.in/erp/academic_repository/uploads/M9o0XIAHRKnaCyTY.pdf,
January-June 2024,B.Tech (Minor),2021,COMPUTER SCIENCE AND ENGINEERING,CSMI-302,Object Oriented Programming,Mid Sem,https://v1.nitj.ac.in/erp/academic_repository/uploads/ewxASYq39ZK1rmRl.pdf,
January-June 2024,B.Tech (Minor),2021,COMPUTER SCIENCE AND ENGINEERING,CSMI-302,Object Oriented Programming,End Sem,https://v1.nitj.ac.in/erp/academic_repository/uploads/EdLWsZkeRTNxitIJ.pdf,
January-June 2024,B.Tech (Minor),2021,ELECTRONICS AND COMMUNICATION ENGINEERING,ECMI-302,Digital Signal Processor and Processing,Mid Sem,https://v1.nitj.ac.in/erp/academic_repository/uploads/aC7DYGXUw30rHoft.pdf,
January-June 2024,B.Tech (Minor),2021,ELECTRONICS AND COMMUNICATION ENGINEERING,ECMI-302,Digital Signal Processor and Processing,End Sem,https://v1.nitj.ac.in/erp/academic_repository/uploads/JsyMfhwV2PaGI6tN.pdf,
January-June 2024,B.Tech (Minor),2020,COMPUTER SCIENCE AND ENGINEERING,CSMI-402,Data Analytics,Mid Sem,https://v1.nitj.ac.in/erp/academic_repository/uploads/6cZ7mU1WJeqOkMlD.pdf,
January-June 2024,B.Tech (Minor),2020,COMPUTER SCIENCE AND ENGINEERING,CSMI-402,Data Analytics,End Sem,https://v1.nitj.ac.in/erp/academic_repository/uploads/HQKSr9AcOov8Rds7.pdf,
January-June 2024,B.Tech (Minor),2020,ELECTRONICS AND COMMUNICATION ENGINEERING,ECMI-402,VLSI Circuit and System Design,Mid Sem,https://v1.nitj.ac.in/erp/academic_repository/uploads/9VmiHne2BUcOvYgo.pdf,
January-June 2024,B.Tech (Minor),2020,ELECTRONICS AND COMMUNICATION ENGINEERING,ECMI-402,VLSI Circuit and System Design,End Sem,https://v1.nitj.ac.in/erp/academic_repository/uploads/GfhISdvl8TQxqyzE.pdf,
January-June 2024,M.Sc.,2023,CHEMISTRY,CY-502,Quantum Chemistry,Mid Sem,https://v1.nitj.ac.in/erp/academic_repository/uploads/yEMsIP9f4ULcQHNt.pdf,
January-June 2024,M.Sc.,2023,CHEMISTRY,CY-502,Quantum Chemistry,End Sem,https://v1.nitj.ac.in/erp/academic_repository/uploads/OHPopyhDT7mz01KS.pdf,
January-June 2024,M.Sc.,2023,CHEMISTRY,CY-504,Pharmaceutical Chemistry,Mid Sem,https://v1.nitj.ac.in/erp/academic_repository/uploads/gnBCI4lc8ay9eA7q.pdf,
January-June 2024,M.Sc.,2023,CHEMISTRY,CY-504,Pharmaceutical Chemistry,End Sem,https://v1.nitj.ac.in/erp/academic_repository/uploads/z1boUIJqPuCrn5KR.pdf,
January-June 2024,M.Sc.,2023,CHEMISTRY,CY-506,"Surface Chemistry, Adsorption and Catalysis",Mid Sem,https://v1.nitj.ac.in/erp/academic_repository/uploads/MCFzNZyPjUrKa0Ri.pdf,
January-June 2024,M.Sc.,2023,CHEMISTRY,CY-506,"Surface Chemistry, Adsorption and Catalysis",End Sem,https://v1.nitj.ac.in/erp/academic_repository/uploads/geVOaB1TIvA2FtMk.pdf,
January-June 2024,M.Sc.,2023,CHEMISTRY,CY-508,Principles of Organic Synthesis,Mid Sem,https://v1.nitj.ac.in/erp/academic_repository/uploads/IfpzSrwFQ0J7Tx5i.pdf,
January-June 2024,M.Sc.,2023,CHEMISTRY,CY-508,Principles of Organic Synthesis,End Sem,https://v1.nitj.ac.in/erp/academic_repository/uploads/VrxwTpHtqF1jC7bm.pdf,
January-June 2024,M.Sc.,2023,CHEMISTRY,CY-510,Symmetry and Group Theory,Mid Sem,https://v1.nitj.ac.in/erp/academic_repository/uploads/pJh7XbmR9PBLdvqO.pdf,
January-June 2024,M.Sc.,2023,CHEMISTRY,CY-510,Symmetry and Group Theory,End Sem,https://v1.nitj.ac.in/erp/academic_repository/uploads/n6bpW4qKJ97kyfUx.pdf,
January-June 2024,M.Sc.,2023,CHEMISTRY,CY-512,Molecular Spectroscopy,Mid Sem,https://v1.nitj.ac.in/erp/academic_repository/uploads/lCOAjhUxWiKJ86Dc.pdf,
January-June 2024,M.Sc.,2023,CHEMISTRY,CY-512,Molecular Spectroscopy,End Sem,https://v1.nitj.ac.in/erp/academic_repository/uploads/YqrxyTsejNSFE3zV.pdf,
January-June 2024,M.Sc.,2023,MATHEMATICS,MA-502,Topology,Mid Sem,https://v1.nitj.ac.in/erp/academic_repository/uploads/4TaHXCmFx7SpNBOv.pdf,
January-June 2024,M.Sc.,2023,MATHEMATICS,MA-502,Topology,End Sem,https://v1.nitj.ac.in/erp/academic_repository/uploads/e1wBsla4EQW6tAod.pdf,
January-June 2024,M.Sc.,2023,MATHEMATICS,MA-504,Mathenatical Statistics,Mid Sem,https://v1.nitj.ac.in/erp/academic_repository/uploads/lHLxJQKdFXbjg9qS.pdf,
January-June 2024,M.Sc.,2023,MATHEMATICS,MA-504,Mathenatical Statistics,End Sem,https://v1.nitj.ac.in/erp/academic_repository/uploads/iNaOmKpfbrqT1gwB.pdf,
January-June 2024,M.Sc.,2023,MATHEMATICS,MA-506,Numerical Analysis,Mid Sem,https://v1.nitj.ac.in/erp/academic_repository/uploads/Xx2B7SwoU506rLu8.pdf,
January-June 2024,M.Sc.,2023,MATHEMATICS,MA-506,Numerical Analysis,End Sem,https://v1.nitj.ac.in/erp/academic_repository/uploads/QW29JxI14vhZbkM5.pdf,
January-June 2024,M.Sc.,2023,MATHEMATICS,MA-508,Opeations Research-I,Mid Sem,https://v1.nitj.ac.in/erp/academic_repository/uploads/HRr8kXnSiOT4P2ap.pdf,
January-June 2024,M.Sc.,2023,MATHEMATICS,MA-508,Opeations Research-I,End Sem,https://v1.nitj.ac.in/erp/academic_repository/uploads/fw7UlVd80EDtHnjv.pdf,
January-June 2024,M.Sc.,2023,MATHEMATICS,MA-510,Complex Analysis,Mid Sem,https://v1.nitj.ac.in/erp/academic_repository/uploads/ZavORgqXbUJneLlk.pdf,
January-June 2024,M.Sc.,2023,MATHEMATICS,MA-510,Complex Analysis,End Sem,https://v1.nitj.ac.in/erp/academic_repository/uploads/x9I21fqh4rgcoMpL.pdf,
January-June 2024,M.Sc.,2023,PHYSICS,PH-502,Quantum Mechanics-I,Mid Sem,https://v1.nitj.ac.in/erp/academic_repository/uploads/VZamNdYEglW560sw.pdf,
January-June 2024,M.Sc.,2023,PHYSICS,PH-502,Quantum Mechanics-I,End Sem,https://v1.nitj.ac.in/erp/academic_repository/uploads/VBGWuIcbJv0f2KS3.pdf,
January-June 2024,M.Sc.,2023,PHYSICS,PH-504,Solid State Physics-I,Mid Sem,https://v1.nitj.ac.in/erp/academic_repository/uploads/kxzTXwKcyC9F2Adu.pdf,
January-June 2024,M.Sc.,2023,PHYSICS,PH-504,Solid State Physics-I,End Sem,https://v1.nitj.ac.in/erp/academic_repository/uploads/hP5tDr7yXmwKSRFG.pdf,
January-June 2024,M.Sc.,2023,PHYSICS,PH-506,Statistical Physics,Mid Sem,https://v1.nitj.ac.in/erp/academic_repository/uploads/ptMRYnxHwscjz1bN.pdf,
January-June 2024,M.Sc.,2023,PHYSICS,PH-506,Statistical Physics,End Sem,https://v1.nitj.ac.in/erp/academic_repository/uploads/3UsFvqgMu4A1rJSP.pdf,
January-June 2024,M.Sc.,2023,PHYSICS,PH-508,Electrodynamics,Mid Sem,https://v1.nitj.ac.in/erp/academic_repository/uploads/UeqdPT9NCkuyOl5a.pdf,
January-June 2024,M.Sc.,2023,PHYSICS,PH-508,Electrodynamics,End Sem,https://v1.nitj.ac.in/erp/academic_repository/uploads/O6wlVH3EQ0Th9beg.pdf,
January-June 2024,M.Sc.,2023,PHYSICS,PH-526,Nuclear Instrumentation,Mid Sem,https://v1.nitj.ac.in/erp/academic_repository/uploads/PQnxgie351tIYEDM.pdf,
January-June 2024,M.Sc.,2023,PHYSICS,PH-526,Nuclear Instrumentation,End Sem,https://v1.nitj.ac.in/erp/academic_repository/uploads/SdkIHgqP9mFNOu1A.pdf,
January-June 2024,M.Sc.,2023,PHYSICS,PH-528,Nanostructured Materials,Mid Sem,https://v1.nitj.ac.in/erp/academic_repository/uploads/5OY3aHKWgVcCFG0r.pdf,
January-June 2024,M.Sc.,2023,PHYSICS,PH-528,Nanostructured Materials,End Sem,https://v1.nitj.ac.in/erp/academic_repository/uploads/ZgOoFqwvQtmXDIBi.pdf,
January-June 2024,M.Sc.,2022,CHEMISTRY,CY-518,Frontiers in Physical Chemistry,Mid Sem,https://v1.nitj.ac.in/erp/academic_repository/uploads/8FG6hmfZBpMx7Rb9.pdf,
January-June 2024,M.Sc.,2022,CHEMISTRY,CY-518,Frontiers in Physical Chemistry,End Sem,https://v1.nitj.ac.in/erp/academic_repository/uploads/oS1EyYt8bQzAhnXR.pdf,
January-June 2024,M.Sc.,2022,CHEMISTRY,CY-520,Interdisciplinary Topics in Chemistry,Mid Sem,https://v1.nitj.ac.in/erp/academic_repository/uploads/yvmTjesOEZLKYAbg.pdf,
January-June 2024,M.Sc.,2022,CHEMISTRY,CY-520,Interdisciplinary Topics in Chemistry,End Sem,https://v1.nitj.ac.in/erp/academic_repository/uploads/6awudlCG7KHn8D4Y.pdf,
January-June 2024,M.Sc.,2022,CHEMISTRY,CY-522,Frontiers in Organic Chemistry,Mid Sem,https://v1.nitj.ac.in/erp/academic_repository/uploads/GbjdEsf3t2eJwzRo.pdf,
January-June 2024,M.Sc.,2022,CHEMISTRY,CY-522,Frontiers in Organic Chemistry,End Sem,https://v1.nitj.ac.in/erp/academic_repository/uploads/Rd80ly3oXt9pvcOg.pdf,
January-June 2024,M.Sc.,2022,CHEMISTRY,CY-525,Bioinorganic Chemistry,Mid Sem,https://v1.nitj.ac.in/erp/academic_repository/uploads/B4sydVSYmA9bzLM6.pdf,
January-June 2024,M.Sc.,2022,CHEMISTRY,CY-525,Bioinorganic Chemistry,End Sem,https://v1.nitj.ac.in/erp/academic_repository/uploads/st7Fowu6WbDyzCQp.pdf,
January-June 2024,M.Sc.,2022,MATHEMATICS,MA-514,Differential Geometry,Mid Sem,https://v1.nitj.ac.in/erp/academic_repository/uploads/0kjAPVwf1qhKI34J.pdf,
January-June 2024,M.Sc.,2022,MATHEMATICS,MA-514,Differential Geometry,End Sem,https://v1.nitj.ac.in/erp/academic_repository/uploads/YBUWpwdH05Ng7P6s.pdf,
January-June 2024,M.Sc.,2022,MATHEMATICS,MA-516,Real Analysis-II,Mid Sem,https://v1.nitj.ac.in/erp/academic_repository/uploads/rcA78q9BDMLeGVtU.pdf,
January-June 2024,M.Sc.,2022,MATHEMATICS,MA-516,Real Analysis-II,End Sem,https://v1.nitj.ac.in/erp/academic_repository/uploads/2kJnCswRiWLvQAVE.pdf,
January-June 2024,M.Sc.,2022,MATHEMATICS,MA-527,Theory of Wavelets,Mid Sem,https://v1.nitj.ac.in/erp/academic_repository/uploads/J1nBw8UElVXIrhZF.pdf,
January-June 2024,M.Sc.,2022,MATHEMATICS,MA-527,Theory of Wavelets,End Sem,https://v1.nitj.ac.in/erp/academic_repository/uploads/EwJpHf95Lila6dtP.pdf,
January-June 2024,M.Sc.,2022,MATHEMATICS,MA-530,Operations Research-II,Mid Sem,https://v1.nitj.ac.in/erp/academic_repository/uploads/u62HkbjpIiL3d45y.pdf,
January-June 2024,M.Sc.,2022,MATHEMATICS,MA-530,Operations Research-II,End Sem,https://v1.nitj.ac.in/erp/academic_repository/uploads/0MyEOpb7mwRtFSk1.pdf,
January-June 2024,M.Sc.,2022,PHYSICS,PH-510,Particle Physics,Mid Sem,https://v1.nitj.ac.in/erp/academic_repository/uploads/kiYtS2VOIwLREH8g.pdf,
January-June 2024,M.Sc.,2022,PHYSICS,PH-510,Particle Physics,End Sem,https://v1.nitj.ac.in/erp/academic_repository/uploads/mgspI5uBOTX3HhU9.pdf,
January-June 2024,M.Sc.,2022,PHYSICS,PH-542,Nuclear Accelerator and Radiation Physics,Mid Sem,https://v1.nitj.ac.in/erp/academic_repository/uploads/bJAs1cpqMT7k8ViK.pdf,
January-June 2024,M.Sc.,2022,PHYSICS,PH-542,Nuclear Accelerator and Radiation Physics,End Sem,https://v1.nitj.ac.in/erp/academic_repository/uploads/8aEeulcZF3H0BzX6.pdf,
January-June 2024,M.Sc.,2022,PHYSICS,PH-548,Quantum Field Theory,Mid Sem,https://v1.nitj.ac.in/erp/academic_repository/uploads/1bZr3qSc5VFCTHhp.pdf,
January-June 2024,M.Sc.,2022,PHYSICS,PH-548,Quantum Field Theory,End Sem,https://v1.nitj.ac.in/erp/academic_repository/uploads/lPVq1sxJTXvW96he.pdf,
January-June 2024,M.Sc.,2022,PHYSICS,PH512,Atomic and Molecular spectroscopy,Mid Sem,https://v1.nitj.ac.in/erp/academic_repository/uploads/ikMYf1v6zD7rqeAF.pdf,
January-June 2024,M.Sc.,2022,PHYSICS,PH512,Atomic and Molecular spectroscopy,End Sem,https://v1.nitj.ac.in/erp/academic_repository/uploads/RI5xXVM7QK4g0Nuf.pdf,
January-June 2024,M.Tech,2023,ARTIFICIAL INTELLIGENCE,AI-502,Computer Vision and Natural Language Processing,Mid Sem,https://v1.nitj.ac.in/erp/academic_repository/uploads/CMvqkTWhoiPzNa4y.pdf,
January-June 2024,M.Tech,2023,ARTIFICIAL INTELLIGENCE,AI-502,Computer Vision and Natural Language Processing,End Sem,https://v1.nitj.ac.in/erp/academic_repository/uploads/Z5nHSATRXieUO3Wm.pdf,
January-June 2024,M.Tech,2023,ARTIFICIAL INTELLIGENCE,AI-504,Foundations of Deep Learning,Mid Sem,https://v1.nitj.ac.in/erp/academic_repository/uploads/vr63zE9iw0S5cxDg.pdf,
January-June 2024,M.Tech,2023,ARTIFICIAL INTELLIGENCE,AI-504,Foundations of Deep Learning,End Sem,https://v1.nitj.ac.in/erp/academic_repository/uploads/I7utSeHCW2pfgcdh.pdf,
January-June 2024,M.Tech,2023,ARTIFICIAL INTELLIGENCE,AI-603,Social Network Analysis,Mid Sem,https://v1.nitj.ac.in/erp/academic_repository/uploads/Lb24ItGZQvHXFOwz.pdf,
January-June 2024,M.Tech,2023,ARTIFICIAL INTELLIGENCE,AI-603,Social Network Analysis,End Sem,https://v1.nitj.ac.in/erp/academic_repository/uploads/eqj6nXlNGp7AWKcZ.pdf,
January-June 2024,M.Tech,2023,ARTIFICIAL INTELLIGENCE,AI-604,AI Video Analytics,Mid Sem,https://v1.nitj.ac.in/erp/academic_repository/uploads/CvzSrRmUlwiKuFtB.pdf,
January-June 2024,M.Tech,2023,ARTIFICIAL INTELLIGENCE,AI-604,AI Video Analytics,End Sem,https://v1.nitj.ac.in/erp/academic_repository/uploads/WOrM7w5k0lTCPRSs.pdf,
January-June 2024,M.Tech,2023,ARTIFICIAL INTELLIGENCE,AI-607,Medical AI,Mid Sem,https://v1.nitj.ac.in/erp/academic_repository/uploads/UTL0MRy1l3OAPgXm.pdf,
January-June 2024,M.Tech,2023,ARTIFICIAL INTELLIGENCE,AI-607,Medical AI,End Sem,https://v1.nitj.ac.in/erp/academic_repository/uploads/ALFjuI2Rcf7WXsw1.pdf,
January-June 2024,M.Tech,2023,ARTIFICIAL INTELLIGENCE,AI-619,GPU Computing,Mid Sem,https://v1.nitj.ac.in/erp/academic_repository/uploads/xBKE6pPelMTG8rFt.pdf,
January-June 2024,M.Tech,2023,ARTIFICIAL INTELLIGENCE,AI-619,GPU Computing,End Sem,https://v1.nitj.ac.in/erp/academic_repository/uploads/3gXONV4olY7JuIzm.pdf,
January-June 2024,M.Tech,2023,COMPUTER SCIENCE AND ENGINEERING,CS-503,Advanced Databases and Data Mining,Mid Sem,https://v1.nitj.ac.in/erp/academic_repository/uploads/8WzTCSZQKy3seJUF.pdf,
January-June 2024,M.Tech,2023,COMPUTER SCIENCE AND ENGINEERING,CS-503,Advanced Databases and Data Mining,End Sem,https://v1.nitj.ac.in/erp/academic_repository/uploads/X8K7EnzUrO9LFW2l.pdf,
January-June 2024,M.Tech,2023,COMPUTER SCIENCE AND ENGINEERING,CS-504,Advanced Data Structures and Algorithms,Mid Sem,https://v1.nitj.ac.in/erp/academic_repository/uploads/CqyEamATiMBolNO9.pdf,
January-June 2024,M.Tech,2023,COMPUTER SCIENCE AND ENGINEERING,CS-504,Advanced Data Structures and Algorithms,End Sem,https://v1.nitj.ac.in/erp/academic_repository/uploads/yGwOgnW1Brvcb7Pd.pdf,
January-June 2024,M.Tech,2023,COMPUTER SCIENCE AND ENGINEERING,CS-506,Machine Learning,Mid Sem,https://v1.nitj.ac.in/erp/academic_repository/uploads/agX7CL9VOFeIyfDu.pdf,
January-June 2024,M.Tech,2023,COMPUTER SCIENCE AND ENGINEERING,CS-506,Machine Learning,End Sem,https://v1.nitj.ac.in/erp/academic_repository/uploads/rjTNZyCQwYP1tnOa.pdf,
January-June 2024,M.Tech,2023,COMPUTER SCIENCE AND ENGINEERING,CS-545,Adhoc and Wireless Sensor Networks,Mid Sem,https://v1.nitj.ac.in/erp/academic_repository/uploads/7VZNd2woMhWHPU3n.pdf,
January-June 2024,M.Tech,2023,COMPUTER SCIENCE AND ENGINEERING,CS-545,Adhoc and Wireless Sensor Networks,End Sem,https://v1.nitj.ac.in/erp/academic_repository/uploads/FUXLKVud1esIhpjJ.pdf,
January-June 2024,M.Tech,2023,COMPUTER SCIENCE AND ENGINEERING,CS-552,Cyber Forensic,Mid Sem,https://v1.nitj.ac.in/erp/academic_repository/uploads/XPOomEHfLABiK12S.pdf,
January-June 2024,M.Tech,2023,COMPUTER SCIENCE AND ENGINEERING,CS-552,Cyber Forensic,End Sem,https://v1.nitj.ac.in/erp/academic_repository/uploads/g1TcDvzmxjQhu97M.pdf,
January-June 2024,M.Tech,2023,COMPUTER SCIENCE AND ENGINEERING,CS-554,Network Security,Mid Sem,https://v1.nitj.ac.in/erp/academic_repository/uploads/DjsGQvo8J43LIwRa.pdf,
January-June 2024,M.Tech,2023,COMPUTER SCIENCE AND ENGINEERING,CS-554,Network Security,End Sem,https://v1.nitj.ac.in/erp/academic_repository/uploads/Gt5pW31UrynNiIEQ.pdf,
January-June 2024,M.Tech,2023,DATA ANALYTICS,IT-502,Machine Learning Techniques,Mid Sem,https://v1.nitj.ac.in/erp/academic_repository/uploads/CWQS4qFXmAdcVHu5.pdf,
January-June 2024,M.Tech,2023,DATA ANALYTICS,IT-502,Machine Learning Techniques,End Sem,https://v1.nitj.ac.in/erp/academic_repository/uploads/nAQhfSsX2uxEbkoL.pdf,
January-June 2024,M.Tech,2023,DATA ANALYTICS,IT-504,Natural Language Processing,Mid Sem,https://v1.nitj.ac.in/erp/academic_repository/uploads/FeZ3YdiETG2WbpM9.pdf,
January-June 2024,M.Tech,2023,DATA ANALYTICS,IT-504,Natural Language Processing,End Sem,https://v1.nitj.ac.in/erp/academic_repository/uploads/eMaSP2VhnZcLHKBY.pdf,
January-June 2024,M.Tech,2023,DATA ANALYTICS,IT-506,Social Networking and Mining,Mid Sem,https://v1.nitj.ac.in/erp/academic_repository/uploads/sYjhW8uyH1qtZGEc.pdf,
January-June 2024,M.Tech,2023,DATA ANALYTICS,IT-506,Social Networking and Mining,End Sem,https://v1.nitj.ac.in/erp/academic_repository/uploads/SsRG1UI5D0j2ubWl.pdf,
January-June 2024,M.Tech,2023,DATA ANALYTICS,IT-528,Principle of Deep Learning,Mid Sem,https://v1.nitj.ac.in/erp/academic_repository/uploads/gHbZz2RGA4j6JXKu.pdf,
January-June 2024,M.Tech,2023,DATA ANALYTICS,IT-528,Principle of Deep Learning,End Sem,https://v1.nitj.ac.in/erp/academic_repository/uploads/bWoi5DA3CeP9xhYs.pdf,
January-June 2024,M.Tech,2023,DATA ANALYTICS,IT-530,Healthcare Data Analytics,Mid Sem,https://v1.nitj.ac.in/erp/academic_repository/uploads/2PMuUijG7sCL1r0x.pdf,
January-June 2024,M.Tech,2023,DATA ANALYTICS,IT-530,Healthcare Data Analytics,End Sem,https://v1.nitj.ac.in/erp/academic_repository/uploads/wcFZTsAM0KUujq7X.pdf,
January-June 2024,M.Tech,2023,DATA ANALYTICS,IT-532,Business Intelligence,Mid Sem,https://v1.nitj.ac.in/erp/academic_repository/uploads/xiwDRpEdX9lJtmWT.pdf,
January-June 2024,M.Tech,2023,DATA ANALYTICS,IT-532,Business Intelligence,End Sem,https://v1.nitj.ac.in/erp/academic_repository/uploads/S5DV3lirgIGsHbXB.pdf,
January-June 2024,M.Tech,2023,DESIGN ENGINEERING,ME-502,Advanced Machine Design,Mid Sem,https://v1.nitj.ac.in/erp/academic_repository/uploads/a1YQCdfZMlbXiL68.pdf,
January-June 2024,M.Tech,2023,DESIGN ENGINEERING,ME-502,Advanced Machine Design,End Sem,https://v1.nitj.ac.in/erp/academic_repository/uploads/48PonUYS9hHWObtF.pdf,
January-June 2024,M.Tech,2023,DESIGN ENGINEERING,ME-504,System Dynamics and Control,Mid Sem,https://v1.nitj.ac.in/erp/academic_repository/uploads/OkmaMZ7VyRs8e69Y.pdf,
January-June 2024,M.Tech,2023,DESIGN ENGINEERING,ME-504,System Dynamics and Control,End Sem,https://v1.nitj.ac.in/erp/academic_repository/uploads/RTiQH8BKVubaZIzc.pdf,
January-June 2024,M.Tech,2023,DESIGN ENGINEERING,ME-506,Mechanical Vibrations,Mid Sem,https://v1.nitj.ac.in/erp/academic_repository/uploads/HRUCY56DfpKdwFBL.pdf,
January-June 2024,M.Tech,2023,DESIGN ENGINEERING,ME-506,Mechanical Vibrations,End Sem,https://v1.nitj.ac.in/erp/academic_repository/uploads/yiWUH1VjDCfwxEgt.pdf,
January-June 2024,M.Tech,2023,DESIGN ENGINEERING,ME-508,Design and Optimizations,Mid Sem,https://v1.nitj.ac.in/erp/academic_repository/uploads/Odt4o60eUD27ZETB.pdf,
January-June 2024,M.Tech,2023,DESIGN ENGINEERING,ME-508,Design and Optimizations,End Sem,https://v1.nitj.ac.in/erp/academic_repository/uploads/v7boZs0dJau1IMk2.pdf,
January-June 2024,M.Tech,2023,DESIGN ENGINEERING,ME-540,Tribology,Mid Sem,https://v1.nitj.ac.in/erp/academic_repository/uploads/XYVxwhPHIAgbf9c6.pdf,
January-June 2024,M.Tech,2023,DESIGN ENGINEERING,ME-540,Tribology,End Sem,https://v1.nitj.ac.in/erp/academic_repository/uploads/793Tgwk8ZFOaPIMl.pdf,
January-June 2024,M.Tech,2023,DESIGN ENGINEERING,ME-545,Welding and Allied Processes,Mid Sem,https://v1.nitj.ac.in/erp/academic_repository/uploads/1mvUKRlx6MNubJPL.pdf,
January-June 2024,M.Tech,2023,DESIGN ENGINEERING,ME-545,Welding and Allied Processes,End Sem,https://v1.nitj.ac.in/erp/academic_repository/uploads/6Ijh0yZ7ButfqU8V.pdf,
January-June 2024,M.Tech,2023,DATA SCIENCE AND ENGINEERING,CS-542,Big Data Analytics,Mid Sem,https://v1.nitj.ac.in/erp/academic_repository/uploads/RBYJcKrL63jTiVPI.pdf,
January-June 2024,M.Tech,2023,DATA SCIENCE AND ENGINEERING,CS-542,Big Data Analytics,End Sem,https://v1.nitj.ac.in/erp/academic_repository/uploads/P4ynEeaTsYkO8NWl.pdf,
January-June 2024,M.Tech,2023,DATA SCIENCE AND ENGINEERING,CS-546,Deep Learning,Mid Sem,https://v1.nitj.ac.in/erp/academic_repository/uploads/QJWBY4irMn3b9SIH.pdf,
January-June 2024,M.Tech,2023,DATA SCIENCE AND ENGINEERING,CS-546,Deep Learning,End Sem,https://v1.nitj.ac.in/erp/academic_repository/uploads/kuslJpty3HO5RaTY.pdf,
January-June 2024,M.Tech,2023,DATA SCIENCE AND ENGINEERING,CS-602,Data Engineering and Visualization,Mid Sem,https://v1.nitj.ac.in/erp/academic_repository/uploads/ryCq7Z9QtELhnOIX.pdf,
January-June 2024,M.Tech,2023,DATA SCIENCE AND ENGINEERING,CS-602,Data Engineering and Visualization,End Sem,https://v1.nitj.ac.in/erp/academic_repository/uploads/WM3cn5FpRV2lyXw8.pdf,
January-June 2024,M.Tech,2023,DATA SCIENCE AND ENGINEERING,CS-606,Optimization Techniques for Data Science,Mid Sem,https://v1.nitj.ac.in/erp/academic_repository/uploads/ytUJHMZ18rd4xTB9.pdf,
January-June 2024,M.Tech,2023,DATA SCIENCE AND ENGINEERING,CS-606,Optimization Techniques for Data Science,End Sem,https://v1.nitj.ac.in/erp/academic_repository/uploads/sd50NkFeh8IjyzRa.pdf,
January-June 2024,M.Tech,2023,DATA SCIENCE AND ENGINEERING,CS-637,Business Intelligence,Mid Sem,https://v1.nitj.ac.in/erp/academic_repository/uploads/d4pNYIczjsLqAKoV.pdf,
January-June 2024,M.Tech,2023,DATA SCIENCE AND ENGINEERING,CS-637,Business Intelligence,End Sem,https://v1.nitj.ac.in/erp/academic_repository/uploads/4HFjUNvOR0wtYDcr.pdf,
January-June 2024,M.Tech,2023,DATA SCIENCE AND ENGINEERING,CS-640,Machine Learning for Cyber Physical System,Mid Sem,https://v1.nitj.ac.in/erp/academic_repository/uploads/vw5fQ6FsiDXTHMOC.pdf,
January-June 2024,M.Tech,2023,DATA SCIENCE AND ENGINEERING,CS-640,Machine Learning for Cyber Physical System,End Sem,https://v1.nitj.ac.in/erp/academic_repository/uploads/tLmPU2fjuk710bMT.pdf,
January-June 2024,M.Tech,2023,ELECTRIC VEHICLE DESIGN,EEEV-502,Digital Signal Processing,Mid Sem,https://v1.nitj.ac.in/erp/academic_repository/uploads/LXW2xoEB3nvCOkws.pdf,
January-June 2024,M.Tech,2023,ELECTRIC VEHICLE DESIGN,EEEV-502,Digital Signal Processing,End Sem,https://v1.nitj.ac.in/erp/academic_repository/uploads/jAkbGRgDZmUxOnqz.pdf,
January-June 2024,M.Tech,2023,ELECTRIC VEHICLE DESIGN,EEEV-504,Battery and Battery Management System,Mid Sem,https://v1.nitj.ac.in/erp/academic_repository/uploads/eocTOhvX3AF7yLMC.pdf,
January-June 2024,M.Tech,2023,ELECTRIC VEHICLE DESIGN,EEEV-504,Battery and Battery Management System,End Sem,https://v1.nitj.ac.in/erp/academic_repository/uploads/bodaZ4pCuVGrwLWF.pdf,
January-June 2024,M.Tech,2023,ELECTRIC VEHICLE DESIGN,EEEV-506,Advanced Control System for Electric Vehicle,Mid Sem,https://v1.nitj.ac.in/erp/academic_repository/uploads/OYZCLr1P7qp0szTc.pdf,
January-June 2024,M.Tech,2023,ELECTRIC VEHICLE DESIGN,EEEV-506,Advanced Control System for Electric Vehicle,End Sem,https://v1.nitj.ac.in/erp/academic_repository/uploads/IBJe1KZjLQ4Xk9OD.pdf,
January-June 2024,M.Tech,2023,ELECTRIC VEHICLE DESIGN,EEEV-508,Special Electrical Machine and Control,Mid Sem,https://v1.nitj.ac.in/erp/academic_repository/uploads/H6PNFswOJTuyh4zj.pdf,
January-June 2024,M.Tech,2023,ELECTRIC VEHICLE DESIGN,EEEV-508,Special Electrical Machine and Control,End Sem,https://v1.nitj.ac.in/erp/academic_repository/uploads/2wXOLtjgobBE3ZSN.pdf,
January-June 2024,M.Tech,2023,ELECTRIC VEHICLE DESIGN,EEEV-562,Renewable Energy System,Mid Sem,https://v1.nitj.ac.in/erp/academic_repository/uploads/eHEXxQt4iS0Nhl8d.pdf,
January-June 2024,M.Tech,2023,ELECTRIC VEHICLE DESIGN,EEEV-562,Renewable Energy System,End Sem,https://v1.nitj.ac.in/erp/academic_repository/uploads/vh6iKq37ka5uGcRO.pdf,
January-June 2024,M.Tech,2023,ELECTRIC VEHICLE DESIGN,EEEV-563,Power Market Operation of Electric Vehicles,Mid Sem,https://v1.nitj.ac.in/erp/academic_repository/uploads/hCcxyQJASPUVKfkZ.pdf,
January-June 2024,M.Tech,2023,ELECTRIC VEHICLE DESIGN,EEEV-563,Power Market Operation of Electric Vehicles,End Sem,https://v1.nitj.ac.in/erp/academic_repository/uploads/it3GKrTwD0S5kPXd.pdf,
January-June 2024,M.Tech,2023,GEOTECHNICAL AND GEO-ENVIRONMENTAL ENGINEERING,CE-531,Geoenvironmental Engineering,Mid Sem,https://v1.nitj.ac.in/erp/academic_repository/uploads/N5LagKCBJbm3Xife.pdf,
January-June 2024,M.Tech,2023,GEOTECHNICAL AND GEO-ENVIRONMENTAL ENGINEERING,CE-531,Geoenvironmental Engineering,End Sem,https://v1.nitj.ac.in/erp/academic_repository/uploads/vzwlUCf507MpQEJF.pdf,
January-June 2024,M.Tech,2023,GEOTECHNICAL AND GEO-ENVIRONMENTAL ENGINEERING,CE-540,Geosynthetics,Mid Sem,https://v1.nitj.ac.in/erp/academic_repository/uploads/dCFaocWfSELIXGN1.pdf,
January-June 2024,M.Tech,2023,GEOTECHNICAL AND GEO-ENVIRONMENTAL ENGINEERING,CE-540,Geosynthetics,End Sem,https://v1.nitj.ac.in/erp/academic_repository/uploads/u7WthCQYdvTclU3w.pdf,
January-June 2024,M.Tech,2023,GEOTECHNICAL AND GEO-ENVIRONMENTAL ENGINEERING,CE-541,Pavement Design,Mid Sem,https://v1.nitj.ac.in/erp/academic_repository/uploads/ZtJ4nV1QxTvCzlUL.pdf,
January-June 2024,M.Tech,2023,GEOTECHNICAL AND GEO-ENVIRONMENTAL ENGINEERING,CE-541,Pavement Design,End Sem,https://v1.nitj.ac.in/erp/academic_repository/uploads/Icu9qDwOU17pyMWs.pdf,
January-June 2024,M.Tech,2023,GEOTECHNICAL AND GEO-ENVIRONMENTAL ENGINEERING,CE-552,Soil Dynamics and Earthquake Engineering,Mid Sem,https://v1.nitj.ac.in/erp/academic_repository/uploads/XimOwM67y5qYGcjS.pdf,
January-June 2024,M.Tech,2023,GEOTECHNICAL AND GEO-ENVIRONMENTAL ENGINEERING,CE-552,Soil Dynamics and Earthquake Engineering,End Sem,https://v1.nitj.ac.in/erp/academic_repository/uploads/jp1fy3DYqlv5b4Co.pdf,
January-June 2024,M.Tech,2023,GEOTECHNICAL AND GEO-ENVIRONMENTAL ENGINEERING,CE-554,Finite Element Method in Geotechnical Engineering,Mid Sem,https://v1.nitj.ac.in/erp/academic_repository/uploads/7zguiJP18NmlvhLS.pdf,
January-June 2024,M.Tech,2023,GEOTECHNICAL AND GEO-ENVIRONMENTAL ENGINEERING,CE-554,Finite Element Method in Geotechnical Engineering,End Sem,https://v1.nitj.ac.in/erp/academic_repository/uploads/jX8pMfk4hGKn3c6m.pdf,
January-June 2024,M.Tech,2023,GEOTECHNICAL AND GEO-ENVIRONMENTAL ENGINEERING,CE-556,Mechanics of sediment Transport,Mid Sem,https://v1.nitj.ac.in/erp/academic_repository/uploads/vONyKgljbZBcpW3G.pdf,
January-June 2024,M.Tech,2023,GEOTECHNICAL AND GEO-ENVIRONMENTAL ENGINEERING,CE-556,Mechanics of sediment Transport,End Sem,https://v1.nitj.ac.in/erp/academic_repository/uploads/m2WfYxV1IR7S6LM8.pdf,
January-June 2024,M.Tech,2023,CONTROL AND INSTRUMENTATION ENGINEERING,IC-502,Industrial Automation and Robotics,Mid Sem,https://v1.nitj.ac.in/erp/academic_repository/uploads/Ru27ETNdbcfUae1H.pdf,
January-June 2024,M.Tech,2023,CONTROL AND INSTRUMENTATION ENGINEERING,IC-502,Industrial Automation and Robotics,End Sem,https://v1.nitj.ac.in/erp/academic_repository/uploads/diJb1qPlZ0rsT2LU.pdf,
January-June 2024,M.Tech,2023,CONTROL AND INSTRUMENTATION ENGINEERING,IC-504,Medical Instrumentation,Mid Sem,https://v1.nitj.ac.in/erp/academic_repository/uploads/QR5S71NmsvUCM26b.pdf,
January-June 2024,M.Tech,2023,CONTROL AND INSTRUMENTATION ENGINEERING,IC-504,Medical Instrumentation,End Sem,https://v1.nitj.ac.in/erp/academic_repository/uploads/W4qpwKcNAkilCRxM.pdf,
January-June 2024,M.Tech,2023,CONTROL AND INSTRUMENTATION ENGINEERING,IC-506,Soft Computing Techniques,Mid Sem,https://v1.nitj.ac.in/erp/academic_repository/uploads/PbOLEZiNkUmQ16Sq.pdf,
January-June 2024,M.Tech,2023,CONTROL AND INSTRUMENTATION ENGINEERING,IC-506,Soft Computing Techniques,End Sem,https://v1.nitj.ac.in/erp/academic_repository/uploads/rxMuFJ2oQk51lYVy.pdf,
January-June 2024,M.Tech,2023,CONTROL AND INSTRUMENTATION ENGINEERING,IC-508,Robust and Optimal Control,Mid Sem,https://v1.nitj.ac.in/erp/academic_repository/uploads/13e02mPbgBrk6Xdw.pdf,
January-June 2024,M.Tech,2023,CONTROL AND INSTRUMENTATION ENGINEERING,IC-508,Robust and Optimal Control,End Sem,https://v1.nitj.ac.in/erp/academic_repository/uploads/uvWQYk7eaictPS0b.pdf,
January-June 2024,M.Tech,2023,CONTROL AND INSTRUMENTATION ENGINEERING,IC-593,"PLC, DCS & SCADA",Mid Sem,https://v1.nitj.ac.in/erp/academic_repository/uploads/2leMpAJdDijL1YkK.pdf,
January-June 2024,M.Tech,2023,CONTROL AND INSTRUMENTATION ENGINEERING,IC-593,"PLC, DCS & SCADA",End Sem,https://v1.nitj.ac.in/erp/academic_repository/uploads/VLdKUhHiAxPjZvDS.pdf,
January-June 2024,M.Tech,2023,CONTROL AND INSTRUMENTATION ENGINEERING,IC-595,Medical Imaging & Processing,Mid Sem,https://v1.nitj.ac.in/erp/academic_repository/uploads/FmwZYnB0U2MxiW8j.pdf,
January-June 2024,M.Tech,2023,CONTROL AND INSTRUMENTATION ENGINEERING,IC-595,Medical Imaging & Processing,End Sem,https://v1.nitj.ac.in/erp/academic_repository/uploads/mb2vhpSwglTZIPJ1.pdf,
January-June 2024,M.Tech,2023,INDUSTRIAL ENGINEERING AND DATA ANALYTICS,IEA-502,Data Analytics,Mid Sem,https://v1.nitj.ac.in/erp/academic_repository/uploads/B60rqFTZGV13b9KS.pdf,
January-June 2024,M.Tech,2023,INDUSTRIAL ENGINEERING AND DATA ANALYTICS,IEA-502,Data Analytics,End Sem,https://v1.nitj.ac.in/erp/academic_repository/uploads/x0zaOsi6uDfAmnbY.pdf,
January-June 2024,M.Tech,2023,INDUSTRIAL ENGINEERING AND DATA ANALYTICS,IEA-504,Deep Learning,Mid Sem,https://v1.nitj.ac.in/erp/academic_repository/uploads/qYk6gWId5Lz2CPRG.pdf,
January-June 2024,M.Tech,2023,INDUSTRIAL ENGINEERING AND DATA ANALYTICS,IEA-504,Deep Learning,End Sem,https://v1.nitj.ac.in/erp/academic_repository/uploads/Qpc59wV82sfayoLZ.pdf,
January-June 2024,M.Tech,2023,INDUSTRIAL ENGINEERING AND DATA ANALYTICS,IEA-506,Logistics & Supply Chain Management,Mid Sem,https://v1.nitj.ac.in/erp/academic_repository/uploads/cdgXsbBvLzfla1AS.pdf,
January-June 2024,M.Tech,2023,INDUSTRIAL ENGINEERING AND DATA ANALYTICS,IEA-506,Logistics & Supply Chain Management,End Sem,https://v1.nitj.ac.in/erp/academic_repository/uploads/t0hOLJ4F5XKwiT27.pdf,
January-June 2024,M.Tech,2023,INDUSTRIAL ENGINEERING AND DATA ANALYTICS,IEA-521,Project Management,Mid Sem,https://v1.nitj.ac.in/erp/academic_repository/uploads/8amF7VBHOsZMKbkJ.pdf,
January-June 2024,M.Tech,2023,INDUSTRIAL ENGINEERING AND DATA ANALYTICS,IEA-521,Project Management,End Sem,https://v1.nitj.ac.in/erp/academic_repository/uploads/ubZ3jpH09P5QRSrs.pdf,
January-June 2024,M.Tech,2023,INDUSTRIAL ENGINEERING AND DATA ANALYTICS,IEA-528,Operations Management (Program Elective-II),Mid Sem,https://v1.nitj.ac.in/erp/academic_repository/uploads/f2aCMyR3LHiAszwh.pdf,
January-June 2024,M.Tech,2023,INDUSTRIAL ENGINEERING AND DATA ANALYTICS,IEA-528,Operations Management (Program Elective-II),End Sem,https://v1.nitj.ac.in/erp/academic_repository/uploads/4BsnZivP96EpHwX0.pdf,
January-June 2024,M.Tech,2023,INDUSTRIAL ENGINEERING AND DATA ANALYTICS,IEA-541,Visualization and Big Data Analytics (Program Elective-III),Mid Sem,https://v1.nitj.ac.in/erp/academic_repository/uploads/es7vxTEWVHzuJaXc.pdf,
January-June 2024,M.Tech,2023,INDUSTRIAL ENGINEERING AND DATA ANALYTICS,IEA-541,Visualization and Big Data Analytics (Program Elective-III),End Sem,https://v1.nitj.ac.in/erp/academic_repository/uploads/GfvngauQWNpkRrUc.pdf,
January-June 2024,M.Tech,2023,COMPUTER SCIENCE AND ENGINEERING (INFORMATION SECURITY),CS-501,Cryptography,Mid Sem,https://v1.nitj.ac.in/erp/academic_repository/uploads/3BTC8fuwGaJNU5K1.pdf,
January-June 2024,M.Tech,2023,COMPUTER SCIENCE AND ENGINEERING (INFORMATION SECURITY),CS-501,Cryptography,End Sem,https://v1.nitj.ac.in/erp/academic_repository/uploads/SK4wvfkua8poh1Ol.pdf,
January-June 2024,M.Tech,2023,COMPUTER SCIENCE AND ENGINEERING (INFORMATION SECURITY),CS-504,Advanced Data Structures and Algorithms,Mid Sem,https://v1.nitj.ac.in/erp/academic_repository/uploads/OsL81b9f74Wn3IoV.pdf,
January-June 2024,M.Tech,2023,COMPUTER SCIENCE AND ENGINEERING (INFORMATION SECURITY),CS-504,Advanced Data Structures and Algorithms,End Sem,https://v1.nitj.ac.in/erp/academic_repository/uploads/qfEz4J0hHjB9rDGe.pdf,
January-June 2024,M.Tech,2023,COMPUTER SCIENCE AND ENGINEERING (INFORMATION SECURITY),CS-545,Adhoc and Wireless Sensor Networks,Mid Sem,https://v1.nitj.ac.in/erp/academic_repository/uploads/3gVEqSQuXFkZ0B98.pdf,
January-June 2024,M.Tech,2023,COMPUTER SCIENCE AND ENGINEERING (INFORMATION SECURITY),CS-545,Adhoc and Wireless Sensor Networks,End Sem,https://v1.nitj.ac.in/erp/academic_repository/uploads/9voCizea0QSVTPl1.pdf,
January-June 2024,M.Tech,2023,COMPUTER SCIENCE AND ENGINEERING (INFORMATION SECURITY),CS-546,Deep Learning,Mid Sem,https://v1.nitj.ac.in/erp/academic_repository/uploads/7iN1XhjaTfolkwy5.pdf,
January-June 2024,M.Tech,2023,COMPUTER SCIENCE AND ENGINEERING (INFORMATION SECURITY),CS-546,Deep Learning,End Sem,https://v1.nitj.ac.in/erp/academic_repository/uploads/fkIdHCLtx6y1243r.pdf,
January-June 2024,M.Tech,2023,COMPUTER SCIENCE AND ENGINEERING (INFORMATION SECURITY),CS-551,Security Engineering,Mid Sem,https://v1.nitj.ac.in/erp/academic_repository/uploads/G5ctizfN230POZLR.pdf,
January-June 2024,M.Tech,2023,COMPUTER SCIENCE AND ENGINEERING (INFORMATION SECURITY),CS-551,Security Engineering,End Sem,https://v1.nitj.ac.in/erp/academic_repository/uploads/IXMpQ1TZ9UY0sP6j.pdf,
January-June 2024,M.Tech,2023,COMPUTER SCIENCE AND ENGINEERING (INFORMATION SECURITY),CS-552,Cyber Forensic,Mid Sem,https://v1.nitj.ac.in/erp/academic_repository/uploads/OMN3ufzBEZqC8FWo.pdf,
January-June 2024,M.Tech,2023,COMPUTER SCIENCE AND ENGINEERING (INFORMATION SECURITY),CS-552,Cyber Forensic,End Sem,https://v1.nitj.ac.in/erp/academic_repository/uploads/MqO4xRNP90JUkmEf.pdf,
January-June 2024,M.Tech,2023,POWER SYSTEMS AND RELIABILITY,PSR-504,Probability and Statistics,Mid Sem,https://v1.nitj.ac.in/erp/academic_repository/uploads/t93mqJbHFGhaEBy6.pdf,
January-June 2024,M.Tech,2023,POWER SYSTEMS AND RELIABILITY,PSR-504,Probability and Statistics,End Sem,https://v1.nitj.ac.in/erp/academic_repository/uploads/DPhz5tBgyoF4S2bu.pdf,
January-June 2024,M.Tech,2023,POWER SYSTEMS AND RELIABILITY,PSR-505,Quality Management,Mid Sem,https://v1.nitj.ac.in/erp/academic_repository/uploads/kAePGJDrEMwQZTY9.pdf,
January-June 2024,M.Tech,2023,POWER SYSTEMS AND RELIABILITY,PSR-505,Quality Management,End Sem,https://v1.nitj.ac.in/erp/academic_repository/uploads/zPh0UvJoXYLbyeWp.pdf,
January-June 2024,M.Tech,2023,POWER SYSTEMS AND RELIABILITY,PSR-558,Earthquake Resistant Design of Structures,Mid Sem,https://v1.nitj.ac.in/erp/academic_repository/uploads/TiU0OhMBYSHpgD1j.pdf,
January-June 2024,M.Tech,2023,POWER SYSTEMS AND RELIABILITY,PSR-558,Earthquake Resistant Design of Structures,End Sem,https://v1.nitj.ac.in/erp/academic_repository/uploads/gVH0Gf4qrCwz2PLJ.pdf,
January-June 2024,M.Tech,2023,RENEWABLE ENERGY,RE-502,Solar Thermal Technologies and Applications,Mid Sem,https://v1.nitj.ac.in/erp/academic_repository/uploads/1WIanAzD9yPfZdQj.pdf,
January-June 2024,M.Tech,2023,RENEWABLE ENERGY,RE-502,Solar Thermal Technologies and Applications,End Sem,https://v1.nitj.ac.in/erp/academic_repository/uploads/MPRNwJFz6Q7U5dpK.pdf,
January-June 2024,M.Tech,2023,RENEWABLE ENERGY,RE-504,"Energy Conservation, Management & Audit",Mid Sem,https://v1.nitj.ac.in/erp/academic_repository/uploads/0mbEgJo3GSd5rHKf.pdf,
January-June 2024,M.Tech,2023,RENEWABLE ENERGY,RE-504,"Energy Conservation, Management & Audit",End Sem,https://v1.nitj.ac.in/erp/academic_repository/uploads/w7MP84ABlIJU3qne.pdf,
January-June 2024,M.Tech,2023,RENEWABLE ENERGY,RE-506,Economics and Financing of Renewable Energy Systems,Mid Sem,https://v1.nitj.ac.in/erp/academic_repository/uploads/Ixv4mlRHcyKPSL36.pdf,
January-June 2024,M.Tech,2023,RENEWABLE ENERGY,RE-506,Economics and Financing of Renewable Energy Systems,End Sem,https://v1.nitj.ac.in/erp/academic_repository/uploads/GRjytvkpH91iMbP7.pdf,
January-June 2024,M.Tech,2023,RENEWABLE ENERGY,RE-508,Waste to Energy Conversion Processes,Mid Sem,https://v1.nitj.ac.in/erp/academic_repository/uploads/N1YBMTuOLaoKnP4k.pdf,
January-June 2024,M.Tech,2023,RENEWABLE ENERGY,RE-508,Waste to Energy Conversion Processes,End Sem,https://v1.nitj.ac.in/erp/academic_repository/uploads/cSHxVCad2utsQBjo.pdf,
January-June 2024,M.Tech,2023,RENEWABLE ENERGY,RE-512,Electric Vehicle,Mid Sem,https://v1.nitj.ac.in/erp/academic_repository/uploads/pGyXxwjvntq7Wk3Z.pdf,
January-June 2024,M.Tech,2023,RENEWABLE ENERGY,RE-512,Electric Vehicle,End Sem,https://v1.nitj.ac.in/erp/academic_repository/uploads/p492SvQlCVarZAgW.pdf,
January-June 2024,M.Tech,2023,RENEWABLE ENERGY,RE-513,Fuel Cell and Hydrogen Energy,Mid Sem,https://v1.nitj.ac.in/erp/academic_repository/uploads/kygTGj9rXYWpJu2F.pdf,
January-June 2024,M.Tech,2023,RENEWABLE ENERGY,RE-513,Fuel Cell and Hydrogen Energy,End Sem,https://v1.nitj.ac.in/erp/academic_repository/uploads/MmubiG5f7HnIQ2t6.pdf,
January-June 2024,M.Tech,2023,STRUCTURAL AND CONSTRUCTION ENGINEERING,CE-502,Advanced Reinforced Concrete Design,Mid Sem,https://v1.nitj.ac.in/erp/academic_repository/uploads/UTKo6LVjsGl4hAP0.pdf,
January-June 2024,M.Tech,2023,STRUCTURAL AND CONSTRUCTION ENGINEERING,CE-502,Advanced Reinforced Concrete Design,End Sem,https://v1.nitj.ac.in/erp/academic_repository/uploads/K5qg8nFt1fYkT4CZ.pdf,
January-June 2024,M.Tech,2023,STRUCTURAL AND CONSTRUCTION ENGINEERING,CE-504,Analysis and Design of Foundations,Mid Sem,https://v1.nitj.ac.in/erp/academic_repository/uploads/nF2IMaRyV4Thvxl3.pdf,
January-June 2024,M.Tech,2023,STRUCTURAL AND CONSTRUCTION ENGINEERING,CE-504,Analysis and Design of Foundations,End Sem,https://v1.nitj.ac.in/erp/academic_repository/uploads/3zbiuF9WBngaOxcy.pdf,
January-June 2024,M.Tech,2023,STRUCTURAL AND CONSTRUCTION ENGINEERING,CE-506,Earthquake Resistant Design of Structures,Mid Sem,https://v1.nitj.ac.in/erp/academic_repository/uploads/hcrd9RvEaUs0XAQk.pdf,
January-June 2024,M.Tech,2023,STRUCTURAL AND CONSTRUCTION ENGINEERING,CE-506,Earthquake Resistant Design of Structures,End Sem,https://v1.nitj.ac.in/erp/academic_repository/uploads/aKwGlRMgiybNmdx6.pdf,
January-June 2024,M.Tech,2023,STRUCTURAL AND CONSTRUCTION ENGINEERING,CE-509,Quantitative Methods in Construction Management,Mid Sem,https://v1.nitj.ac.in/erp/academic_repository/uploads/dpKQUy38EesGZWjk.pdf,
January-June 2024,M.Tech,2023,STRUCTURAL AND CONSTRUCTION ENGINEERING,CE-509,Quantitative Methods in Construction Management,End Sem,https://v1.nitj.ac.in/erp/academic_repository/uploads/FrSJ8C9aM0DXdgAw.pdf,
January-June 2024,M.Tech,2023,STRUCTURAL AND CONSTRUCTION ENGINEERING,CE-528,Advanced Steel Design,Mid Sem,https://v1.nitj.ac.in/erp/academic_repository/uploads/ZCPwQ1pUlVSkJhrx.pdf,
January-June 2024,M.Tech,2023,STRUCTURAL AND CONSTRUCTION ENGINEERING,CE-528,Advanced Steel Design,End Sem,https://v1.nitj.ac.in/erp/academic_repository/uploads/qJ9lgsRnI7vDQp4Y.pdf,
January-June 2024,M.Tech,2023,STRUCTURAL AND CONSTRUCTION ENGINEERING,CE-541,Pavement Design,Mid Sem,https://v1.nitj.ac.in/erp/academic_repository/uploads/aOX5uCVwxlHU4Kzm.pdf,
January-June 2024,M.Tech,2023,STRUCTURAL AND CONSTRUCTION ENGINEERING,CE-541,Pavement Design,End Sem,https://v1.nitj.ac.in/erp/academic_repository/uploads/AvbZ9JTjceDBnyYf.pdf,
January-June 2024,M.Tech,2023,SIGNAL PROCESSING AND MACHINE LEARNING,EC-502,Embedded System Design,Mid Sem,https://v1.nitj.ac.in/erp/academic_repository/uploads/p3Y8I5qh24XZkzcM.pdf,
January-June 2024,M.Tech,2023,SIGNAL PROCESSING AND MACHINE LEARNING,EC-502,Embedded System Design,End Sem,https://v1.nitj.ac.in/erp/academic_repository/uploads/DbJmnsj7vrxLqRYh.pdf,
January-June 2024,M.Tech,2023,SIGNAL PROCESSING AND MACHINE LEARNING,EC-504,Statistical Signal Processing,Mid Sem,https://v1.nitj.ac.in/erp/academic_repository/uploads/q4D6pGCIQ32enfNy.pdf,
January-June 2024,M.Tech,2023,SIGNAL PROCESSING AND MACHINE LEARNING,EC-504,Statistical Signal Processing,End Sem,https://v1.nitj.ac.in/erp/academic_repository/uploads/gwK0o1tOni2G36Sc.pdf,
January-June 2024,M.Tech,2023,SIGNAL PROCESSING AND MACHINE LEARNING,EC-601,Acoustics and Audio Signal Processing,Mid Sem,https://v1.nitj.ac.in/erp/academic_repository/uploads/PqRsu01tJCNXBkVe.pdf,
January-June 2024,M.Tech,2023,SIGNAL PROCESSING AND MACHINE LEARNING,EC-601,Acoustics and Audio Signal Processing,End Sem,https://v1.nitj.ac.in/erp/academic_repository/uploads/Sa1zyA9doYh0kfXD.pdf,
January-June 2024,M.Tech,2023,SIGNAL PROCESSING AND MACHINE LEARNING,EC-608,Deep Learning,Mid Sem,https://v1.nitj.ac.in/erp/academic_repository/uploads/t7Ij56qs1nhiyzkE.pdf,
January-June 2024,M.Tech,2023,SIGNAL PROCESSING AND MACHINE LEARNING,EC-608,Deep Learning,End Sem,https://v1.nitj.ac.in/erp/academic_repository/uploads/CE4U1v0mNBzxnafk.pdf,
January-June 2024,M.Tech,2023,SIGNAL PROCESSING AND MACHINE LEARNING,EC-626,Wireless Sensor Networks,Mid Sem,https://v1.nitj.ac.in/erp/academic_repository/uploads/C8GKMbDOUPiFgd79.pdf,
January-June 2024,M.Tech,2023,SIGNAL PROCESSING AND MACHINE LEARNING,EC-626,Wireless Sensor Networks,End Sem,https://v1.nitj.ac.in/erp/academic_repository/uploads/0uoilCaTtJcE35Az.pdf,
January-June 2024,M.Tech,2023,SIGNAL PROCESSING AND MACHINE LEARNING,EC-627,Advanced Communication System,Mid Sem,https://v1.nitj.ac.in/erp/academic_repository/uploads/ZqEAhJk3lW5Viey2.pdf,
January-June 2024,M.Tech,2023,SIGNAL PROCESSING AND MACHINE LEARNING,EC-627,Advanced Communication System,End Sem,https://v1.nitj.ac.in/erp/academic_repository/uploads/bqCFPVjnBYfIcks3.pdf,
January-June 2024,M.Tech,2023,TEXTILE ENGINEERING AND MANAGEMENT,TT-502,Structural Mechanics of Yarns,Mid Sem,https://v1.nitj.ac.in/erp/academic_repository/uploads/fAhtqxOrbvzwj0H2.pdf,
January-June 2024,M.Tech,2023,TEXTILE ENGINEERING AND MANAGEMENT,TT-502,Structural Mechanics of Yarns,End Sem,https://v1.nitj.ac.in/erp/academic_repository/uploads/6W5c0nJatgKp23Me.pdf,
January-June 2024,M.Tech,2023,TEXTILE ENGINEERING AND MANAGEMENT,TT-504,Structural Mechanics of Fabrics,Mid Sem,https://v1.nitj.ac.in/erp/academic_repository/uploads/MUD2p78PkIFeJQiZ.pdf,
January-June 2024,M.Tech,2023,TEXTILE ENGINEERING AND MANAGEMENT,TT-504,Structural Mechanics of Fabrics,End Sem,https://v1.nitj.ac.in/erp/academic_repository/uploads/kQc7bAZ65iY2eFNj.pdf,
January-June 2024,M.Tech,2023,TEXTILE ENGINEERING AND MANAGEMENT,TT-506,Statistical Methods and Design of Experiment,Mid Sem,https://v1.nitj.ac.in/erp/academic_repository/uploads/KSNEUbCImZTiWOuG.pdf,
January-June 2024,M.Tech,2023,TEXTILE ENGINEERING AND MANAGEMENT,TT-506,Statistical Methods and Design of Experiment,End Sem,https://v1.nitj.ac.in/erp/academic_repository/uploads/Tqh8rvn6KPbIi7k1.pdf,
January-June 2024,M.Tech,2023,TEXTILE ENGINEERING AND MANAGEMENT,TT-508,Production Management in Textiles,Mid Sem,https://v1.nitj.ac.in/erp/academic_repository/uploads/pjfinwDqVmMX1TP4.pdf,
January-June 2024,M.Tech,2023,TEXTILE ENGINEERING AND MANAGEMENT,TT-508,Production Management in Textiles,End Sem,https://v1.nitj.ac.in/erp/academic_repository/uploads/cWPgLsM19vEkp5NH.pdf,
January-June 2024,M.Tech,2023,TEXTILE ENGINEERING AND MANAGEMENT,TT-510,Geotextiles,Mid Sem,https://v1.nitj.ac.in/erp/academic_repository/uploads/crGVopInjfl5a1qs.pdf,
January-June 2024,M.Tech,2023,TEXTILE ENGINEERING AND MANAGEMENT,TT-510,Geotextiles,End Sem,https://v1.nitj.ac.in/erp/academic_repository/uploads/DeJCvIAip5hnBzau.pdf,
January-June 2024,M.Tech,2023,TEXTILE ENGINEERING AND MANAGEMENT,TT-533,Advances in Apparel Technology,Mid Sem,https://v1.nitj.ac.in/erp/academic_repository/uploads/1YVtXplPrBgijK5a.pdf,
January-June 2024,M.Tech,2023,TEXTILE ENGINEERING AND MANAGEMENT,TT-533,Advances in Apparel Technology,End Sem,https://v1.nitj.ac.in/erp/academic_repository/uploads/z1LvZlHbBDimIMn0.pdf,
January-June 2024,M.Tech,2023,TEXTILE TECHNOLOGY,TTP-504,Physical Properties of Fibres,Mid Sem,https://v1.nitj.ac.in/erp/academic_repository/uploads/7OtSy1UP5w6TRXhx.pdf,
January-June 2024,M.Tech,2023,TEXTILE TECHNOLOGY,TTP-504,Physical Properties of Fibres,End Sem,https://v1.nitj.ac.in/erp/academic_repository/uploads/1MzKmXZVcgLtq0IH.pdf,
January-June 2024,M.Tech,2023,TEXTILE TECHNOLOGY,TTP-506,"Costing, Project formulation and Appraisal",Mid Sem,https://v1.nitj.ac.in/erp/academic_repository/uploads/JkozuDV6ZyBmOt8n.pdf,
January-June 2024,M.Tech,2023,TEXTILE TECHNOLOGY,TTP-506,"Costing, Project formulation and Appraisal",End Sem,https://v1.nitj.ac.in/erp/academic_repository/uploads/GrYdjvklu2Ic8PnW.pdf,
January-June 2024,M.Tech,2023,VLSI DESIGN,EC-522,Embedded Systems Design,Mid Sem,https://v1.nitj.ac.in/erp/academic_repository/uploads/UodcnjHN1VkL8Xel.pdf,
January-June 2024,M.Tech,2023,VLSI DESIGN,EC-522,Embedded Systems Design,End Sem,https://v1.nitj.ac.in/erp/academic_repository/uploads/5DMUh36RYP2piW0Z.pdf,
January-June 2024,M.Tech,2023,VLSI DESIGN,EC-524,Analog IC Design,Mid Sem,https://v1.nitj.ac.in/erp/academic_repository/uploads/MeSkVGD1FCxEUs8d.pdf,
January-June 2024,M.Tech,2023,VLSI DESIGN,EC-524,Analog IC Design,End Sem,https://v1.nitj.ac.in/erp/academic_repository/uploads/g5kI0mpjLUbCvcSV.pdf,
January-June 2024,M.Tech,2023,VLSI DESIGN,EC-526,IC Fabrication,Mid Sem,https://v1.nitj.ac.in/erp/academic_repository/uploads/6Yg0OsZ9hM3duGTm.pdf,
January-June 2024,M.Tech,2023,VLSI DESIGN,EC-526,IC Fabrication,End Sem,https://v1.nitj.ac.in/erp/academic_repository/uploads/ZOX1nHIBlRidTFy3.pdf,
January-June 2024,M.Tech,2023,VLSI DESIGN,EC-617,Data Communication Network,Mid Sem,https://v1.nitj.ac.in/erp/academic_repository/uploads/VzG0lExknQdcgue8.pdf,
January-June 2024,M.Tech,2023,VLSI DESIGN,EC-617,Data Communication Network,End Sem,https://v1.nitj.ac.in/erp/academic_repository/uploads/z7dBgrsXiUt0nHRb.pdf,
January-June 2024,M.Tech,2023,VLSI DESIGN,EC-631,Memory Design and Testing,Mid Sem,https://v1.nitj.ac.in/erp/academic_repository/uploads/GaYziTbkx6yWl8Lg.pdf,
January-June 2024,M.Tech,2023,VLSI DESIGN,EC-631,Memory Design and Testing,End Sem,https://v1.nitj.ac.in/erp/academic_repository/uploads/WeONA7kbKRiI0zJn.pdf,
January-June 2024,M.Tech,2023,VLSI DESIGN,EC-644,Solid State Circuits,Mid Sem,https://v1.nitj.ac.in/erp/academic_repository/uploads/cuY1o7tyC3vZn2xg.pdf,
January-June 2024,M.Tech,2023,VLSI DESIGN,EC-644,Solid State Circuits,End Sem,https://v1.nitj.ac.in/erp/academic_repository/uploads/8jnpRJUqrkgGdw9z.pdf,
January-June 2024,M.Tech,2022,POWER SYSTEMS AND RELIABILITY,PSR-504,Probability and Statistics,Mid Sem,https://v1.nitj.ac.in/erp/academic_repository/uploads/kbYnCvUPjRoxGfHQ.pdf,
January-June 2024,M.Tech,2022,POWER SYSTEMS AND RELIABILITY,PSR-504,Probability and Statistics,End Sem,https://v1.nitj.ac.in/erp/academic_repository/uploads/4njLFvC8lzSQykNx.pdf,
January-June 2024,M.Tech,2022,POWER SYSTEMS AND RELIABILITY,PSR-505,Quality Management,Mid Sem,https://v1.nitj.ac.in/erp/academic_repository/uploads/UQSjR64PasJhqADL.pdf,
January-June 2024,M.Tech,2022,POWER SYSTEMS AND RELIABILITY,PSR-505,Quality Management,End Sem,https://v1.nitj.ac.in/erp/academic_repository/uploads/kpnfChS3KVB2Wuri.pdf,
January-June 2024,M.Tech,2022,POWER SYSTEMS AND RELIABILITY,PSR-558,Earthquake Resistant Design of Structures,Mid Sem,https://v1.nitj.ac.in/erp/academic_repository/uploads/Spj4ACqNoG6r2bL5.pdf,
January-June 2024,M.Tech,2022,POWER SYSTEMS AND RELIABILITY,PSR-558,Earthquake Resistant Design of Structures,End Sem,https://v1.nitj.ac.in/erp/academic_repository/uploads/cfdKFIMOwajqPe6A.pdf,
January-June 2024,MBA,2023,HUMANITIES AND MANAGEMENT,HM-510,Research Methodology,Mid Sem,https://v1.nitj.ac.in/erp/academic_repository/uploads/pGDhov19dEzsjye3.pdf,
January-June 2024,MBA,2023,HUMANITIES AND MANAGEMENT,HM-510,Research Methodology,End Sem,https://v1.nitj.ac.in/erp/academic_repository/uploads/oZ065uVQ1trfbM9H.pdf,
January-June 2024,MBA,2023,HUMANITIES AND MANAGEMENT,HM-552,Cost and Management Accounting,Mid Sem,https://v1.nitj.ac.in/erp/academic_repository/uploads/QNnUKWC1tV4XZgAL.pdf,
January-June 2024,MBA,2023,HUMANITIES AND MANAGEMENT,HM-552,Cost and Management Accounting,End Sem,https://v1.nitj.ac.in/erp/academic_repository/uploads/qkQMTfgVAEwpB8K7.pdf,
January-June 2024,MBA,2023,HUMANITIES AND MANAGEMENT,HM-554,Financial Management,Mid Sem,https://v1.nitj.ac.in/erp/academic_repository/uploads/0bZfYRr13LmNXpow.pdf,
January-June 2024,MBA,2023,HUMANITIES AND MANAGEMENT,HM-554,Financial Management,End Sem,https://v1.nitj.ac.in/erp/academic_repository/uploads/xCXW2FLwgRzVQdH9.pdf,
January-June 2024,MBA,2023,HUMANITIES AND MANAGEMENT,HM-556,Human Resource Management,Mid Sem,https://v1.nitj.ac.in/erp/academic_repository/uploads/cU1bGMyfFNsl23j8.pdf,
January-June 2024,MBA,2023,HUMANITIES AND MANAGEMENT,HM-556,Human Resource Management,End Sem,https://v1.nitj.ac.in/erp/academic_repository/uploads/vS1QH2G4FqlLwfyO.pdf,
January-June 2024,MBA,2023,HUMANITIES AND MANAGEMENT,HM-558,Marketing Management,Mid Sem,https://v1.nitj.ac.in/erp/academic_repository/uploads/0aqixnsmokXcfyu9.pdf,
January-June 2024,MBA,2023,HUMANITIES AND MANAGEMENT,HM-558,Marketing Management,End Sem,https://v1.nitj.ac.in/erp/academic_repository/uploads/A17TWUGVxceFbdJh.pdf,
January-June 2024,MBA,2023,HUMANITIES AND MANAGEMENT,HM-562,International Business,Mid Sem,https://v1.nitj.ac.in/erp/academic_repository/uploads/WCrd3pPmH2M15lD7.pdf,
January-June 2024,MBA,2023,HUMANITIES AND MANAGEMENT,HM-562,International Business,End Sem,https://v1.nitj.ac.in/erp/academic_repository/uploads/eFROlXIQPEVms013.pdf,
January-June 2024,MBA,2022,HUMANITIES AND MANAGEMENT,HM-512,Operations Management,Mid Sem,https://v1.nitj.ac.in/erp/academic_repository/uploads/jWzbdro1sRmqNSxB.pdf,
January-June 2024,MBA,2022,HUMANITIES AND MANAGEMENT,HM-512,Operations Management,End Sem,https://v1.nitj.ac.in/erp/academic_repository/uploads/eL9zNBHC0dQPF7Ak.pdf,
January-June 2024,MBA,2022,HUMANITIES AND MANAGEMENT,HM-514,Information Technology in Management,Mid Sem,https://v1.nitj.ac.in/erp/academic_repository/uploads/0TEvhLDZIecO56bF.pdf,
January-June 2024,MBA,2022,HUMANITIES AND MANAGEMENT,HM-514,Information Technology in Management,End Sem,https://v1.nitj.ac.in/erp/academic_repository/uploads/UhHAduGoLqM589kn.pdf,
January-June 2024,MBA,2022,HUMANITIES AND MANAGEMENT,HM-516,Entrepreneurship Development and Management,Mid Sem,https://v1.nitj.ac.in/erp/academic_repository/uploads/oFjnL2rvu4WfgOlm.pdf,
January-June 2024,MBA,2022,HUMANITIES AND MANAGEMENT,HM-516,Entrepreneurship Development and Management,End Sem,https://v1.nitj.ac.in/erp/academic_repository/uploads/v7mkdTxi4XSMgCz2.pdf,
January-June 2024,MBA,2022,HUMANITIES AND MANAGEMENT,HM-518,Modern Marketing Practices,Mid Sem,https://v1.nitj.ac.in/erp/academic_repository/uploads/ckAvMJRwTIoYe2lh.pdf,
January-June 2024,MBA,2022,HUMANITIES AND MANAGEMENT,HM-518,Modern Marketing Practices,End Sem,https://v1.nitj.ac.in/erp/academic_repository/uploads/lf5Ms6u8Kp3mIyEU.pdf,
January-June 2024,MBA,2022,HUMANITIES AND MANAGEMENT,HM-520,Retail and Supply Chain Management,Mid Sem,https://v1.nitj.ac.in/erp/academic_repository/uploads/fYgyoLuTvJhCwUWa.pdf,
January-June 2024,MBA,2022,HUMANITIES AND MANAGEMENT,HM-520,Retail and Supply Chain Management,End Sem,https://v1.nitj.ac.in/erp/academic_repository/uploads/kI6gpsQerwUR3KAP.pdf,
January-June 2024,MBA,2022,HUMANITIES AND MANAGEMENT,HM-522,International Human Resource Management,Mid Sem,https://v1.nitj.ac.in/erp/academic_repository/uploads/lX04NwnH6SLboZ1x.pdf,
January-June 2024,MBA,2022,HUMANITIES AND MANAGEMENT,HM-522,International Human Resource Management,End Sem,https://v1.nitj.ac.in/erp/academic_repository/uploads/TODNXVktz3anqvwU.pdf,
January-June 2024,MBA,2022,HUMANITIES AND MANAGEMENT,HM-524,Organizational Change and Development,Mid Sem,https://v1.nitj.ac.in/erp/academic_repository/uploads/rPzB2fjFGo9mhwCc.pdf,
January-June 2024,MBA,2022,HUMANITIES AND MANAGEMENT,HM-524,Organizational Change and Development,End Sem,https://v1.nitj.ac.in/erp/academic_repository/uploads/VQAyx6ktcWeHZ32K.pdf,
January-June 2024,MBA,2022,HUMANITIES AND MANAGEMENT,HM-526,Investment and Portfolio Management,Mid Sem,https://v1.nitj.ac.in/erp/academic_repository/uploads/eSLytgqis3JPvX1O.pdf,
January-June 2024,MBA,2022,HUMANITIES AND MANAGEMENT,HM-526,Investment and Portfolio Management,End Sem,https://v1.nitj.ac.in/erp/academic_repository/uploads/EIdr1MhyTQj9PgDN.pdf,
January-June 2024,MBA,2022,HUMANITIES AND MANAGEMENT,HM-528,Derivative and Risk Management,Mid Sem,https://v1.nitj.ac.in/erp/academic_repository/uploads/2YkOq3X7ALBoESZi.pdf,
January-June 2024,MBA,2022,HUMANITIES AND MANAGEMENT,HM-528,Derivative and Risk Management,End Sem,https://v1.nitj.ac.in/erp/academic_repository/uploads/2rd3Ry6PQGYnf9HV.pdf,
January-June 2025,B.Sc.-B.Ed.,2024,INTEGRATED TEACHER EDUCATION PROGRAMME,EDCC0201,Child Development and Education Psychology,Mid Sem,https://v1.nitj.ac.in/erp/academic_repository/uploads/Q6UR4KOdCerloTXm.pdf,
January-June 2025,B.Sc.-B.Ed.,2024,INTEGRATED TEACHER EDUCATION PROGRAMME,EDCC0201,Child Development and Education Psychology,End Sem,https://v1.nitj.ac.in/erp/academic_repository/uploads/5NecIqyulwLCOsz0.pdf,
January-June 2025,B.Sc.-B.Ed.,2024,INTEGRATED TEACHER EDUCATION PROGRAMME,EDCC0202,Communication Skills-II,Mid Sem,https://v1.nitj.ac.in/erp/academic_repository/uploads/ZlvTQXWUhs6f0HiE.pdf,
January-June 2025,B.Sc.-B.Ed.,2024,INTEGRATED TEACHER EDUCATION PROGRAMME,EDCC0202,Communication Skills-II,End Sem,https://v1.nitj.ac.in/erp/academic_repository/uploads/OtbG6UncfuZYq2jm.pdf,
January-June 2025,B.Sc.-B.Ed.,2024,INTEGRATED TEACHER EDUCATION PROGRAMME,EDCC0203,Visual Arts and Creative Expressions,Mid Sem,https://v1.nitj.ac.in/erp/academic_repository/uploads/8iFeQJbMo6LRNVSr.pdf,
January-June 2025,B.Sc.-B.Ed.,2024,INTEGRATED TEACHER EDUCATION PROGRAMME,EDCC0203,Visual Arts and Creative Expressions,End Sem,https://v1.nitj.ac.in/erp/academic_repository/uploads/FvESpHBXs0tNW7Gd.pdf,
January-June 2025,B.Sc.-B.Ed.,2024,INTEGRATED TEACHER EDUCATION PROGRAMME,EDCY0201,Organic Chemistry-I,Mid Sem,https://v1.nitj.ac.in/erp/academic_repository/uploads/1dkfovGAp9HxNY0M.pdf,
January-June 2025,B.Sc.-B.Ed.,2024,INTEGRATED TEACHER EDUCATION PROGRAMME,EDCY0201,Organic Chemistry-I,End Sem,https://v1.nitj.ac.in/erp/academic_repository/uploads/lvNa1TR8JF3qDVcj.pdf,
January-June 2025,B.Sc.-B.Ed.,2024,INTEGRATED TEACHER EDUCATION PROGRAMME,EDEC0201,Hindi-II,Mid Sem,https://v1.nitj.ac.in/erp/academic_repository/uploads/1GTXQCpkH3bIjMJu.pdf,
January-June 2025,B.Sc.-B.Ed.,2024,INTEGRATED TEACHER EDUCATION PROGRAMME,EDEC0201,Hindi-II,End Sem,https://v1.nitj.ac.in/erp/academic_repository/uploads/oKDh7Jfu4mkWsdXH.pdf,
January-June 2025,B.Sc.-B.Ed.,2024,INTEGRATED TEACHER EDUCATION PROGRAMME,EDEC0202,Punjabi-II,Mid Sem,https://v1.nitj.ac.in/erp/academic_repository/uploads/L9N760RhslidGuZA.pdf,
January-June 2025,B.Sc.-B.Ed.,2024,INTEGRATED TEACHER EDUCATION PROGRAMME,EDEC0202,Punjabi-II,End Sem,https://v1.nitj.ac.in/erp/academic_repository/uploads/rnzXIA7ftq3LyxDW.pdf,
January-June 2025,B.Sc.-B.Ed.,2024,INTEGRATED TEACHER EDUCATION PROGRAMME,EDIT0201,Python Programming: IT-I,Mid Sem,https://v1.nitj.ac.in/erp/academic_repository/uploads/grMy0VKG54N7aUB3.pdf,
January-June 2025,B.Sc.-B.Ed.,2024,INTEGRATED TEACHER EDUCATION PROGRAMME,EDIT0201,Python Programming: IT-I,End Sem,https://v1.nitj.ac.in/erp/academic_repository/uploads/PAhGormCD4l60Q39.pdf,
January-June 2025,B.Sc.-B.Ed.,2024,INTEGRATED TEACHER EDUCATION PROGRAMME,EDMA0201,Numerical Methods & Statistics : Maths-II,Mid Sem,https://v1.nitj.ac.in/erp/academic_repository/uploads/J75bCdRTrP2yeNG1.pdf,
January-June 2025,B.Sc.-B.Ed.,2024,INTEGRATED TEACHER EDUCATION PROGRAMME,EDMA0201,Numerical Methods & Statistics : Maths-II,End Sem,https://v1.nitj.ac.in/erp/academic_repository/uploads/19WfrB0LgMmDYtOK.pdf,
January-June 2025,B.Sc.-B.Ed.,2024,INTEGRATED TEACHER EDUCATION PROGRAMME,EDMA0202,Linear Algebra,Mid Sem,https://v1.nitj.ac.in/erp/academic_repository/uploads/N2O4C9oi3Vj6zFEJ.pdf,
January-June 2025,B.Sc.-B.Ed.,2024,INTEGRATED TEACHER EDUCATION PROGRAMME,EDMA0202,Linear Algebra,End Sem,https://v1.nitj.ac.in/erp/academic_repository/uploads/zcKq1Y3jg5wfEP4l.pdf,
January-June 2025,B.Sc.-B.Ed.,2024,INTEGRATED TEACHER EDUCATION PROGRAMME,EDPH0201,Mathematical Physics,Mid Sem,https://v1.nitj.ac.in/erp/academic_repository/uploads/6q5EQ2ckv4Yj8TAC.pdf,
January-June 2025,B.Sc.-B.Ed.,2024,INTEGRATED TEACHER EDUCATION PROGRAMME,EDPH0201,Mathematical Physics,End Sem,https://v1.nitj.ac.in/erp/academic_repository/uploads/vwmc3NdtMpUz18is.pdf,
January-June 2025,B.Sc.-B.Ed.,2023,INTEGRATED TEACHER EDUCATION PROGRAMME,CYMI0403,Organic Chemistry M-II,Mid Sem,https://v1.nitj.ac.in/erp/academic_repository/uploads/0okp9TCWzBS8FZib.pdf,
January-June 2025,B.Sc.-B.Ed.,2023,INTEGRATED TEACHER EDUCATION PROGRAMME,CYMI0403,Organic Chemistry M-II,End Sem,https://v1.nitj.ac.in/erp/academic_repository/uploads/uxWnjwlhI2D5Pf3c.pdf,
January-June 2025,B.Sc.-B.Ed.,2023,INTEGRATED TEACHER EDUCATION PROGRAMME,CYMI0404,Physical Chemistry M-II,Mid Sem,https://v1.nitj.ac.in/erp/academic_repository/uploads/YpCUeq3JkwEuWR5O.pdf,
January-June 2025,B.Sc.-B.Ed.,2023,INTEGRATED TEACHER EDUCATION PROGRAMME,CYMI0404,Physical Chemistry M-II,End Sem,https://v1.nitj.ac.in/erp/academic_repository/uploads/XUfpKV2c9ISgeJhu.pdf,
January-June 2025,B.Sc.-B.Ed.,2023,INTEGRATED TEACHER EDUCATION PROGRAMME,CYMJ0401,Physical Chemistry-III,Mid Sem,https://v1.nitj.ac.in/erp/academic_repository/uploads/ia7Rbp3LN5VIKdSm.pdf,
January-June 2025,B.Sc.-B.Ed.,2023,INTEGRATED TEACHER EDUCATION PROGRAMME,CYMJ0401,Physical Chemistry-III,End Sem,https://v1.nitj.ac.in/erp/academic_repository/uploads/SrH126z9YZuKIPAD.pdf,
January-June 2025,B.Sc.-B.Ed.,2023,INTEGRATED TEACHER EDUCATION PROGRAMME,CYMJ0402,Inorganic Chemistry-III,Mid Sem,https://v1.nitj.ac.in/erp/academic_repository/uploads/CQPduKGwOzhpysRA.pdf,
January-June 2025,B.Sc.-B.Ed.,2023,INTEGRATED TEACHER EDUCATION PROGRAMME,CYMJ0402,Inorganic Chemistry-III,End Sem,https://v1.nitj.ac.in/erp/academic_repository/uploads/PmFzcBsfuk64AoEO.pdf,
January-June 2025,B.Sc.-B.Ed.,2023,INTEGRATED TEACHER EDUCATION PROGRAMME,HMMJ0401,Philosophical & Sociological Perspective of Education-I,Mid Sem,https://v1.nitj.ac.in/erp/academic_repository/uploads/cuMqtTy0AINiLH7E.pdf,
January-June 2025,B.Sc.-B.Ed.,2023,INTEGRATED TEACHER EDUCATION PROGRAMME,HMMJ0401,Philosophical & Sociological Perspective of Education-I,End Sem,https://v1.nitj.ac.in/erp/academic_repository/uploads/2AjeGCsixa4fwyDc.pdf,
January-June 2025,B.Sc.-B.Ed.,2023,INTEGRATED TEACHER EDUCATION PROGRAMME,HMMJ0402,Stage Specific Content-cum-Pedagogy Courses-II,Mid Sem,https://v1.nitj.ac.in/erp/academic_repository/uploads/huyGjfKEWg0FtoBn.pdf,
January-June 2025,B.Sc.-B.Ed.,2023,INTEGRATED TEACHER EDUCATION PROGRAMME,HMMJ0402,Stage Specific Content-cum-Pedagogy Courses-II,End Sem,https://v1.nitj.ac.in/erp/academic_repository/uploads/yctoX1rM8zOQTqVh.pdf,
January-June 2025,B.Sc.-B.Ed.,2023,INTEGRATED TEACHER EDUCATION PROGRAMME,MAMI0403,Elementary Mathematics-V,Mid Sem,https://v1.nitj.ac.in/erp/academic_repository/uploads/jkQKIXW9xHYhMFrn.pdf,
January-June 2025,B.Sc.-B.Ed.,2023,INTEGRATED TEACHER EDUCATION PROGRAMME,MAMI0403,Elementary Mathematics-V,End Sem,https://v1.nitj.ac.in/erp/academic_repository/uploads/6YWoAyxeF5Dd7pSg.pdf,
January-June 2025,B.Sc.-B.Ed.,2023,INTEGRATED TEACHER EDUCATION PROGRAMME,MAMI0404,Elementary Mathematics-IV,Mid Sem,https://v1.nitj.ac.in/erp/academic_repository/uploads/74KE6wMf5SpoVgyA.pdf,
January-June 2025,B.Sc.-B.Ed.,2023,INTEGRATED TEACHER EDUCATION PROGRAMME,MAMI0404,Elementary Mathematics-IV,End Sem,https://v1.nitj.ac.in/erp/academic_repository/uploads/dZhgzAc2TQMYS9UF.pdf,
January-June 2025,B.Sc.-B.Ed.,2023,INTEGRATED TEACHER EDUCATION PROGRAMME,MAMJ0401,Metric Spaces and Complex Analysis,Mid Sem,https://v1.nitj.ac.in/erp/academic_repository/uploads/xnriNdylKZb5MY0e.pdf,
January-June 2025,B.Sc.-B.Ed.,2023,INTEGRATED TEACHER EDUCATION PROGRAMME,MAMJ0401,Metric Spaces and Complex Analysis,End Sem,https://v1.nitj.ac.in/erp/academic_repository/uploads/ZQgMWDtX1s89Cbwz.pdf,
January-June 2025,B.Sc.-B.Ed.,2023,INTEGRATED TEACHER EDUCATION PROGRAMME,MAMJ0402,Numerical Methods,Mid Sem,https://v1.nitj.ac.in/erp/academic_repository/uploads/CKty0Vjkmg92pzDq.pdf,
January-June 2025,B.Sc.-B.Ed.,2023,INTEGRATED TEACHER EDUCATION PROGRAMME,MAMJ0402,Numerical Methods,End Sem,https://v1.nitj.ac.in/erp/academic_repository/uploads/1SEw8mDFxfh3zB5v.pdf,
January-June 2025,B.Sc.-B.Ed.,2023,INTEGRATED TEACHER EDUCATION PROGRAMME,PHMI0403,Oscillations Waves and Optics,Mid Sem,https://v1.nitj.ac.in/erp/academic_repository/uploads/SH8eVc6JsqKM2uOB.pdf,
January-June 2025,B.Sc.-B.Ed.,2023,INTEGRATED TEACHER EDUCATION PROGRAMME,PHMI0403,Oscillations Waves and Optics,End Sem,https://v1.nitj.ac.in/erp/academic_repository/uploads/dPAgYipqzoBcGI1C.pdf,
January-June 2025,B.Sc.-B.Ed.,2023,INTEGRATED TEACHER EDUCATION PROGRAMME,PHMI0404,Modern Physics-I,Mid Sem,https://v1.nitj.ac.in/erp/academic_repository/uploads/QFzJRd32EhWL6Zoy.pdf,
January-June 2025,B.Sc.-B.Ed.,2023,INTEGRATED TEACHER EDUCATION PROGRAMME,PHMI0404,Modern Physics-I,End Sem,https://v1.nitj.ac.in/erp/academic_repository/uploads/vJMWbntNsVgOBXRE.pdf,
January-June 2025,B.Sc.-B.Ed.,2023,INTEGRATED TEACHER EDUCATION PROGRAMME,PHMJ0401,Relativity and Quantum Mechanics,Mid Sem,https://v1.nitj.ac.in/erp/academic_repository/uploads/nPF3DNKvOLRqaZJc.pdf,
January-June 2025,B.Sc.-B.Ed.,2023,INTEGRATED TEACHER EDUCATION PROGRAMME,PHMJ0401,Relativity and Quantum Mechanics,End Sem,https://v1.nitj.ac.in/erp/academic_repository/uploads/q9dLuvzCDAJ3fsY8.pdf,
January-June 2025,B.Sc.-B.Ed.,2023,INTEGRATED TEACHER EDUCATION PROGRAMME,PHMJ0402,Optics,Mid Sem,https://v1.nitj.ac.in/erp/academic_repository/uploads/E620mCTxUQunWL5X.pdf,
January-June 2025,B.Sc.-B.Ed.,2023,INTEGRATED TEACHER EDUCATION PROGRAMME,PHMJ0402,Optics,End Sem,https://v1.nitj.ac.in/erp/academic_repository/uploads/fW8ORLHnzp906Mhq.pdf,
January-June 2025,B.Tech,2024,B.Tech First Year,BTDC0102,Bioprocess Calculation,Mid Sem,https://v1.nitj.ac.in/erp/academic_repository/uploads/wehguAVnRTZ3OPlW.pdf,
January-June 2025,B.Tech,2024,B.Tech First Year,BTDC0102,Bioprocess Calculation,End Sem,https://v1.nitj.ac.in/erp/academic_repository/uploads/0fPhVz3YsJnyMZIU.pdf,
January-June 2025,B.Tech,2024,B.Tech First Year,CEDC0102,Strength of Material,Mid Sem,https://v1.nitj.ac.in/erp/academic_repository/uploads/bSZM5aBRvhecyFpX.pdf,
January-June 2025,B.Tech,2024,B.Tech First Year,CEDC0102,Strength of Material,End Sem,https://v1.nitj.ac.in/erp/academic_repository/uploads/U7RqNI9iHVyMCPJ0.pdf,
January-June 2025,B.Tech,2024,B.Tech First Year,CHDC0102,Industrial Pollution Abatement,Mid Sem,https://v1.nitj.ac.in/erp/academic_repository/uploads/nxgFt5aM8Kvq43iV.pdf,
January-June 2025,B.Tech,2024,B.Tech First Year,CHDC0102,Industrial Pollution Abatement,End Sem,https://v1.nitj.ac.in/erp/academic_repository/uploads/lmuhk0vzeo2KSiYD.pdf,
January-June 2025,B.Tech,2024,B.Tech First Year,CSDC0102,Discrete Structures,Mid Sem,https://v1.nitj.ac.in/erp/academic_repository/uploads/cnwJrthukszEFVAL.pdf,
January-June 2025,B.Tech,2024,B.Tech First Year,CSDC0102,Discrete Structures,End Sem,https://v1.nitj.ac.in/erp/academic_repository/uploads/DlCV06RNWrToeUL2.pdf,
January-June 2025,B.Tech,2024,B.Tech First Year,CSFC0101,Computer Programming,Mid Sem,https://v1.nitj.ac.in/erp/academic_repository/uploads/i1hlbrMEpJZxV6aF.pdf,
January-June 2025,B.Tech,2024,B.Tech First Year,CSFC0101,Computer Programming,End Sem,https://v1.nitj.ac.in/erp/academic_repository/uploads/hWBrNLIwv2THqXty.pdf,
January-June 2025,B.Tech,2024,B.Tech First Year,CYFC0104,Applied Chemistry,Mid Sem,https://v1.nitj.ac.in/erp/academic_repository/uploads/Y9XHxLnaAjTF6yEO.pdf,
January-June 2025,B.Tech,2024,B.Tech First Year,CYFC0104,Applied Chemistry,End Sem,https://v1.nitj.ac.in/erp/academic_repository/uploads/8kijGxTwSaU4uHZn.pdf,
January-June 2025,B.Tech,2024,B.Tech First Year,ECDC0102,Basic Electronics,Mid Sem,https://v1.nitj.ac.in/erp/academic_repository/uploads/m1bOJatPLd0zScID.pdf,
January-June 2025,B.Tech,2024,B.Tech First Year,ECDC0102,Basic Electronics,End Sem,https://v1.nitj.ac.in/erp/academic_repository/uploads/iSgysmtJbRrFI4MY.pdf,
January-June 2025,B.Tech,2024,B.Tech First Year,ECFC0102,Elements of Electronics Engineering,Mid Sem,https://v1.nitj.ac.in/erp/academic_repository/uploads/IKwrYR2Mu4tkTeJ3.pdf,
January-June 2025,B.Tech,2024,B.Tech First Year,ECFC0102,Elements of Electronics Engineering,End Sem,https://v1.nitj.ac.in/erp/academic_repository/uploads/o8QwYSr4g7R5xpsh.pdf,
January-June 2025,B.Tech,2024,B.Tech First Year,ECFC0104,Basic Electronics,Mid Sem,https://v1.nitj.ac.in/erp/academic_repository/uploads/JKvDVQtq6dWuYmlU.pdf,
January-June 2025,B.Tech,2024,B.Tech First Year,ECFC0104,Basic Electronics,End Sem,https://v1.nitj.ac.in/erp/academic_repository/uploads/udPXk34GpyOnVt0m.pdf,
January-June 2025,B.Tech,2024,B.Tech First Year,EEDC0102,EMF Theory,Mid Sem,https://v1.nitj.ac.in/erp/academic_repository/uploads/02HNyLPg57jfUKQO.pdf,
January-June 2025,B.Tech,2024,B.Tech First Year,EEDC0102,EMF Theory,End Sem,https://v1.nitj.ac.in/erp/academic_repository/uploads/0Dbdg38xk5zCFmHo.pdf,
January-June 2025,B.Tech,2024,B.Tech First Year,EEFC0102,Basic Electrical Sciences,Mid Sem,https://v1.nitj.ac.in/erp/academic_repository/uploads/T9USwIGgolXOba2E.pdf,
January-June 2025,B.Tech,2024,B.Tech First Year,EEFC0102,Basic Electrical Sciences,End Sem,https://v1.nitj.ac.in/erp/academic_repository/uploads/1yq6CF8G9mBAxkVi.pdf,
January-June 2025,B.Tech,2024,B.Tech First Year,HMFC0101,English Communication and Report Writing,Mid Sem,https://v1.nitj.ac.in/erp/academic_repository/uploads/SbFdD30wWij9cX5v.pdf,
January-June 2025,B.Tech,2024,B.Tech First Year,HMFC0101,English Communication and Report Writing,End Sem,https://v1.nitj.ac.in/erp/academic_repository/uploads/v0B7LIWbVpYhXoNj.pdf,
January-June 2025,B.Tech,2024,B.Tech First Year,HMFC0102,Management Principles and Indian Constitutional Values,Mid Sem,https://v1.nitj.ac.in/erp/academic_repository/uploads/2b7OH150FJT8RWKq.pdf,
January-June 2025,B.Tech,2024,B.Tech First Year,HMFC0102,Management Principles and Indian Constitutional Values,End Sem,https://v1.nitj.ac.in/erp/academic_repository/uploads/xWjh5ywYJNelnRgb.pdf,
January-June 2025,B.Tech,2024,B.Tech First Year,ICDC0102,Basic Electronics and Instrumentation Engineering,Mid Sem,https://v1.nitj.ac.in/erp/academic_repository/uploads/wY7A1UOm5DKuZiGc.pdf,
January-June 2025,B.Tech,2024,B.Tech First Year,ICDC0102,Basic Electronics and Instrumentation Engineering,End Sem,https://v1.nitj.ac.in/erp/academic_repository/uploads/JV0PmkRnWOAh6vxo.pdf,
January-June 2025,B.Tech,2024,B.Tech First Year,ICFC0102,Elements of Electrical and Electronics Engineering,Mid Sem,https://v1.nitj.ac.in/erp/academic_repository/uploads/aEQz3oeOPwbBMv6K.pdf,
January-June 2025,B.Tech,2024,B.Tech First Year,ICFC0102,Elements of Electrical and Electronics Engineering,End Sem,https://v1.nitj.ac.in/erp/academic_repository/uploads/9YyXmpGKTfM4gnOF.pdf,
January-June 2025,B.Tech,2024,B.Tech First Year,IDFC0101,Environmental Sciences,Mid Sem,https://v1.nitj.ac.in/erp/academic_repository/uploads/ZXWqTyPQmE5fGv8p.pdf,
January-June 2025,B.Tech,2024,B.Tech First Year,IDFC0101,Environmental Sciences,End Sem,https://v1.nitj.ac.in/erp/academic_repository/uploads/Inf6i3cN27A8JawL.pdf,
January-June 2025,B.Tech,2024,B.Tech First Year,IPDC0102,Manufacturing Processes,Mid Sem,https://v1.nitj.ac.in/erp/academic_repository/uploads/uZ8pTt6KfxCYDmi4.pdf,
January-June 2025,B.Tech,2024,B.Tech First Year,IPDC0102,Manufacturing Processes,End Sem,https://v1.nitj.ac.in/erp/academic_repository/uploads/571al2cHMvxkTAZN.pdf,
January-June 2025,B.Tech,2024,B.Tech First Year,IPFC0101,Engineering Graphics and CAD,Mid Sem,https://v1.nitj.ac.in/erp/academic_repository/uploads/S4nwqCQdtrFGlDY5.pdf,
January-June 2025,B.Tech,2024,B.Tech First Year,IPFC0101,Engineering Graphics and CAD,End Sem,https://v1.nitj.ac.in/erp/academic_repository/uploads/QXyJzMLCE9s73BqP.pdf,
January-June 2025,B.Tech,2024,B.Tech First Year,ITDC0102,Introduction to Digital Circuits and Communications,Mid Sem,https://v1.nitj.ac.in/erp/academic_repository/uploads/KQwEqOy7MVo9alP4.pdf,
January-June 2025,B.Tech,2024,B.Tech First Year,ITDC0102,Introduction to Digital Circuits and Communications,End Sem,https://v1.nitj.ac.in/erp/academic_repository/uploads/u3NMfiY0aynG4BCD.pdf,
January-June 2025,B.Tech,2024,B.Tech First Year,ITFC0101,Problem Solving using Python,Mid Sem,https://v1.nitj.ac.in/erp/academic_repository/uploads/zWuiIpBKjSqrlwn6.pdf,
January-June 2025,B.Tech,2024,B.Tech First Year,ITFC0101,Problem Solving using Python,End Sem,https://v1.nitj.ac.in/erp/academic_repository/uploads/hUSoJ2w854kBnevt.pdf,
January-June 2025,B.Tech,2024,B.Tech First Year,MADC0102,Linear Algebra,Mid Sem,https://v1.nitj.ac.in/erp/academic_repository/uploads/DFH4mXxMTfkl0uZh.pdf,
January-June 2025,B.Tech,2024,B.Tech First Year,MADC0102,Linear Algebra,End Sem,https://v1.nitj.ac.in/erp/academic_repository/uploads/LuhfAcwISsqyzJZ4.pdf,
January-June 2025,B.Tech,2024,B.Tech First Year,MAFC0101,Mathematics-I,Mid Sem,https://v1.nitj.ac.in/erp/academic_repository/uploads/SDk47wQjpHTvWNac.pdf,
January-June 2025,B.Tech,2024,B.Tech First Year,MAFC0101,Mathematics-I,End Sem,https://v1.nitj.ac.in/erp/academic_repository/uploads/DoVyMHdkwC7EO8N0.pdf,
January-June 2025,B.Tech,2024,B.Tech First Year,MAFC0102,Mathematics-II,Mid Sem,https://v1.nitj.ac.in/erp/academic_repository/uploads/IX1j5ZlzEKgT84Fw.pdf,
January-June 2025,B.Tech,2024,B.Tech First Year,MAFC0102,Mathematics-II,End Sem,https://v1.nitj.ac.in/erp/academic_repository/uploads/ZnikBU2yoa7hLAr0.pdf,
January-June 2025,B.Tech,2024,B.Tech First Year,MEDC0102,Engineering Mechanics of Solids,Mid Sem,https://v1.nitj.ac.in/erp/academic_repository/uploads/hZmiEkYMwdKBj1R3.pdf,
January-June 2025,B.Tech,2024,B.Tech First Year,MEDC0102,Engineering Mechanics of Solids,End Sem,https://v1.nitj.ac.in/erp/academic_repository/uploads/FCvdZ5SWq1Eh4YKD.pdf,
January-June 2025,B.Tech,2024,B.Tech First Year,MEFC0102,Elements of Mechanical Engineering,Mid Sem,https://v1.nitj.ac.in/erp/academic_repository/uploads/kNfnb841HcCI3Plz.pdf,
January-June 2025,B.Tech,2024,B.Tech First Year,MEFC0102,Elements of Mechanical Engineering,End Sem,https://v1.nitj.ac.in/erp/academic_repository/uploads/4a3h69cSjyepVnKQ.pdf,
January-June 2025,B.Tech,2024,B.Tech First Year,MEFC0104,Element of Mechanical Engineering,Mid Sem,https://v1.nitj.ac.in/erp/academic_repository/uploads/IESXFnCWkf4KOiGa.pdf,
January-June 2025,B.Tech,2024,B.Tech First Year,MEFC0104,Element of Mechanical Engineering,End Sem,https://v1.nitj.ac.in/erp/academic_repository/uploads/Cod6FTBJSDLrUq84.pdf,
January-June 2025,B.Tech,2024,B.Tech First Year,PHFC0102,Applied Physics,Mid Sem,https://v1.nitj.ac.in/erp/academic_repository/uploads/lZOzVTv07nGgtbML.pdf,
January-June 2025,B.Tech,2024,B.Tech First Year,PHFC0102,Applied Physics,End Sem,https://v1.nitj.ac.in/erp/academic_repository/uploads/gNP0rWlLE9Itk7VR.pdf,
January-June 2025,B.Tech,2024,B.Tech First Year,TTDC0102,Natural Fibres,Mid Sem,https://v1.nitj.ac.in/erp/academic_repository/uploads/FtnORy6daJTU0IKP.pdf,
January-June 2025,B.Tech,2024,B.Tech First Year,TTDC0102,Natural Fibres,End Sem,https://v1.nitj.ac.in/erp/academic_repository/uploads/Toxz1n53HM9abYKC.pdf,
January-June 2025,B.Tech,2023,BIO TECHNOLOGY,BTDC0202,Genetic Engineering,Mid Sem,https://v1.nitj.ac.in/erp/academic_repository/uploads/K1QTleziR6H4UCZm.pdf,
January-June 2025,B.Tech,2023,BIO TECHNOLOGY,BTDC0202,Genetic Engineering,End Sem,https://v1.nitj.ac.in/erp/academic_repository/uploads/YP5VjkpfZQTwW28d.pdf,
January-June 2025,B.Tech,2023,BIO TECHNOLOGY,BTDC0204,Bioprocess Equipment Design and Economics,Mid Sem,https://v1.nitj.ac.in/erp/academic_repository/uploads/GVji68yJ9FBe3dut.pdf,
January-June 2025,B.Tech,2023,BIO TECHNOLOGY,BTDC0204,Bioprocess Equipment Design and Economics,End Sem,https://v1.nitj.ac.in/erp/academic_repository/uploads/rAe3y7B5HdDvWQbs.pdf,
January-June 2025,B.Tech,2023,BIO TECHNOLOGY,BTDC0206,Enzyme Engineering and Technology,Mid Sem,https://v1.nitj.ac.in/erp/academic_repository/uploads/d8vVGyNFM6leC23X.pdf,
January-June 2025,B.Tech,2023,BIO TECHNOLOGY,BTDC0206,Enzyme Engineering and Technology,End Sem,https://v1.nitj.ac.in/erp/academic_repository/uploads/htnUkbcETJoXSwV1.pdf,
January-June 2025,B.Tech,2023,BIO TECHNOLOGY,BTDC0208,Industrial Biotechnology,Mid Sem,https://v1.nitj.ac.in/erp/academic_repository/uploads/bxTzkwW5LY2ZcsSD.pdf,
January-June 2025,B.Tech,2023,BIO TECHNOLOGY,BTDC0208,Industrial Biotechnology,End Sem,https://v1.nitj.ac.in/erp/academic_repository/uploads/dqXDauzH40bEY27m.pdf,
January-June 2025,B.Tech,2023,BIO TECHNOLOGY,CHDC0282,Heat and Mass Transfer,Mid Sem,https://v1.nitj.ac.in/erp/academic_repository/uploads/kah5IUulXfHjqPMb.pdf,
January-June 2025,B.Tech,2023,BIO TECHNOLOGY,CHDC0282,Heat and Mass Transfer,End Sem,https://v1.nitj.ac.in/erp/academic_repository/uploads/4iI6UmZz01x9nJXD.pdf,
January-June 2025,B.Tech,2023,BIO TECHNOLOGY,CSDC0203,Object Oriented Programming,Mid Sem,https://v1.nitj.ac.in/erp/academic_repository/uploads/8KjtbaSzBwGpqycu.pdf,
January-June 2025,B.Tech,2023,BIO TECHNOLOGY,CSDC0203,Object Oriented Programming,End Sem,https://v1.nitj.ac.in/erp/academic_repository/uploads/gNwD50rvnKceqEah.pdf,
January-June 2025,B.Tech,2023,CIVIL ENGINEERING,CEDC0202,Structural Analysis I,Mid Sem,https://v1.nitj.ac.in/erp/academic_repository/uploads/a9rIywW57qXASc1d.pdf,
January-June 2025,B.Tech,2023,CIVIL ENGINEERING,CEDC0202,Structural Analysis I,End Sem,https://v1.nitj.ac.in/erp/academic_repository/uploads/my3v2Du0SRTNlAQw.pdf,
January-June 2025,B.Tech,2023,CIVIL ENGINEERING,CEDC0204,Waste Water Engineering,Mid Sem,https://v1.nitj.ac.in/erp/academic_repository/uploads/xXZFohI3KEmiYj2U.pdf,
January-June 2025,B.Tech,2023,CIVIL ENGINEERING,CEDC0204,Waste Water Engineering,End Sem,https://v1.nitj.ac.in/erp/academic_repository/uploads/ozYDRjntSaQbPCVI.pdf,
January-June 2025,B.Tech,2023,CIVIL ENGINEERING,CEDC0206,Irrigation and Water Resources Engineering,Mid Sem,https://v1.nitj.ac.in/erp/academic_repository/uploads/Yo2xsVqgpMwbuKXE.pdf,
January-June 2025,B.Tech,2023,CIVIL ENGINEERING,CEDC0206,Irrigation and Water Resources Engineering,End Sem,https://v1.nitj.ac.in/erp/academic_repository/uploads/13SDxUeLlpuOHREF.pdf,
January-June 2025,B.Tech,2023,CIVIL ENGINEERING,CEDC0208,Design of Steel Structures,Mid Sem,https://v1.nitj.ac.in/erp/academic_repository/uploads/0ZGRmYu4QnyFJLId.pdf,
January-June 2025,B.Tech,2023,CIVIL ENGINEERING,CEDC0208,Design of Steel Structures,End Sem,https://v1.nitj.ac.in/erp/academic_repository/uploads/qYeRbkghBIDCPafK.pdf,
January-June 2025,B.Tech,2023,CIVIL ENGINEERING,CEDC0210,Soil Mechanics,Mid Sem,https://v1.nitj.ac.in/erp/academic_repository/uploads/MCA4mJVdtn3y8OqP.pdf,
January-June 2025,B.Tech,2023,CIVIL ENGINEERING,CEDC0210,Soil Mechanics,End Sem,https://v1.nitj.ac.in/erp/academic_repository/uploads/LYESbz4MxHNWavc3.pdf,
January-June 2025,B.Tech,2023,CIVIL ENGINEERING,CEDC0212,"Estimation, Costing and Valuation",Mid Sem,https://v1.nitj.ac.in/erp/academic_repository/uploads/SJnos0CkytHVW8Y1.pdf,
January-June 2025,B.Tech,2023,CIVIL ENGINEERING,CEDC0212,"Estimation, Costing and Valuation",End Sem,https://v1.nitj.ac.in/erp/academic_repository/uploads/gz0jyFi3UD2hBlvk.pdf,
January-June 2025,B.Tech,2023,CHEMICAL ENGINEERING,CHDC0202,Heat Transfer,Mid Sem,https://v1.nitj.ac.in/erp/academic_repository/uploads/8IB5zo3aXw2H0ZMO.pdf,
January-June 2025,B.Tech,2023,CHEMICAL ENGINEERING,CHDC0202,Heat Transfer,End Sem,https://v1.nitj.ac.in/erp/academic_repository/uploads/YtDGSxwIZbH2eAnB.pdf,
January-June 2025,B.Tech,2023,CHEMICAL ENGINEERING,CHDC0204,Chemical Reaction Engineering-I,Mid Sem,https://v1.nitj.ac.in/erp/academic_repository/uploads/G8e0lFwT3u74ABbO.pdf,
January-June 2025,B.Tech,2023,CHEMICAL ENGINEERING,CHDC0204,Chemical Reaction Engineering-I,End Sem,https://v1.nitj.ac.in/erp/academic_repository/uploads/3is4GYnxpq2975L0.pdf,
January-June 2025,B.Tech,2023,CHEMICAL ENGINEERING,CHDC0206,Energy Technology,Mid Sem,https://v1.nitj.ac.in/erp/academic_repository/uploads/OiSTelZFMrg5mbzo.pdf,
January-June 2025,B.Tech,2023,CHEMICAL ENGINEERING,CHDC0206,Energy Technology,End Sem,https://v1.nitj.ac.in/erp/academic_repository/uploads/4QbnLTjaqc8EG9eP.pdf,
January-June 2025,B.Tech,2023,CHEMICAL ENGINEERING,CHDC0208,Chemical Engineering Thermodynamics,Mid Sem,https://v1.nitj.ac.in/erp/academic_repository/uploads/c2XoZT64n87rJ91s.pdf,
January-June 2025,B.Tech,2023,CHEMICAL ENGINEERING,CHDC0208,Chemical Engineering Thermodynamics,End Sem,https://v1.nitj.ac.in/erp/academic_repository/uploads/w7vfIU3iSt2ngOKz.pdf,
January-June 2025,B.Tech,2023,CHEMICAL ENGINEERING,CHDC0210,Mass Transfer-I,Mid Sem,https://v1.nitj.ac.in/erp/academic_repository/uploads/0fVqRXvOrw9C2due.pdf,
January-June 2025,B.Tech,2023,CHEMICAL ENGINEERING,CHDC0210,Mass Transfer-I,End Sem,https://v1.nitj.ac.in/erp/academic_repository/uploads/bGB5sqFU6fzy3rj2.pdf,
January-June 2025,B.Tech,2023,COMPUTER SCIENCE AND ENGINEERING,CSDC0202,Database Management System,Mid Sem,https://v1.nitj.ac.in/erp/academic_repository/uploads/J5jo2BWDtFP3Exbz.pdf,
January-June 2025,B.Tech,2023,COMPUTER SCIENCE AND ENGINEERING,CSDC0202,Database Management System,End Sem,https://v1.nitj.ac.in/erp/academic_repository/uploads/1dzjP94YTtvDigLM.pdf,
January-June 2025,B.Tech,2023,COMPUTER SCIENCE AND ENGINEERING,CSDC0204,Design and Analysis of Algorithms,Mid Sem,https://v1.nitj.ac.in/erp/academic_repository/uploads/DQCmavgfUNVr7Bqu.pdf,
January-June 2025,B.Tech,2023,COMPUTER SCIENCE AND ENGINEERING,CSDC0204,Design and Analysis of Algorithms,End Sem,https://v1.nitj.ac.in/erp/academic_repository/uploads/XMB5UOg9DjaZ8HYJ.pdf,
January-June 2025,B.Tech,2023,COMPUTER SCIENCE AND ENGINEERING,CSDC0206,Computer Networks,Mid Sem,https://v1.nitj.ac.in/erp/academic_repository/uploads/7HyUkxawX29mQTci.pdf,
January-June 2025,B.Tech,2023,COMPUTER SCIENCE AND ENGINEERING,CSDC0206,Computer Networks,End Sem,https://v1.nitj.ac.in/erp/academic_repository/uploads/joFTznLh1d57axEm.pdf,
January-June 2025,B.Tech,2023,COMPUTER SCIENCE AND ENGINEERING,CSDC0208,Formal Language and Automata Theory,Mid Sem,https://v1.nitj.ac.in/erp/academic_repository/uploads/3rpCtOaJ1REMiNqg.pdf,
January-June 2025,B.Tech,2023,COMPUTER SCIENCE AND ENGINEERING,CSDC0208,Formal Language and Automata Theory,End Sem,https://v1.nitj.ac.in/erp/academic_repository/uploads/3gcKhrZWVbyC0e79.pdf,
January-June 2025,B.Tech,2023,COMPUTER SCIENCE AND ENGINEERING,ECDC0214,Microprocessor and Microcontroller,Mid Sem,https://v1.nitj.ac.in/erp/academic_repository/uploads/pnz2hZCUKPH3qfXj.pdf,
January-June 2025,B.Tech,2023,COMPUTER SCIENCE AND ENGINEERING,ECDC0214,Microprocessor and Microcontroller,End Sem,https://v1.nitj.ac.in/erp/academic_repository/uploads/a9D1xV2oZWsS8Cf7.pdf,
January-June 2025,B.Tech,2023,DATA SCIENCE AND ENGINEERING,CSDC0202,Database Management System,Mid Sem,https://v1.nitj.ac.in/erp/academic_repository/uploads/yOL9RDCHBq1ZwFfh.pdf,
January-June 2025,B.Tech,2023,DATA SCIENCE AND ENGINEERING,CSDC0202,Database Management System,End Sem,https://v1.nitj.ac.in/erp/academic_repository/uploads/uZCePb9qos2im6Ny.pdf,
January-June 2025,B.Tech,2023,DATA SCIENCE AND ENGINEERING,CSDC0204,Design and Analysis of Algorithms,Mid Sem,https://v1.nitj.ac.in/erp/academic_repository/uploads/vjVJBiy8gAqSW0tr.pdf,
January-June 2025,B.Tech,2023,DATA SCIENCE AND ENGINEERING,CSDC0204,Design and Analysis of Algorithms,End Sem,https://v1.nitj.ac.in/erp/academic_repository/uploads/3ha2Ito7dOmrTCwQ.pdf,
January-June 2025,B.Tech,2023,DATA SCIENCE AND ENGINEERING,CSDC0206,Computer Networks,Mid Sem,https://v1.nitj.ac.in/erp/academic_repository/uploads/mvuDyF38jVUsYAwb.pdf,
January-June 2025,B.Tech,2023,DATA SCIENCE AND ENGINEERING,CSDC0206,Computer Networks,End Sem,https://v1.nitj.ac.in/erp/academic_repository/uploads/Yfy80MTdhLBgFEZc.pdf,
January-June 2025,B.Tech,2023,DATA SCIENCE AND ENGINEERING,CSDC0210,Natural Language Processing,Mid Sem,https://v1.nitj.ac.in/erp/academic_repository/uploads/2NfBdJ4WSIg9mkDs.pdf,
January-June 2025,B.Tech,2023,DATA SCIENCE AND ENGINEERING,CSDC0210,Natural Language Processing,End Sem,https://v1.nitj.ac.in/erp/academic_repository/uploads/VjNRy3dTJpiSuPze.pdf,
January-June 2025,B.Tech,2023,DATA SCIENCE AND ENGINEERING,CSDC0212,Mathematical Foundation for Data Science - II,Mid Sem,https://v1.nitj.ac.in/erp/academic_repository/uploads/dMPLfKsa7oJAyCx5.pdf,
January-June 2025,B.Tech,2023,DATA SCIENCE AND ENGINEERING,CSDC0212,Mathematical Foundation for Data Science - II,End Sem,https://v1.nitj.ac.in/erp/academic_repository/uploads/mzCFKZpuUPiVYyck.pdf,
January-June 2025,B.Tech,2023,ELECTRONICS AND COMMUNICATION ENGINEERING,CSDC0202,Database Management System,Mid Sem,https://v1.nitj.ac.in/erp/academic_repository/uploads/91Pmdqzt72gnKf5O.pdf,
January-June 2025,B.Tech,2023,ELECTRONICS AND COMMUNICATION ENGINEERING,CSDC0202,Database Management System,End Sem,https://v1.nitj.ac.in/erp/academic_repository/uploads/B3awFit9jqugKIfc.pdf,
January-June 2025,B.Tech,2023,ELECTRONICS AND COMMUNICATION ENGINEERING,ECDC0102,Basic Electronics,Mid Sem,https://v1.nitj.ac.in/erp/academic_repository/uploads/u23Ia47hPFoMtmfd.pdf,
January-June 2025,B.Tech,2023,ELECTRONICS AND COMMUNICATION ENGINEERING,ECDC0102,Basic Electronics,End Sem,https://v1.nitj.ac.in/erp/academic_repository/uploads/Am90oBws5hYbZ8fM.pdf,
January-June 2025,B.Tech,2023,ELECTRONICS AND COMMUNICATION ENGINEERING,ECDC0204,Analog Integrated Circuits,Mid Sem,https://v1.nitj.ac.in/erp/academic_repository/uploads/vw2IROrPxdkz1oCX.pdf,
January-June 2025,B.Tech,2023,ELECTRONICS AND COMMUNICATION ENGINEERING,ECDC0204,Analog Integrated Circuits,End Sem,https://v1.nitj.ac.in/erp/academic_repository/uploads/tvTPn1IA3zKslQ8S.pdf,
January-June 2025,B.Tech,2023,ELECTRONICS AND COMMUNICATION ENGINEERING,ECDC0206,Digital Communication Systems,Mid Sem,https://v1.nitj.ac.in/erp/academic_repository/uploads/nhd4fTBIySu2UweY.pdf,
January-June 2025,B.Tech,2023,ELECTRONICS AND COMMUNICATION ENGINEERING,ECDC0206,Digital Communication Systems,End Sem,https://v1.nitj.ac.in/erp/academic_repository/uploads/qWs9IZUErJgOV0xd.pdf,
January-June 2025,B.Tech,2023,ELECTRONICS AND COMMUNICATION ENGINEERING,ECDC0208,VLSI Circuit Design,Mid Sem,https://v1.nitj.ac.in/erp/academic_repository/uploads/kdgs1Ox3LrB7pi9l.pdf,
January-June 2025,B.Tech,2023,ELECTRONICS AND COMMUNICATION ENGINEERING,ECDC0208,VLSI Circuit Design,End Sem,https://v1.nitj.ac.in/erp/academic_repository/uploads/peQ8oVMyukhbEPHc.pdf,
January-June 2025,B.Tech,2023,ELECTRONICS AND COMMUNICATION ENGINEERING,ECDC0210,Probability and Stochastic Process,Mid Sem,https://v1.nitj.ac.in/erp/academic_repository/uploads/Eeu54BWO0Uw7rFkH.pdf,
January-June 2025,B.Tech,2023,ELECTRONICS AND COMMUNICATION ENGINEERING,ECDC0210,Probability and Stochastic Process,End Sem,https://v1.nitj.ac.in/erp/academic_repository/uploads/4s8vh9uNoxJ1Irki.pdf,
January-June 2025,B.Tech,2023,ELECTRICAL ENGINEERING,EEDC0204,Power Electronics,Mid Sem,https://v1.nitj.ac.in/erp/academic_repository/uploads/PicMzE6YHWk7ZdC1.pdf,
January-June 2025,B.Tech,2023,ELECTRICAL ENGINEERING,EEDC0204,Power Electronics,End Sem,https://v1.nitj.ac.in/erp/academic_repository/uploads/SMbZmqtH7FI0OXha.pdf,
January-June 2025,B.Tech,2023,ELECTRICAL ENGINEERING,EEDC0206,Introduction to Machine Learning,Mid Sem,https://v1.nitj.ac.in/erp/academic_repository/uploads/EguRxdnMjQD87ZiF.pdf,
January-June 2025,B.Tech,2023,ELECTRICAL ENGINEERING,EEDC0206,Introduction to Machine Learning,End Sem,https://v1.nitj.ac.in/erp/academic_repository/uploads/rlYVISRpzvjXfm8Z.pdf,
January-June 2025,B.Tech,2023,ELECTRICAL ENGINEERING,EEDC0208,Electrical Machines-II,Mid Sem,https://v1.nitj.ac.in/erp/academic_repository/uploads/1p8qLbP5EUX9hwWD.pdf,
January-June 2025,B.Tech,2023,ELECTRICAL ENGINEERING,EEDC0208,Electrical Machines-II,End Sem,https://v1.nitj.ac.in/erp/academic_repository/uploads/JEFh3La7iDvxKeQO.pdf,
January-June 2025,B.Tech,2023,ELECTRICAL ENGINEERING,EEDC0210,Generation of Electric Power,Mid Sem,https://v1.nitj.ac.in/erp/academic_repository/uploads/tBponmui3bNK4l7E.pdf,
January-June 2025,B.Tech,2023,ELECTRICAL ENGINEERING,EEDC0210,Generation of Electric Power,End Sem,https://v1.nitj.ac.in/erp/academic_repository/uploads/61nXbzDyRj853JSv.pdf,
January-June 2025,B.Tech,2023,ELECTRICAL ENGINEERING,ITDC0212,Fundamentals of Software Development,Mid Sem,https://v1.nitj.ac.in/erp/academic_repository/uploads/3bP8TYLCqXgMaFEH.pdf,
January-June 2025,B.Tech,2023,ELECTRICAL ENGINEERING,ITDC0212,Fundamentals of Software Development,End Sem,https://v1.nitj.ac.in/erp/academic_repository/uploads/jhDCYKwiz2TR1WUJ.pdf,
January-June 2025,B.Tech,2023,ELECTRICAL ENGINEERING,MCDC0206,Mathematics for Electrical Engineering,Mid Sem,https://v1.nitj.ac.in/erp/academic_repository/uploads/sXdElIr1t5Vg2CnR.pdf,
January-June 2025,B.Tech,2023,ELECTRICAL ENGINEERING,MCDC0206,Mathematics for Electrical Engineering,End Sem,https://v1.nitj.ac.in/erp/academic_repository/uploads/oPse2QG43ZxICyqz.pdf,
January-June 2025,B.Tech,2023,INSTRUMENTATION AND CONTROL ENGINEERING,CSDC0201,Data Structures and Algorithms,Mid Sem,https://v1.nitj.ac.in/erp/academic_repository/uploads/dVzqI0Cs7v9TuoUj.pdf,
January-June 2025,B.Tech,2023,INSTRUMENTATION AND CONTROL ENGINEERING,CSDC0201,Data Structures and Algorithms,End Sem,https://v1.nitj.ac.in/erp/academic_repository/uploads/sAKhtkaCW4boGUYL.pdf,
January-June 2025,B.Tech,2023,INSTRUMENTATION AND CONTROL ENGINEERING,ICDC0202,Electrical Machines,Mid Sem,https://v1.nitj.ac.in/erp/academic_repository/uploads/2waD7yqAErin9CPJ.pdf,
January-June 2025,B.Tech,2023,INSTRUMENTATION AND CONTROL ENGINEERING,ICDC0202,Electrical Machines,End Sem,https://v1.nitj.ac.in/erp/academic_repository/uploads/W7f03iqVagtSTsMd.pdf,
January-June 2025,B.Tech,2023,INSTRUMENTATION AND CONTROL ENGINEERING,ICDC0204,Signal Processing,Mid Sem,https://v1.nitj.ac.in/erp/academic_repository/uploads/CVSPxIbpBLR62yoY.pdf,
January-June 2025,B.Tech,2023,INSTRUMENTATION AND CONTROL ENGINEERING,ICDC0204,Signal Processing,End Sem,https://v1.nitj.ac.in/erp/academic_repository/uploads/ldF2u1e58h0rmkoQ.pdf,
January-June 2025,B.Tech,2023,INSTRUMENTATION AND CONTROL ENGINEERING,ICDC0206,Control System Engineering,Mid Sem,https://v1.nitj.ac.in/erp/academic_repository/uploads/2nRWVtN19M56jSpx.pdf,
January-June 2025,B.Tech,2023,INSTRUMENTATION AND CONTROL ENGINEERING,ICDC0206,Control System Engineering,End Sem,https://v1.nitj.ac.in/erp/academic_repository/uploads/uMsiK5nURkc3Gt7e.pdf,
January-June 2025,B.Tech,2023,INSTRUMENTATION AND CONTROL ENGINEERING,ICDC0208,Industrial Measurement Systems,Mid Sem,https://v1.nitj.ac.in/erp/academic_repository/uploads/1hk0RVla4xJSbvnu.pdf,
January-June 2025,B.Tech,2023,INSTRUMENTATION AND CONTROL ENGINEERING,ICDC0208,Industrial Measurement Systems,End Sem,https://v1.nitj.ac.in/erp/academic_repository/uploads/ImMRg3XunoH0NqC8.pdf,
January-June 2025,B.Tech,2023,INDUSTRIAL AND PRODUCTION ENGINEERING,IPDC0202,Data Analytics,Mid Sem,https://v1.nitj.ac.in/erp/academic_repository/uploads/seW9xLT1Ocn7qBbJ.pdf,
January-June 2025,B.Tech,2023,INDUSTRIAL AND PRODUCTION ENGINEERING,IPDC0202,Data Analytics,End Sem,https://v1.nitj.ac.in/erp/academic_repository/uploads/1Dwug6nUiRrQz8Vk.pdf,
January-June 2025,B.Tech,2023,INDUSTRIAL AND PRODUCTION ENGINEERING,IPDC0204,Mechanical Measurements and Metrology,Mid Sem,https://v1.nitj.ac.in/erp/academic_repository/uploads/U0q7oYQkaTzhieKN.pdf,
January-June 2025,B.Tech,2023,INDUSTRIAL AND PRODUCTION ENGINEERING,IPDC0204,Mechanical Measurements and Metrology,End Sem,https://v1.nitj.ac.in/erp/academic_repository/uploads/kXIyY2vzjsEem0BW.pdf,
January-June 2025,B.Tech,2023,INDUSTRIAL AND PRODUCTION ENGINEERING,IPDC0206,Theory of Machines and Design,Mid Sem,https://v1.nitj.ac.in/erp/academic_repository/uploads/dWr9l3XPjptbGeMK.pdf,
January-June 2025,B.Tech,2023,INDUSTRIAL AND PRODUCTION ENGINEERING,IPDC0206,Theory of Machines and Design,End Sem,https://v1.nitj.ac.in/erp/academic_repository/uploads/ZuoF9P50gJdIxRE6.pdf,
January-June 2025,B.Tech,2023,INDUSTRIAL AND PRODUCTION ENGINEERING,IPDC0208,Industrial Automation & Mechatronics,Mid Sem,https://v1.nitj.ac.in/erp/academic_repository/uploads/C7zgiAmKBvE9HNOJ.pdf,
January-June 2025,B.Tech,2023,INDUSTRIAL AND PRODUCTION ENGINEERING,IPDC0208,Industrial Automation & Mechatronics,End Sem,https://v1.nitj.ac.in/erp/academic_repository/uploads/jZdkmnqGYyvbS6rU.pdf,
January-June 2025,B.Tech,2023,INDUSTRIAL AND PRODUCTION ENGINEERING,IPDC0210,Manufacturing Technology-II,Mid Sem,https://v1.nitj.ac.in/erp/academic_repository/uploads/4xnEwuYvI7alJfUR.pdf,
January-June 2025,B.Tech,2023,INDUSTRIAL AND PRODUCTION ENGINEERING,IPDC0210,Manufacturing Technology-II,End Sem,https://v1.nitj.ac.in/erp/academic_repository/uploads/s72bNO4yFjYqT9Ke.pdf,
January-June 2025,B.Tech,2023,INDUSTRIAL AND PRODUCTION ENGINEERING,IPDC0212,Applied Thermodynamics,Mid Sem,https://v1.nitj.ac.in/erp/academic_repository/uploads/KjldwEZPuXn8GY5c.pdf,
January-June 2025,B.Tech,2023,INDUSTRIAL AND PRODUCTION ENGINEERING,IPDC0212,Applied Thermodynamics,End Sem,https://v1.nitj.ac.in/erp/academic_repository/uploads/LuhMbRwErCAGz24B.pdf,
January-June 2025,B.Tech,2023,INFORMATION TECHNOLOGY,ITDC0202,Design and Analysis of Algorithms,Mid Sem,https://v1.nitj.ac.in/erp/academic_repository/uploads/VmHLNM5khzF9x0j2.pdf,
January-June 2025,B.Tech,2023,INFORMATION TECHNOLOGY,ITDC0202,Design and Analysis of Algorithms,End Sem,https://v1.nitj.ac.in/erp/academic_repository/uploads/zHkwRFQtApBnuDVa.pdf,
January-June 2025,B.Tech,2023,INFORMATION TECHNOLOGY,ITDC0204,Operating System,Mid Sem,https://v1.nitj.ac.in/erp/academic_repository/uploads/KrJOzSWClMh7wkyR.pdf,
January-June 2025,B.Tech,2023,INFORMATION TECHNOLOGY,ITDC0204,Operating System,End Sem,https://v1.nitj.ac.in/erp/academic_repository/uploads/wisyPeMRqLojnbDW.pdf,
January-June 2025,B.Tech,2023,INFORMATION TECHNOLOGY,ITDC0206,Software Engineering,Mid Sem,https://v1.nitj.ac.in/erp/academic_repository/uploads/FaU9SdONYxK3m6sM.pdf,
January-June 2025,B.Tech,2023,INFORMATION TECHNOLOGY,ITDC0206,Software Engineering,End Sem,https://v1.nitj.ac.in/erp/academic_repository/uploads/tTyCx1K6AqBuZHis.pdf,
January-June 2025,B.Tech,2023,INFORMATION TECHNOLOGY,ITDC0208,Computer Networks,Mid Sem,https://v1.nitj.ac.in/erp/academic_repository/uploads/ks4jbxySTnqrdBVN.pdf,
January-June 2025,B.Tech,2023,INFORMATION TECHNOLOGY,ITDC0208,Computer Networks,End Sem,https://v1.nitj.ac.in/erp/academic_repository/uploads/94x0LldBwpeNSCmQ.pdf,
January-June 2025,B.Tech,2023,INFORMATION TECHNOLOGY,ITDC0210,Formal Lanuage and Automata Theory,Mid Sem,https://v1.nitj.ac.in/erp/academic_repository/uploads/KVpxUJIRkf1s6uvS.pdf,
January-June 2025,B.Tech,2023,INFORMATION TECHNOLOGY,ITDC0210,Formal Lanuage and Automata Theory,End Sem,https://v1.nitj.ac.in/erp/academic_repository/uploads/mlXPUnZkt2wV4580.pdf,
January-June 2025,B.Tech,2023,MECHANICAL ENGINEERING,MEDC0202,I C Engines and Gas Turbines,Mid Sem,https://v1.nitj.ac.in/erp/academic_repository/uploads/ElQcySvm4a0VGUdu.pdf,
January-June 2025,B.Tech,2023,MECHANICAL ENGINEERING,MEDC0202,I C Engines and Gas Turbines,End Sem,https://v1.nitj.ac.in/erp/academic_repository/uploads/qUmxaJv3r4FzkPGN.pdf,
January-June 2025,B.Tech,2023,MECHANICAL ENGINEERING,MEDC0204,Basics of Mechanical Design,Mid Sem,https://v1.nitj.ac.in/erp/academic_repository/uploads/z1LciH7pG2nqAdJY.pdf,
January-June 2025,B.Tech,2023,MECHANICAL ENGINEERING,MEDC0204,Basics of Mechanical Design,End Sem,https://v1.nitj.ac.in/erp/academic_repository/uploads/uny8tNMFTHD4hArc.pdf,
January-June 2025,B.Tech,2023,MECHANICAL ENGINEERING,MEDC0206,Manufacturing Technology,Mid Sem,https://v1.nitj.ac.in/erp/academic_repository/uploads/ZprbwX5RUxCeSQ8M.pdf,
January-June 2025,B.Tech,2023,MECHANICAL ENGINEERING,MEDC0206,Manufacturing Technology,End Sem,https://v1.nitj.ac.in/erp/academic_repository/uploads/VFK8D5RUSouiCx6k.pdf,
January-June 2025,B.Tech,2023,MECHANICAL ENGINEERING,MEDC0208,Fluid Flow Analysis,Mid Sem,https://v1.nitj.ac.in/erp/academic_repository/uploads/iEc95p2YaPdVxTy0.pdf,
January-June 2025,B.Tech,2023,MECHANICAL ENGINEERING,MEDC0208,Fluid Flow Analysis,End Sem,https://v1.nitj.ac.in/erp/academic_repository/uploads/hQHFdxv2qEPOKlV9.pdf,
January-June 2025,B.Tech,2023,MECHANICAL ENGINEERING,MEDC0210,Materials Engineering & Technology,Mid Sem,https://v1.nitj.ac.in/erp/academic_repository/uploads/g2AJl34QarWmHLpB.pdf,
January-June 2025,B.Tech,2023,MECHANICAL ENGINEERING,MEDC0210,Materials Engineering & Technology,End Sem,https://v1.nitj.ac.in/erp/academic_repository/uploads/EL1AxUld5eYbtVPO.pdf,
January-June 2025,B.Tech,2023,MECHANICAL ENGINEERING,MEDC0212,Dynamics of Machines,Mid Sem,https://v1.nitj.ac.in/erp/academic_repository/uploads/JIBM8KsVe14rwnUN.pdf,
January-June 2025,B.Tech,2023,MECHANICAL ENGINEERING,MEDC0212,Dynamics of Machines,End Sem,https://v1.nitj.ac.in/erp/academic_repository/uploads/HSjTsigQrdCaFqmW.pdf,
January-June 2025,B.Tech,2023,MECHANICAL ENGINEERING,MEDC0214,Numerical Methods in Mechanical Engineering,Mid Sem,https://v1.nitj.ac.in/erp/academic_repository/uploads/W4O8XsbQIDlTuVtA.pdf,
January-June 2025,B.Tech,2023,MECHANICAL ENGINEERING,MEDC0214,Numerical Methods in Mechanical Engineering,End Sem,https://v1.nitj.ac.in/erp/academic_repository/uploads/qMn2hG4waYTdFgKR.pdf,
January-June 2025,B.Tech,2023,TEXTILE TECHNOLOGY,TTDC0202,Yarn Formation-II,Mid Sem,https://v1.nitj.ac.in/erp/academic_repository/uploads/oRO79bLY4f65MgIz.pdf,
January-June 2025,B.Tech,2023,TEXTILE TECHNOLOGY,TTDC0202,Yarn Formation-II,End Sem,https://v1.nitj.ac.in/erp/academic_repository/uploads/HIYGMusnbLaow17F.pdf,
January-June 2025,B.Tech,2023,TEXTILE TECHNOLOGY,TTDC0204,Fabric Formation Systems,Mid Sem,https://v1.nitj.ac.in/erp/academic_repository/uploads/iOmPSlJvQpx29Ce6.pdf,
January-June 2025,B.Tech,2023,TEXTILE TECHNOLOGY,TTDC0204,Fabric Formation Systems,End Sem,https://v1.nitj.ac.in/erp/academic_repository/uploads/ZsxeEX1ALYn74Wa5.pdf,
January-June 2025,B.Tech,2023,TEXTILE TECHNOLOGY,TTDC0206,Printing and Finishing,Mid Sem,https://v1.nitj.ac.in/erp/academic_repository/uploads/kjn4thVZSKv3QsEb.pdf,
January-June 2025,B.Tech,2023,TEXTILE TECHNOLOGY,TTDC0206,Printing and Finishing,End Sem,https://v1.nitj.ac.in/erp/academic_repository/uploads/K7OWY61qLjy8UJhC.pdf,
January-June 2025,B.Tech,2023,TEXTILE TECHNOLOGY,TTDC0208,Knitting Technology,Mid Sem,https://v1.nitj.ac.in/erp/academic_repository/uploads/BQsSD7J6qupVlvC4.pdf,
January-June 2025,B.Tech,2023,TEXTILE TECHNOLOGY,TTDC0208,Knitting Technology,End Sem,https://v1.nitj.ac.in/erp/academic_repository/uploads/Pnv3f2ohNmwTtiIG.pdf,
January-June 2025,B.Tech,2023,TEXTILE TECHNOLOGY,TTDC0210,Statistical Quality Control in Textile,Mid Sem,https://v1.nitj.ac.in/erp/academic_repository/uploads/TtZfim9sJGPkrLbF.pdf,
January-June 2025,B.Tech,2023,TEXTILE TECHNOLOGY,TTDC0210,Statistical Quality Control in Textile,End Sem,https://v1.nitj.ac.in/erp/academic_repository/uploads/ZCntdVe04bUIp6Y8.pdf,
January-June 2025,B.Tech,2023,ELECTRONICS AND VLSI ENGINEERING,CSDC0202,Database Management System,Mid Sem,https://v1.nitj.ac.in/erp/academic_repository/uploads/kEm3w4StUyfsoTFG.pdf,
January-June 2025,B.Tech,2023,ELECTRONICS AND VLSI ENGINEERING,CSDC0202,Database Management System,End Sem,https://v1.nitj.ac.in/erp/academic_repository/uploads/YsoD5UVAJ0GFiudw.pdf,
January-June 2025,B.Tech,2023,ELECTRONICS AND VLSI ENGINEERING,ECDC0204,Analog Integrated Circuits,Mid Sem,https://v1.nitj.ac.in/erp/academic_repository/uploads/W2JL8I5MG4BQPNvY.pdf,
January-June 2025,B.Tech,2023,ELECTRONICS AND VLSI ENGINEERING,ECDC0204,Analog Integrated Circuits,End Sem,https://v1.nitj.ac.in/erp/academic_repository/uploads/j0VfTBGNsORrxJ7M.pdf,
January-June 2025,B.Tech,2023,ELECTRONICS AND VLSI ENGINEERING,ECDC0208,VLSI Circuit Design,Mid Sem,https://v1.nitj.ac.in/erp/academic_repository/uploads/c9Z7axYmCobzwuIG.pdf,
January-June 2025,B.Tech,2023,ELECTRONICS AND VLSI ENGINEERING,ECDC0208,VLSI Circuit Design,End Sem,https://v1.nitj.ac.in/erp/academic_repository/uploads/62Ei0ecbv9LPBJCf.pdf,
January-June 2025,B.Tech,2023,ELECTRONICS AND VLSI ENGINEERING,ECDC0212,Low Power VLSI Design,Mid Sem,https://v1.nitj.ac.in/erp/academic_repository/uploads/2pgmwxNcv43eD8Mj.pdf,
January-June 2025,B.Tech,2023,ELECTRONICS AND VLSI ENGINEERING,ECDC0212,Low Power VLSI Design,End Sem,https://v1.nitj.ac.in/erp/academic_repository/uploads/gGXKh2eQLflViUqI.pdf,
January-June 2025,B.Tech,2023,ELECTRONICS AND VLSI ENGINEERING,ECDC0216,Computer Organization and System Architecture,Mid Sem,https://v1.nitj.ac.in/erp/academic_repository/uploads/G3810DUCoXwlQcJi.pdf,
January-June 2025,B.Tech,2023,ELECTRONICS AND VLSI ENGINEERING,ECDC0216,Computer Organization and System Architecture,End Sem,https://v1.nitj.ac.in/erp/academic_repository/uploads/ikS5xHApngsVfNvr.pdf,
January-June 2025,B.Tech,2022,BIO TECHNOLOGY,BTPC-302,Bioinformatics,Mid Sem,https://v1.nitj.ac.in/erp/academic_repository/uploads/p6jqAYlNIJfXFc8b.pdf,
January-June 2025,B.Tech,2022,BIO TECHNOLOGY,BTPC-302,Bioinformatics,End Sem,https://v1.nitj.ac.in/erp/academic_repository/uploads/rsfmoyTYpcG9I2H0.pdf,
January-June 2025,B.Tech,2022,BIO TECHNOLOGY,BTPC-304,Bioprocess Modeling and Simulation,Mid Sem,https://v1.nitj.ac.in/erp/academic_repository/uploads/qHk47WYlXjwBb1Pi.pdf,
January-June 2025,B.Tech,2022,BIO TECHNOLOGY,BTPC-304,Bioprocess Modeling and Simulation,End Sem,https://v1.nitj.ac.in/erp/academic_repository/uploads/4rEmob05yfiWBQ9n.pdf,
January-June 2025,B.Tech,2022,BIO TECHNOLOGY,BTPC-306,Analytical Methods in Biotechnology,Mid Sem,https://v1.nitj.ac.in/erp/academic_repository/uploads/UFZRv7tzIbPrM18X.pdf,
January-June 2025,B.Tech,2022,BIO TECHNOLOGY,BTPC-306,Analytical Methods in Biotechnology,End Sem,https://v1.nitj.ac.in/erp/academic_repository/uploads/ap8cBsAViqhk30MZ.pdf,
January-June 2025,B.Tech,2022,BIO TECHNOLOGY,BTPE-322,Bioprocess Equipment Design and Economics,Mid Sem,https://v1.nitj.ac.in/erp/academic_repository/uploads/tzc1KsUnIjNmAGLy.pdf,
January-June 2025,B.Tech,2022,BIO TECHNOLOGY,BTPE-322,Bioprocess Equipment Design and Economics,End Sem,https://v1.nitj.ac.in/erp/academic_repository/uploads/IxtQ7E3yMZ2odlnV.pdf,
January-June 2025,B.Tech,2022,BIO TECHNOLOGY,BTPE-324,Protein Engineering,Mid Sem,https://v1.nitj.ac.in/erp/academic_repository/uploads/nQEmeRGWXZq4Lob7.pdf,
January-June 2025,B.Tech,2022,BIO TECHNOLOGY,BTPE-324,Protein Engineering,End Sem,https://v1.nitj.ac.in/erp/academic_repository/uploads/43Zd1piYB2fQ9Gcq.pdf,
January-June 2025,B.Tech,2022,BIO TECHNOLOGY,BTPE-328,Biomaterials,Mid Sem,https://v1.nitj.ac.in/erp/academic_repository/uploads/DAmeuY8HPEMQlIog.pdf,
January-June 2025,B.Tech,2022,BIO TECHNOLOGY,BTPE-328,Biomaterials,End Sem,https://v1.nitj.ac.in/erp/academic_repository/uploads/Brl5tfRHsKeSX81g.pdf,
January-June 2025,B.Tech,2022,CIVIL ENGINEERING,CEOE-476,Surveying,Mid Sem,https://v1.nitj.ac.in/erp/academic_repository/uploads/Z0xGhqXTiSbOdNDE.pdf,
January-June 2025,B.Tech,2022,CIVIL ENGINEERING,CEOE-476,Surveying,End Sem,https://v1.nitj.ac.in/erp/academic_repository/uploads/309lJSa4GBvCWTc1.pdf,
January-June 2025,B.Tech,2022,CIVIL ENGINEERING,CEPC-302,Foundation Engineering,Mid Sem,https://v1.nitj.ac.in/erp/academic_repository/uploads/b2YqkxfjioNArQJ6.pdf,
January-June 2025,B.Tech,2022,CIVIL ENGINEERING,CEPC-302,Foundation Engineering,End Sem,https://v1.nitj.ac.in/erp/academic_repository/uploads/lPnfmtXUxG0hWjpB.pdf,
January-June 2025,B.Tech,2022,CIVIL ENGINEERING,CEPC-304,Design of Concrete Structures-II,Mid Sem,https://v1.nitj.ac.in/erp/academic_repository/uploads/58uXcZgidAYn6Cxq.pdf,
January-June 2025,B.Tech,2022,CIVIL ENGINEERING,CEPC-304,Design of Concrete Structures-II,End Sem,https://v1.nitj.ac.in/erp/academic_repository/uploads/ktAlPjXqwp4M7dLx.pdf,
January-June 2025,B.Tech,2022,CIVIL ENGINEERING,CEPC-306,Design of Steel Structures-I,Mid Sem,https://v1.nitj.ac.in/erp/academic_repository/uploads/IlmDBUKajgtQT1Lw.pdf,
January-June 2025,B.Tech,2022,CIVIL ENGINEERING,CEPC-306,Design of Steel Structures-I,End Sem,https://v1.nitj.ac.in/erp/academic_repository/uploads/mBhwgQYHqj1lCFvU.pdf,
January-June 2025,B.Tech,2022,CIVIL ENGINEERING,CEPC-308,Elements of Earthquake Engineering,Mid Sem,https://v1.nitj.ac.in/erp/academic_repository/uploads/OR4zgBh8GHX7PQeJ.pdf,
January-June 2025,B.Tech,2022,CIVIL ENGINEERING,CEPC-308,Elements of Earthquake Engineering,End Sem,https://v1.nitj.ac.in/erp/academic_repository/uploads/fdT2Kwbj8Wk3xIu6.pdf,
January-June 2025,B.Tech,2022,CIVIL ENGINEERING,CEPE-334,Structural Analysis-III,Mid Sem,https://v1.nitj.ac.in/erp/academic_repository/uploads/F73lYj45OUeqD9oI.pdf,
January-June 2025,B.Tech,2022,CIVIL ENGINEERING,CEPE-334,Structural Analysis-III,End Sem,https://v1.nitj.ac.in/erp/academic_repository/uploads/3NakqjgCcnJpo0De.pdf,
January-June 2025,B.Tech,2022,CIVIL ENGINEERING,CEPE-342,Highway Pavement Design and Construction,Mid Sem,https://v1.nitj.ac.in/erp/academic_repository/uploads/6EPsnN4KhcltJZTO.pdf,
January-June 2025,B.Tech,2022,CIVIL ENGINEERING,CEPE-342,Highway Pavement Design and Construction,End Sem,https://v1.nitj.ac.in/erp/academic_repository/uploads/6zhqsxPbgQejTk0c.pdf,
January-June 2025,B.Tech,2022,CHEMICAL ENGINEERING,CHOE-401,Hydrocarbon Engineering,Mid Sem,https://v1.nitj.ac.in/erp/academic_repository/uploads/WHYgiXkjRqspbmZ3.pdf,
January-June 2025,B.Tech,2022,CHEMICAL ENGINEERING,CHOE-401,Hydrocarbon Engineering,End Sem,https://v1.nitj.ac.in/erp/academic_repository/uploads/Ak3dRzTo6aPnByUs.pdf,
January-June 2025,B.Tech,2022,CHEMICAL ENGINEERING,CHPC-302,Mass Transfer-II,Mid Sem,https://v1.nitj.ac.in/erp/academic_repository/uploads/iD0YeS5U4a2jqgbQ.pdf,
January-June 2025,B.Tech,2022,CHEMICAL ENGINEERING,CHPC-302,Mass Transfer-II,End Sem,https://v1.nitj.ac.in/erp/academic_repository/uploads/CUkHD85GPWaZsLTB.pdf,
January-June 2025,B.Tech,2022,CHEMICAL ENGINEERING,CHPC-304,Chemical Reaction Engineering-II,Mid Sem,https://v1.nitj.ac.in/erp/academic_repository/uploads/jEYv97dVx1TSZBiA.pdf,
January-June 2025,B.Tech,2022,CHEMICAL ENGINEERING,CHPC-304,Chemical Reaction Engineering-II,End Sem,https://v1.nitj.ac.in/erp/academic_repository/uploads/8vlgDI9fGta3zEyx.pdf,
January-June 2025,B.Tech,2022,CHEMICAL ENGINEERING,CHPC-306,Process Dynamics and Control,Mid Sem,https://v1.nitj.ac.in/erp/academic_repository/uploads/U3E6VKcXJiY2zSt4.pdf,
January-June 2025,B.Tech,2022,CHEMICAL ENGINEERING,CHPC-306,Process Dynamics and Control,End Sem,https://v1.nitj.ac.in/erp/academic_repository/uploads/uJ5NkfWnv0smiSQw.pdf,
January-June 2025,B.Tech,2022,CHEMICAL ENGINEERING,CHPE-359,Petroleum Refining Technology,Mid Sem,https://v1.nitj.ac.in/erp/academic_repository/uploads/E5aN76B0uZAUXLJf.pdf,
January-June 2025,B.Tech,2022,CHEMICAL ENGINEERING,CHPE-359,Petroleum Refining Technology,End Sem,https://v1.nitj.ac.in/erp/academic_repository/uploads/gbBFLQok3td4TEXs.pdf,
January-June 2025,B.Tech,2022,CHEMICAL ENGINEERING,CHPE-362,Process Intensification,Mid Sem,https://v1.nitj.ac.in/erp/academic_repository/uploads/pRLyA7sTJ6KCS8Vu.pdf,
January-June 2025,B.Tech,2022,CHEMICAL ENGINEERING,CHPE-362,Process Intensification,End Sem,https://v1.nitj.ac.in/erp/academic_repository/uploads/lBnxKFwHALastCDu.pdf,
January-June 2025,B.Tech,2022,COMPUTER SCIENCE AND ENGINEERING,CSOE-007,Fundamentals of Machine Learning,Mid Sem,https://v1.nitj.ac.in/erp/academic_repository/uploads/OrzCcaxZ3BFwn8Ru.pdf,
January-June 2025,B.Tech,2022,COMPUTER SCIENCE AND ENGINEERING,CSOE-007,Fundamentals of Machine Learning,End Sem,https://v1.nitj.ac.in/erp/academic_repository/uploads/FkvBzJfIZimYGTHC.pdf,
January-June 2025,B.Tech,2022,COMPUTER SCIENCE AND ENGINEERING,CSPC-302,Data Analytics,Mid Sem,https://v1.nitj.ac.in/erp/academic_repository/uploads/4tIsq1hO0Lerdufx.pdf,
January-June 2025,B.Tech,2022,COMPUTER SCIENCE AND ENGINEERING,CSPC-302,Data Analytics,End Sem,https://v1.nitj.ac.in/erp/academic_repository/uploads/7yrOWRGVwCPscLfb.pdf,
January-June 2025,B.Tech,2022,COMPUTER SCIENCE AND ENGINEERING,CSPC-304,Cloud Computing,Mid Sem,https://v1.nitj.ac.in/erp/academic_repository/uploads/lr0DBQdmK5IgZC4O.pdf,
January-June 2025,B.Tech,2022,COMPUTER SCIENCE AND ENGINEERING,CSPC-304,Cloud Computing,End Sem,https://v1.nitj.ac.in/erp/academic_repository/uploads/MYz5QsJKoIuNtxTA.pdf,
January-June 2025,B.Tech,2022,COMPUTER SCIENCE AND ENGINEERING,CSPC-306,Network Security and Cyber Forensics,Mid Sem,https://v1.nitj.ac.in/erp/academic_repository/uploads/1viTY4BemzH2fnld.pdf,
January-June 2025,B.Tech,2022,COMPUTER SCIENCE AND ENGINEERING,CSPC-306,Network Security and Cyber Forensics,End Sem,https://v1.nitj.ac.in/erp/academic_repository/uploads/cE9lQ7Pb2NV6Y3vm.pdf,
January-June 2025,B.Tech,2022,COMPUTER SCIENCE AND ENGINEERING,CSPC-308,Data Mining and Data Warehousing,Mid Sem,https://v1.nitj.ac.in/erp/academic_repository/uploads/guXpBkJ08DStVrLO.pdf,
January-June 2025,B.Tech,2022,COMPUTER SCIENCE AND ENGINEERING,CSPC-308,Data Mining and Data Warehousing,End Sem,https://v1.nitj.ac.in/erp/academic_repository/uploads/FxIuKaviHsWCNqLd.pdf,
January-June 2025,B.Tech,2022,COMPUTER SCIENCE AND ENGINEERING,CSPE-338,Computer Vision,Mid Sem,https://v1.nitj.ac.in/erp/academic_repository/uploads/v3UVjK2zpXg0nTqa.pdf,
January-June 2025,B.Tech,2022,COMPUTER SCIENCE AND ENGINEERING,CSPE-338,Computer Vision,End Sem,https://v1.nitj.ac.in/erp/academic_repository/uploads/yK52ArISsFECNGxU.pdf,
January-June 2025,B.Tech,2022,COMPUTER SCIENCE AND ENGINEERING,CSPE-340,Advanced Database Management Systems,Mid Sem,https://v1.nitj.ac.in/erp/academic_repository/uploads/rphSMHGIEXQjaLYA.pdf,
January-June 2025,B.Tech,2022,COMPUTER SCIENCE AND ENGINEERING,CSPE-340,Advanced Database Management Systems,End Sem,https://v1.nitj.ac.in/erp/academic_repository/uploads/oiBPActQzasC8km3.pdf,
January-June 2025,B.Tech,2022,CHEMISTRY (Open Elective),CYOE-402,Polymer Chemistry,Mid Sem,https://v1.nitj.ac.in/erp/academic_repository/uploads/lYmwFtsyVo45QdHa.pdf,
January-June 2025,B.Tech,2022,CHEMISTRY (Open Elective),CYOE-402,Polymer Chemistry,End Sem,https://v1.nitj.ac.in/erp/academic_repository/uploads/5VKebWp71n9EhcMz.pdf,
January-June 2025,B.Tech,2022,ELECTRONICS AND COMMUNICATION ENGINEERING,ECOE-364,Soft Computing,Mid Sem,https://v1.nitj.ac.in/erp/academic_repository/uploads/JpXEOvTHYsc5dBAu.pdf,
January-June 2025,B.Tech,2022,ELECTRONICS AND COMMUNICATION ENGINEERING,ECOE-364,Soft Computing,End Sem,https://v1.nitj.ac.in/erp/academic_repository/uploads/VgApx2vlK3ucqsZ1.pdf,
January-June 2025,B.Tech,2022,ELECTRONICS AND COMMUNICATION ENGINEERING,ECPC-302,Digital System Design,Mid Sem,https://v1.nitj.ac.in/erp/academic_repository/uploads/u14pJmab7LnOGyXS.pdf,
January-June 2025,B.Tech,2022,ELECTRONICS AND COMMUNICATION ENGINEERING,ECPC-302,Digital System Design,End Sem,https://v1.nitj.ac.in/erp/academic_repository/uploads/asf0UFzocgJkXKRv.pdf,
January-June 2025,B.Tech,2022,ELECTRONICS AND COMMUNICATION ENGINEERING,ECPC-304,Digital Communication Systems,Mid Sem,https://v1.nitj.ac.in/erp/academic_repository/uploads/Pt92zsndFTq8G3BJ.pdf,
January-June 2025,B.Tech,2022,ELECTRONICS AND COMMUNICATION ENGINEERING,ECPC-304,Digital Communication Systems,End Sem,https://v1.nitj.ac.in/erp/academic_repository/uploads/sQwB9boagqXGNyKx.pdf,
January-June 2025,B.Tech,2022,ELECTRONICS AND COMMUNICATION ENGINEERING,ECPC-306,Digital Signal Processing,Mid Sem,https://v1.nitj.ac.in/erp/academic_repository/uploads/R9wTqaxO6F1W4b0P.pdf,
January-June 2025,B.Tech,2022,ELECTRONICS AND COMMUNICATION ENGINEERING,ECPC-306,Digital Signal Processing,End Sem,https://v1.nitj.ac.in/erp/academic_repository/uploads/tcHKeLyqpmXWoGz6.pdf,
January-June 2025,B.Tech,2022,ELECTRONICS AND COMMUNICATION ENGINEERING,ECPC-308,Advanced Microprocessors and Microcontrollers,Mid Sem,https://v1.nitj.ac.in/erp/academic_repository/uploads/IlzXqJ0wKstBc5MT.pdf,
January-June 2025,B.Tech,2022,ELECTRONICS AND COMMUNICATION ENGINEERING,ECPC-308,Advanced Microprocessors and Microcontrollers,End Sem,https://v1.nitj.ac.in/erp/academic_repository/uploads/cZkAIl4zsGtoXjO5.pdf,
January-June 2025,B.Tech,2022,ELECTRONICS AND COMMUNICATION ENGINEERING,ECPE-354,Optoelectronic Devices,Mid Sem,https://v1.nitj.ac.in/erp/academic_repository/uploads/SPVy3o6C1D8IhpqL.pdf,
January-June 2025,B.Tech,2022,ELECTRONICS AND COMMUNICATION ENGINEERING,ECPE-354,Optoelectronic Devices,End Sem,https://v1.nitj.ac.in/erp/academic_repository/uploads/jsGWx0oqcL416bew.pdf,
January-June 2025,B.Tech,2022,ELECTRONICS AND COMMUNICATION ENGINEERING,ECPE-358,Data Communication and Networks,Mid Sem,https://v1.nitj.ac.in/erp/academic_repository/uploads/YESt0RrBkcUF7qXT.pdf,
January-June 2025,B.Tech,2022,ELECTRONICS AND COMMUNICATION ENGINEERING,ECPE-358,Data Communication and Networks,End Sem,https://v1.nitj.ac.in/erp/academic_repository/uploads/GVjWx7yMdzYE59Lf.pdf,
January-June 2025,B.Tech,2022,ELECTRICAL ENGINEERING,EEOE-384,Non-Conventional Energy Sources,Mid Sem,https://v1.nitj.ac.in/erp/academic_repository/uploads/swk1oJVnL40QADv5.pdf,
January-June 2025,B.Tech,2022,ELECTRICAL ENGINEERING,EEOE-384,Non-Conventional Energy Sources,End Sem,https://v1.nitj.ac.in/erp/academic_repository/uploads/ev8qAg7XDzKQLFu3.pdf,
January-June 2025,B.Tech,2022,ELECTRICAL ENGINEERING,EEPC-302,Power System Analysis,Mid Sem,https://v1.nitj.ac.in/erp/academic_repository/uploads/h5TyqRWE8xp7KHOf.pdf,
January-June 2025,B.Tech,2022,ELECTRICAL ENGINEERING,EEPC-302,Power System Analysis,End Sem,https://v1.nitj.ac.in/erp/academic_repository/uploads/xqXHFUG9WLt7cOoC.pdf,
January-June 2025,B.Tech,2022,ELECTRICAL ENGINEERING,EEPC-304,Digital Signal Processing,Mid Sem,https://v1.nitj.ac.in/erp/academic_repository/uploads/0jFfeVlRJBgE1Hdh.pdf,
January-June 2025,B.Tech,2022,ELECTRICAL ENGINEERING,EEPC-304,Digital Signal Processing,End Sem,https://v1.nitj.ac.in/erp/academic_repository/uploads/SM7PLBWx9Yr0ie6A.pdf,
January-June 2025,B.Tech,2022,ELECTRICAL ENGINEERING,EEPE-354,Soft Computing Techniques,Mid Sem,https://v1.nitj.ac.in/erp/academic_repository/uploads/MQP0OS3lUzmHEbo4.pdf,
January-June 2025,B.Tech,2022,ELECTRICAL ENGINEERING,EEPE-354,Soft Computing Techniques,End Sem,https://v1.nitj.ac.in/erp/academic_repository/uploads/JP3h0DxfUAtolekS.pdf,
January-June 2025,B.Tech,2022,ELECTRICAL ENGINEERING,EEPE-356,Power System Deregulation,Mid Sem,https://v1.nitj.ac.in/erp/academic_repository/uploads/l8eiOu12Q9HjDZUc.pdf,
January-June 2025,B.Tech,2022,ELECTRICAL ENGINEERING,EEPE-356,Power System Deregulation,End Sem,https://v1.nitj.ac.in/erp/academic_repository/uploads/ZrKlNaJdkniHxA1c.pdf,
January-June 2025,B.Tech,2022,ELECTRICAL ENGINEERING,EEPE-358,Smart Grid,Mid Sem,https://v1.nitj.ac.in/erp/academic_repository/uploads/pc5raoLdVeTwgyC9.pdf,
January-June 2025,B.Tech,2022,ELECTRICAL ENGINEERING,EEPE-358,Smart Grid,End Sem,https://v1.nitj.ac.in/erp/academic_repository/uploads/Y7e3i62Uhw5Qcfra.pdf,
January-June 2025,B.Tech,2022,ELECTRICAL ENGINEERING,EEPE-360,Energy Audit and Management,Mid Sem,https://v1.nitj.ac.in/erp/academic_repository/uploads/WI2thFHDJ4iaOSnq.pdf,
January-June 2025,B.Tech,2022,ELECTRICAL ENGINEERING,EEPE-360,Energy Audit and Management,End Sem,https://v1.nitj.ac.in/erp/academic_repository/uploads/bMlrcJYeWGgvx3AT.pdf,
January-June 2025,B.Tech,2022,ELECTRICAL ENGINEERING,ICPC-352,"PLC, DCS, SCADA",Mid Sem,https://v1.nitj.ac.in/erp/academic_repository/uploads/SUkJxIb9XsGFmE2N.pdf,
January-June 2025,B.Tech,2022,ELECTRICAL ENGINEERING,ICPC-352,"PLC, DCS, SCADA",End Sem,https://v1.nitj.ac.in/erp/academic_repository/uploads/0hu5Yxnm4W1NaA3p.pdf,
January-June 2025,B.Tech,2022,HUMANITIES AND MANAGEMENT (Open Elective),HMOE-422,Financial Management,Mid Sem,https://v1.nitj.ac.in/erp/academic_repository/uploads/3dJ6eBrXG8HjNpcl.pdf,
January-June 2025,B.Tech,2022,HUMANITIES AND MANAGEMENT (Open Elective),HMOE-422,Financial Management,End Sem,https://v1.nitj.ac.in/erp/academic_repository/uploads/rgfQWxCqDzTM1kcN.pdf,
January-June 2025,B.Tech,2022,INSTRUMENTATION AND CONTROL ENGINEERING,ICCI-300,Minor Project,Mid Sem,https://v1.nitj.ac.in/erp/academic_repository/uploads/TEnOkcA1XGUworey.pdf,
January-June 2025,B.Tech,2022,INSTRUMENTATION AND CONTROL ENGINEERING,ICCI-300,Minor Project,End Sem,https://v1.nitj.ac.in/erp/academic_repository/uploads/d82WJvjkaCi6rUuE.pdf,
January-June 2025,B.Tech,2022,INSTRUMENTATION AND CONTROL ENGINEERING,ICOE-373,Sensors and Transducers,Mid Sem,https://v1.nitj.ac.in/erp/academic_repository/uploads/ioj3ClXasNm8ek6p.pdf,
January-June 2025,B.Tech,2022,INSTRUMENTATION AND CONTROL ENGINEERING,ICOE-373,Sensors and Transducers,End Sem,https://v1.nitj.ac.in/erp/academic_repository/uploads/NlbfFZ27Iid8tOu6.pdf,
January-June 2025,B.Tech,2022,INSTRUMENTATION AND CONTROL ENGINEERING,ICPC-302,Process Dynamics and Control,Mid Sem,https://v1.nitj.ac.in/erp/academic_repository/uploads/B5dSATYyaVCmLgUo.pdf,
January-June 2025,B.Tech,2022,INSTRUMENTATION AND CONTROL ENGINEERING,ICPC-302,Process Dynamics and Control,End Sem,https://v1.nitj.ac.in/erp/academic_repository/uploads/hicQwzZx6PpSRVTr.pdf,
January-June 2025,B.Tech,2022,INSTRUMENTATION AND CONTROL ENGINEERING,ICPC-304,Analytical Instrumentation,Mid Sem,https://v1.nitj.ac.in/erp/academic_repository/uploads/firPJySlNH5GXA1K.pdf,
January-June 2025,B.Tech,2022,INSTRUMENTATION AND CONTROL ENGINEERING,ICPC-304,Analytical Instrumentation,End Sem,https://v1.nitj.ac.in/erp/academic_repository/uploads/6YcNrdx93SzbmfRK.pdf,
January-June 2025,B.Tech,2022,INSTRUMENTATION AND CONTROL ENGINEERING,ICPC-306,Modern Control System,Mid Sem,https://v1.nitj.ac.in/erp/academic_repository/uploads/zyFnNpKGIRW7hBsj.pdf,
January-June 2025,B.Tech,2022,INSTRUMENTATION AND CONTROL ENGINEERING,ICPC-306,Modern Control System,End Sem,https://v1.nitj.ac.in/erp/academic_repository/uploads/ub1VWFweU6xGoOY3.pdf,
January-June 2025,B.Tech,2022,INSTRUMENTATION AND CONTROL ENGINEERING,ICPE-354,Embedded Systems,Mid Sem,https://v1.nitj.ac.in/erp/academic_repository/uploads/c9DgJUC6lyKQtesr.pdf,
January-June 2025,B.Tech,2022,INSTRUMENTATION AND CONTROL ENGINEERING,ICPE-354,Embedded Systems,End Sem,https://v1.nitj.ac.in/erp/academic_repository/uploads/WjSKC2capqve5u4i.pdf,
January-June 2025,B.Tech,2022,INSTRUMENTATION AND CONTROL ENGINEERING,ICPE-356,Advanced Measurement Systems,Mid Sem,https://v1.nitj.ac.in/erp/academic_repository/uploads/6IxANyusSYpacXZM.pdf,
January-June 2025,B.Tech,2022,INSTRUMENTATION AND CONTROL ENGINEERING,ICPE-356,Advanced Measurement Systems,End Sem,https://v1.nitj.ac.in/erp/academic_repository/uploads/RTUHwMk2d5FBoxZC.pdf,
January-June 2025,B.Tech,2022,INDUSTRIAL AND PRODUCTION ENGINEERING,IPOE-422,Operations Research,Mid Sem,https://v1.nitj.ac.in/erp/academic_repository/uploads/nuSaAq8wzt62sfYG.pdf,
January-June 2025,B.Tech,2022,INDUSTRIAL AND PRODUCTION ENGINEERING,IPOE-422,Operations Research,End Sem,https://v1.nitj.ac.in/erp/academic_repository/uploads/aZEzsnOfh4RxJCDw.pdf,
January-June 2025,B.Tech,2022,INDUSTRIAL AND PRODUCTION ENGINEERING,IPPC-302,Facilities Planning and Design,Mid Sem,https://v1.nitj.ac.in/erp/academic_repository/uploads/fUXVMcCGqmKHFldw.pdf,
January-June 2025,B.Tech,2022,INDUSTRIAL AND PRODUCTION ENGINEERING,IPPC-302,Facilities Planning and Design,End Sem,https://v1.nitj.ac.in/erp/academic_repository/uploads/jnegKbSOaINmVrtx.pdf,
January-June 2025,B.Tech,2022,INDUSTRIAL AND PRODUCTION ENGINEERING,IPPC-304,Operations Research,Mid Sem,https://v1.nitj.ac.in/erp/academic_repository/uploads/KmjOgeTrG3AEuUpy.pdf,
January-June 2025,B.Tech,2022,INDUSTRIAL AND PRODUCTION ENGINEERING,IPPC-304,Operations Research,End Sem,https://v1.nitj.ac.in/erp/academic_repository/uploads/O37Pj8qnV1cXDwCU.pdf,
January-June 2025,B.Tech,2022,INDUSTRIAL AND PRODUCTION ENGINEERING,IPPC-306,Simulation of Production Systems,Mid Sem,https://v1.nitj.ac.in/erp/academic_repository/uploads/4OZBpdAVbuPyieTG.pdf,
January-June 2025,B.Tech,2022,INDUSTRIAL AND PRODUCTION ENGINEERING,IPPC-306,Simulation of Production Systems,End Sem,https://v1.nitj.ac.in/erp/academic_repository/uploads/vdgf9Kwthpsc1QnO.pdf,
January-June 2025,B.Tech,2022,INDUSTRIAL AND PRODUCTION ENGINEERING,IPPC-308,Non-Conventional Machining,Mid Sem,https://v1.nitj.ac.in/erp/academic_repository/uploads/6kvIQimyl2BJq3aw.pdf,
January-June 2025,B.Tech,2022,INDUSTRIAL AND PRODUCTION ENGINEERING,IPPC-308,Non-Conventional Machining,End Sem,https://v1.nitj.ac.in/erp/academic_repository/uploads/4lYwOSp7jZIVLQU6.pdf,
January-June 2025,B.Tech,2022,INDUSTRIAL AND PRODUCTION ENGINEERING,IPPE-433,Supply Chain Management,Mid Sem,https://v1.nitj.ac.in/erp/academic_repository/uploads/hwNJcytb2SG0eClO.pdf,
January-June 2025,B.Tech,2022,INDUSTRIAL AND PRODUCTION ENGINEERING,IPPE-433,Supply Chain Management,End Sem,https://v1.nitj.ac.in/erp/academic_repository/uploads/tLMGak8YBrslHRgx.pdf,
January-June 2025,B.Tech,2022,INDUSTRIAL AND PRODUCTION ENGINEERING,IPPE-475,Automobile Engineering,Mid Sem,https://v1.nitj.ac.in/erp/academic_repository/uploads/fQhJEPvneYIjwZWu.pdf,
January-June 2025,B.Tech,2022,INDUSTRIAL AND PRODUCTION ENGINEERING,IPPE-475,Automobile Engineering,End Sem,https://v1.nitj.ac.in/erp/academic_repository/uploads/7KH08WhqUjtPvmsQ.pdf,
January-June 2025,B.Tech,2022,INFORMATION TECHNOLOGY,ITOE-007,Machine Learning,Mid Sem,https://v1.nitj.ac.in/erp/academic_repository/uploads/VXoNKx8bZSG5gfhp.pdf,
January-June 2025,B.Tech,2022,INFORMATION TECHNOLOGY,ITOE-007,Machine Learning,End Sem,https://v1.nitj.ac.in/erp/academic_repository/uploads/IYmKOwQAenDS26CX.pdf,
January-June 2025,B.Tech,2022,INFORMATION TECHNOLOGY,ITPC-302,Soft Computing Concepts,Mid Sem,https://v1.nitj.ac.in/erp/academic_repository/uploads/tTYcWHOwmE9NDlx2.pdf,
January-June 2025,B.Tech,2022,INFORMATION TECHNOLOGY,ITPC-302,Soft Computing Concepts,End Sem,https://v1.nitj.ac.in/erp/academic_repository/uploads/05m2AlGrCuQMS3FV.pdf,
January-June 2025,B.Tech,2022,INFORMATION TECHNOLOGY,ITPC-304,Object-Oriented Modeling and Design with UML,Mid Sem,https://v1.nitj.ac.in/erp/academic_repository/uploads/QTsMR9icNr6O2yXo.pdf,
January-June 2025,B.Tech,2022,INFORMATION TECHNOLOGY,ITPC-304,Object-Oriented Modeling and Design with UML,End Sem,https://v1.nitj.ac.in/erp/academic_repository/uploads/c3WjZNPI7EhFQ6D1.pdf,
January-June 2025,B.Tech,2022,INFORMATION TECHNOLOGY,ITPC-306,Mobile Application Development,Mid Sem,https://v1.nitj.ac.in/erp/academic_repository/uploads/dPQET9V5fKuJbjDZ.pdf,
January-June 2025,B.Tech,2022,INFORMATION TECHNOLOGY,ITPC-306,Mobile Application Development,End Sem,https://v1.nitj.ac.in/erp/academic_repository/uploads/kT03tPegmurvqYa6.pdf,
January-June 2025,B.Tech,2022,INFORMATION TECHNOLOGY,ITPC-308,Machine Learning Concepts,Mid Sem,https://v1.nitj.ac.in/erp/academic_repository/uploads/hkSAl7msj8BDJq4R.pdf,
January-June 2025,B.Tech,2022,INFORMATION TECHNOLOGY,ITPC-308,Machine Learning Concepts,End Sem,https://v1.nitj.ac.in/erp/academic_repository/uploads/dqYyp0WcU6njkIHu.pdf,
January-June 2025,B.Tech,2022,INFORMATION TECHNOLOGY,ITPE-062,Cyber Forensic,Mid Sem,https://v1.nitj.ac.in/erp/academic_repository/uploads/PjDGT9FuB8C3Wz5v.pdf,
January-June 2025,B.Tech,2022,INFORMATION TECHNOLOGY,ITPE-062,Cyber Forensic,End Sem,https://v1.nitj.ac.in/erp/academic_repository/uploads/LquFWMNxDG7eibvo.pdf,
January-June 2025,B.Tech,2022,INFORMATION TECHNOLOGY,ITPE-063,Artificial Intelligence Concepts,Mid Sem,https://v1.nitj.ac.in/erp/academic_repository/uploads/ZshbkCG4FjlParc6.pdf,
January-June 2025,B.Tech,2022,INFORMATION TECHNOLOGY,ITPE-063,Artificial Intelligence Concepts,End Sem,https://v1.nitj.ac.in/erp/academic_repository/uploads/45MwVOJeutDG1zQK.pdf,
January-June 2025,B.Tech,2022,INFORMATION TECHNOLOGY,ITPE-064,Internet of Things (IoT) Concepts,Mid Sem,https://v1.nitj.ac.in/erp/academic_repository/uploads/fKnSVWhFDYGviLau.pdf,
January-June 2025,B.Tech,2022,INFORMATION TECHNOLOGY,ITPE-064,Internet of Things (IoT) Concepts,End Sem,https://v1.nitj.ac.in/erp/academic_repository/uploads/ONrIeXCwGdiaWKfZ.pdf,
January-June 2025,B.Tech,2022,MECHANICAL ENGINEERING,MEOE-352,Occupational Safety and Environment,Mid Sem,https://v1.nitj.ac.in/erp/academic_repository/uploads/wuKr0JFi7RvUfVZH.pdf,
January-June 2025,B.Tech,2022,MECHANICAL ENGINEERING,MEOE-352,Occupational Safety and Environment,End Sem,https://v1.nitj.ac.in/erp/academic_repository/uploads/RifHPOrLh9uQIkj0.pdf,
January-June 2025,B.Tech,2022,MECHANICAL ENGINEERING,MEPC-302,Fluid Machinery,Mid Sem,https://v1.nitj.ac.in/erp/academic_repository/uploads/q1psldNBng9eDTkL.pdf,
January-June 2025,B.Tech,2022,MECHANICAL ENGINEERING,MEPC-302,Fluid Machinery,End Sem,https://v1.nitj.ac.in/erp/academic_repository/uploads/4dS9yU7oWkGs2NJO.pdf,
January-June 2025,B.Tech,2022,MECHANICAL ENGINEERING,MEPC-304,Industrial Automation,Mid Sem,https://v1.nitj.ac.in/erp/academic_repository/uploads/tYUV8a6l2LuNvBq0.pdf,
January-June 2025,B.Tech,2022,MECHANICAL ENGINEERING,MEPC-304,Industrial Automation,End Sem,https://v1.nitj.ac.in/erp/academic_repository/uploads/pQTcUwCB69h8sgoL.pdf,
January-June 2025,B.Tech,2022,MECHANICAL ENGINEERING,MEPC-306,Design of Machine Elements-II,Mid Sem,https://v1.nitj.ac.in/erp/academic_repository/uploads/EWSONnVd4kw0Fj3r.pdf,
January-June 2025,B.Tech,2022,MECHANICAL ENGINEERING,MEPC-306,Design of Machine Elements-II,End Sem,https://v1.nitj.ac.in/erp/academic_repository/uploads/4m8AWMXbeiCKdg30.pdf,
January-June 2025,B.Tech,2022,MECHANICAL ENGINEERING,MEPC-307,Mechanical Measurement & Metrology,Mid Sem,https://v1.nitj.ac.in/erp/academic_repository/uploads/r4ubVdqpHRo6vW75.pdf,
January-June 2025,B.Tech,2022,MECHANICAL ENGINEERING,MEPC-307,Mechanical Measurement & Metrology,End Sem,https://v1.nitj.ac.in/erp/academic_repository/uploads/faezn1lYIEqcABF6.pdf,
January-June 2025,B.Tech,2022,MECHANICAL ENGINEERING,MEPE-307,Operations Research,Mid Sem,https://v1.nitj.ac.in/erp/academic_repository/uploads/Xe0n2YMpCDjrGmZA.pdf,
January-June 2025,B.Tech,2022,MECHANICAL ENGINEERING,MEPE-307,Operations Research,End Sem,https://v1.nitj.ac.in/erp/academic_repository/uploads/LijTym2ReMtSXA4D.pdf,
January-June 2025,B.Tech,2022,MECHANICAL ENGINEERING,MEPE-308,Power Plant Engineering,Mid Sem,https://v1.nitj.ac.in/erp/academic_repository/uploads/OcTKPijEq4akANyg.pdf,
January-June 2025,B.Tech,2022,MECHANICAL ENGINEERING,MEPE-308,Power Plant Engineering,End Sem,https://v1.nitj.ac.in/erp/academic_repository/uploads/1Et7bnKm8D6eHpzP.pdf,
January-June 2025,B.Tech,2022,TEXTILE TECHNOLOGY,TTPC-302,Process Control in Textiles,Mid Sem,https://v1.nitj.ac.in/erp/academic_repository/uploads/e7jQuakJNXSFxKfs.pdf,
January-June 2025,B.Tech,2022,TEXTILE TECHNOLOGY,TTPC-302,Process Control in Textiles,End Sem,https://v1.nitj.ac.in/erp/academic_repository/uploads/M19vpI7xrDE8lZsa.pdf,
January-June 2025,B.Tech,2022,TEXTILE TECHNOLOGY,TTPC-304,Nonwoven Technology,Mid Sem,https://v1.nitj.ac.in/erp/academic_repository/uploads/DEpv91KNreufBOF4.pdf,
January-June 2025,B.Tech,2022,TEXTILE TECHNOLOGY,TTPC-304,Nonwoven Technology,End Sem,https://v1.nitj.ac.in/erp/academic_repository/uploads/rZUbAzXOqSlc1LCV.pdf,
January-June 2025,B.Tech,2022,TEXTILE TECHNOLOGY,TTPC-306,Garment Manufacturing Technology,Mid Sem,https://v1.nitj.ac.in/erp/academic_repository/uploads/c6zVROCjMWu7eGks.pdf,
January-June 2025,B.Tech,2022,TEXTILE TECHNOLOGY,TTPC-306,Garment Manufacturing Technology,End Sem,https://v1.nitj.ac.in/erp/academic_repository/uploads/k7Lgvc1zWhuER52V.pdf,
January-June 2025,B.Tech,2022,TEXTILE TECHNOLOGY,TTPE-321,Post Spinning Operations,Mid Sem,https://v1.nitj.ac.in/erp/academic_repository/uploads/s9Hn62yYeijvzhOd.pdf,
January-June 2025,B.Tech,2022,TEXTILE TECHNOLOGY,TTPE-321,Post Spinning Operations,End Sem,https://v1.nitj.ac.in/erp/academic_repository/uploads/uv2NyHosjlfigQBr.pdf,
January-June 2025,B.Tech,2022,TEXTILE TECHNOLOGY,TTPE-327,Chemical Processing of Manmade Fibres and Blend Textiles,Mid Sem,https://v1.nitj.ac.in/erp/academic_repository/uploads/kjymt27TW4FzaY6N.pdf,
January-June 2025,B.Tech,2022,TEXTILE TECHNOLOGY,TTPE-327,Chemical Processing of Manmade Fibres and Blend Textiles,End Sem,https://v1.nitj.ac.in/erp/academic_repository/uploads/E4CKtsUucp6fBHaG.pdf,
January-June 2025,B.Tech,2022,TEXTILE TECHNOLOGY,TTPE-329,Advances in Yarn Manufacturing,Mid Sem,https://v1.nitj.ac.in/erp/academic_repository/uploads/OzgR62acN7fPmine.pdf,
January-June 2025,B.Tech,2022,TEXTILE TECHNOLOGY,TTPE-329,Advances in Yarn Manufacturing,End Sem,https://v1.nitj.ac.in/erp/academic_repository/uploads/QODUgr0EW6ehZY8V.pdf,
January-June 2025,B.Tech,2022,TEXTILE TECHNOLOGY,TTPE-330,Advances in Fabric Manufacturing,Mid Sem,https://v1.nitj.ac.in/erp/academic_repository/uploads/ZcD7AbUaX2KzO1Cx.pdf,
January-June 2025,B.Tech,2022,TEXTILE TECHNOLOGY,TTPE-330,Advances in Fabric Manufacturing,End Sem,https://v1.nitj.ac.in/erp/academic_repository/uploads/c2YaXkIu0V6Ndlhm.pdf,
January-June 2025,B.Tech,2021,BIO TECHNOLOGY,BTPC-402,Food Process Biotechnology,Mid Sem,https://v1.nitj.ac.in/erp/academic_repository/uploads/ZWduTfCncBqVF8ps.pdf,
January-June 2025,B.Tech,2021,BIO TECHNOLOGY,BTPC-402,Food Process Biotechnology,End Sem,https://v1.nitj.ac.in/erp/academic_repository/uploads/SfrBYOiKl8HGFgWZ.pdf,
January-June 2025,B.Tech,2021,BIO TECHNOLOGY,BTPE-422,Environmental Biotechnology & Bioengineering,Mid Sem,https://v1.nitj.ac.in/erp/academic_repository/uploads/UvGIZKt2WBQD9no0.pdf,
January-June 2025,B.Tech,2021,BIO TECHNOLOGY,BTPE-422,Environmental Biotechnology & Bioengineering,End Sem,https://v1.nitj.ac.in/erp/academic_repository/uploads/O02ujSIdKwoxnLEZ.pdf,
January-June 2025,B.Tech,2021,BIO TECHNOLOGY,BTPE-428,Bioenergy and Bioresource Technology,Mid Sem,https://v1.nitj.ac.in/erp/academic_repository/uploads/jy2laBLowhEY93kI.pdf,
January-June 2025,B.Tech,2021,BIO TECHNOLOGY,BTPE-428,Bioenergy and Bioresource Technology,End Sem,https://v1.nitj.ac.in/erp/academic_repository/uploads/soRuPK1Nfb9DSkaT.pdf,
January-June 2025,B.Tech,2021,BIO TECHNOLOGY,BTPE-430,Biosensors and Biotechnology,Mid Sem,https://v1.nitj.ac.in/erp/academic_repository/uploads/wKf2E3PVTm8GvQxi.pdf,
January-June 2025,B.Tech,2021,BIO TECHNOLOGY,BTPE-430,Biosensors and Biotechnology,End Sem,https://v1.nitj.ac.in/erp/academic_repository/uploads/3pKydPCkFg0xVu82.pdf,
January-June 2025,B.Tech,2021,CIVIL ENGINEERING,CEOE-477,Building Construction,Mid Sem,https://v1.nitj.ac.in/erp/academic_repository/uploads/TtzBNuYxWZpClJ2w.pdf,
January-June 2025,B.Tech,2021,CIVIL ENGINEERING,CEOE-477,Building Construction,End Sem,https://v1.nitj.ac.in/erp/academic_repository/uploads/8tdq2ivNrTwUxgH6.pdf,
January-June 2025,B.Tech,2021,CIVIL ENGINEERING,CEPC-402,Estimating and Costing,Mid Sem,https://v1.nitj.ac.in/erp/academic_repository/uploads/R3HQYr5Z4ki0BdLU.pdf,
January-June 2025,B.Tech,2021,CIVIL ENGINEERING,CEPC-402,Estimating and Costing,End Sem,https://v1.nitj.ac.in/erp/academic_repository/uploads/XgMi1RpLY7vWodC4.pdf,
January-June 2025,B.Tech,2021,CIVIL ENGINEERING,CEPE-434,Soil Dynamics,Mid Sem,https://v1.nitj.ac.in/erp/academic_repository/uploads/KlCrnMSv7Y1sP9Tu.pdf,
January-June 2025,B.Tech,2021,CIVIL ENGINEERING,CEPE-434,Soil Dynamics,End Sem,https://v1.nitj.ac.in/erp/academic_repository/uploads/qDW2OtEVS9ZYmK14.pdf,
January-June 2025,B.Tech,2021,CIVIL ENGINEERING,CEPE-440,Ground Improvement and Ground Engineering,Mid Sem,https://v1.nitj.ac.in/erp/academic_repository/uploads/UCMPQ97cnvYDHImE.pdf,
January-June 2025,B.Tech,2021,CIVIL ENGINEERING,CEPE-440,Ground Improvement and Ground Engineering,End Sem,https://v1.nitj.ac.in/erp/academic_repository/uploads/a8Ml04yJFdnGYvsW.pdf,
January-June 2025,B.Tech,2021,CIVIL ENGINEERING,CEPE-446,Advanced Environmental Engineering,Mid Sem,https://v1.nitj.ac.in/erp/academic_repository/uploads/xjwlHmkUZJBg5suC.pdf,
January-June 2025,B.Tech,2021,CIVIL ENGINEERING,CEPE-446,Advanced Environmental Engineering,End Sem,https://v1.nitj.ac.in/erp/academic_repository/uploads/hH6Px5tpIRwvNdi0.pdf,
January-June 2025,B.Tech,2021,CIVIL ENGINEERING,CEPE-448,Advanced Civil Engineering Materials,Mid Sem,https://v1.nitj.ac.in/erp/academic_repository/uploads/MhK4XkEJP29Q7Ntx.pdf,
January-June 2025,B.Tech,2021,CIVIL ENGINEERING,CEPE-448,Advanced Civil Engineering Materials,End Sem,https://v1.nitj.ac.in/erp/academic_repository/uploads/aS5XLlRpiq3ZBUVW.pdf,
January-June 2025,B.Tech,2021,CIVIL ENGINEERING,CEPE-454,Highway Construction and Maintenance,Mid Sem,https://v1.nitj.ac.in/erp/academic_repository/uploads/uQpGz5ovna7C1stj.pdf,
January-June 2025,B.Tech,2021,CIVIL ENGINEERING,CEPE-454,Highway Construction and Maintenance,End Sem,https://v1.nitj.ac.in/erp/academic_repository/uploads/8ZMmC7X5BKJOR1dn.pdf,
January-June 2025,B.Tech,2021,CHEMICAL ENGINEERING,CHOE-410,Biorefinery and Bioproducts Engineering,Mid Sem,https://v1.nitj.ac.in/erp/academic_repository/uploads/WTPQcgF5CU3xi076.pdf,
January-June 2025,B.Tech,2021,CHEMICAL ENGINEERING,CHOE-410,Biorefinery and Bioproducts Engineering,End Sem,https://v1.nitj.ac.in/erp/academic_repository/uploads/4EtBJz2YdgscKO7j.pdf,
January-June 2025,B.Tech,2021,CHEMICAL ENGINEERING,CHPC-402,Modeling and Simulation,Mid Sem,https://v1.nitj.ac.in/erp/academic_repository/uploads/6dXVhPCNwu31ni2Z.pdf,
January-June 2025,B.Tech,2021,CHEMICAL ENGINEERING,CHPC-402,Modeling and Simulation,End Sem,https://v1.nitj.ac.in/erp/academic_repository/uploads/bWfHz4wYc2Dq6e8n.pdf,
January-June 2025,B.Tech,2021,CHEMICAL ENGINEERING,CHPE-456,Industrial Environmental Management,Mid Sem,https://v1.nitj.ac.in/erp/academic_repository/uploads/6iZOnsDrJdmqRtvM.pdf,
January-June 2025,B.Tech,2021,CHEMICAL ENGINEERING,CHPE-456,Industrial Environmental Management,End Sem,https://v1.nitj.ac.in/erp/academic_repository/uploads/yQJrYDu0Oq8Cj3WK.pdf,
January-June 2025,B.Tech,2021,CHEMICAL ENGINEERING,CHPE-463,Pressure Driven Membrane Separation Processes,Mid Sem,https://v1.nitj.ac.in/erp/academic_repository/uploads/Sw6N4yTqLnke75MR.pdf,
January-June 2025,B.Tech,2021,CHEMICAL ENGINEERING,CHPE-463,Pressure Driven Membrane Separation Processes,End Sem,https://v1.nitj.ac.in/erp/academic_repository/uploads/Z5iyEJpuWTNkhQsr.pdf,
January-June 2025,B.Tech,2021,CHEMICAL ENGINEERING,CHPE-465,Introduction to Colloids and Interfacial Science and Engineering,Mid Sem,https://v1.nitj.ac.in/erp/academic_repository/uploads/lhqFprgvOXyjKPRC.pdf,
January-June 2025,B.Tech,2021,CHEMICAL ENGINEERING,CHPE-465,Introduction to Colloids and Interfacial Science and Engineering,End Sem,https://v1.nitj.ac.in/erp/academic_repository/uploads/KkY3J1CERaPA4HB5.pdf,
January-June 2025,B.Tech,2021,COMPUTER SCIENCE AND ENGINEERING,CSPC-402,Software Project Management,Mid Sem,https://v1.nitj.ac.in/erp/academic_repository/uploads/t0J8Krp3zRXokEy7.pdf,
January-June 2025,B.Tech,2021,COMPUTER SCIENCE AND ENGINEERING,CSPC-402,Software Project Management,End Sem,https://v1.nitj.ac.in/erp/academic_repository/uploads/XqDv2xCSHYBWePsy.pdf,
January-June 2025,B.Tech,2021,COMPUTER SCIENCE AND ENGINEERING,CSPE-432,Big Data Analytics,Mid Sem,https://v1.nitj.ac.in/erp/academic_repository/uploads/owr0HtUsJQ14aLhM.pdf,
January-June 2025,B.Tech,2021,COMPUTER SCIENCE AND ENGINEERING,CSPE-432,Big Data Analytics,End Sem,https://v1.nitj.ac.in/erp/academic_repository/uploads/XQrGkPwfM7Y62B4V.pdf,
January-June 2025,B.Tech,2021,COMPUTER SCIENCE AND ENGINEERING,CSPE-434,Block Chain Architecture & Use Cases,Mid Sem,https://v1.nitj.ac.in/erp/academic_repository/uploads/nJtoWqZ9Nd4mV3Rf.pdf,
January-June 2025,B.Tech,2021,COMPUTER SCIENCE AND ENGINEERING,CSPE-434,Block Chain Architecture & Use Cases,End Sem,https://v1.nitj.ac.in/erp/academic_repository/uploads/ikrewVqDUFIGLOMg.pdf,
January-June 2025,B.Tech,2021,COMPUTER SCIENCE AND ENGINEERING,CSPE-444,Soft Computing,Mid Sem,https://v1.nitj.ac.in/erp/academic_repository/uploads/12hjCJvrgVlGUX0x.pdf,
January-June 2025,B.Tech,2021,COMPUTER SCIENCE AND ENGINEERING,CSPE-444,Soft Computing,End Sem,https://v1.nitj.ac.in/erp/academic_repository/uploads/6yLpnVQRkevTtNif.pdf,
January-June 2025,B.Tech,2021,COMPUTER SCIENCE AND ENGINEERING,CSPE-450,Human Computer Interaction,Mid Sem,https://v1.nitj.ac.in/erp/academic_repository/uploads/qVyas5eodphYrCm1.pdf,
January-June 2025,B.Tech,2021,COMPUTER SCIENCE AND ENGINEERING,CSPE-450,Human Computer Interaction,End Sem,https://v1.nitj.ac.in/erp/academic_repository/uploads/7xW48hQFrBuyCKwU.pdf,
January-June 2025,B.Tech,2021,COMPUTER SCIENCE AND ENGINEERING,CSPE-452,Principles of Deep Learning,Mid Sem,https://v1.nitj.ac.in/erp/academic_repository/uploads/bMUq1VyuSsHxTYRF.pdf,
January-June 2025,B.Tech,2021,COMPUTER SCIENCE AND ENGINEERING,CSPE-452,Principles of Deep Learning,End Sem,https://v1.nitj.ac.in/erp/academic_repository/uploads/lYSs5PIc0W7NA3ET.pdf,
January-June 2025,B.Tech,2021,COMPUTER SCIENCE AND ENGINEERING,CSPE-460,Agile Software Development,Mid Sem,https://v1.nitj.ac.in/erp/academic_repository/uploads/YZXpJDnoxticI9GV.pdf,
January-June 2025,B.Tech,2021,COMPUTER SCIENCE AND ENGINEERING,CSPE-460,Agile Software Development,End Sem,https://v1.nitj.ac.in/erp/academic_repository/uploads/WqzFvYT5sB0aJxDZ.pdf,
January-June 2025,B.Tech,2021,ELECTRONICS AND COMMUNICATION ENGINEERING,ECOE-480,Technology Entrepreneurship,Mid Sem,https://v1.nitj.ac.in/erp/academic_repository/uploads/MUk7egLEBtZVw30K.pdf,
January-June 2025,B.Tech,2021,ELECTRONICS AND COMMUNICATION ENGINEERING,ECOE-480,Technology Entrepreneurship,End Sem,https://v1.nitj.ac.in/erp/academic_repository/uploads/40gcXxEJIy89DaAK.pdf,
January-June 2025,B.Tech,2021,ELECTRONICS AND COMMUNICATION ENGINEERING,ECPC-404,Microelectronics,Mid Sem,https://v1.nitj.ac.in/erp/academic_repository/uploads/ObAQFg0YeLrP19df.pdf,
January-June 2025,B.Tech,2021,ELECTRONICS AND COMMUNICATION ENGINEERING,ECPC-404,Microelectronics,End Sem,https://v1.nitj.ac.in/erp/academic_repository/uploads/k24VF3fyZpdqNQHC.pdf,
January-June 2025,B.Tech,2021,ELECTRONICS AND COMMUNICATION ENGINEERING,ECPE-448,Radar & Satellite Communication,Mid Sem,https://v1.nitj.ac.in/erp/academic_repository/uploads/0ZMA7gHeKq1TzUJo.pdf,
January-June 2025,B.Tech,2021,ELECTRONICS AND COMMUNICATION ENGINEERING,ECPE-448,Radar & Satellite Communication,End Sem,https://v1.nitj.ac.in/erp/academic_repository/uploads/gET1CiPe2D7IcKWQ.pdf,
January-June 2025,B.Tech,2021,ELECTRONICS AND COMMUNICATION ENGINEERING,ECPE-470,Wireless Sensor Networks,Mid Sem,https://v1.nitj.ac.in/erp/academic_repository/uploads/YC9JAi1d3UsVINeO.pdf,
January-June 2025,B.Tech,2021,ELECTRONICS AND COMMUNICATION ENGINEERING,ECPE-470,Wireless Sensor Networks,End Sem,https://v1.nitj.ac.in/erp/academic_repository/uploads/nvadulgMewJzsW4c.pdf,
January-June 2025,B.Tech,2021,ELECTRONICS AND COMMUNICATION ENGINEERING,ECPE-476,Gamification,Mid Sem,https://v1.nitj.ac.in/erp/academic_repository/uploads/jc1kZFYN6qo8dBHu.pdf,
January-June 2025,B.Tech,2021,ELECTRONICS AND COMMUNICATION ENGINEERING,ECPE-476,Gamification,End Sem,https://v1.nitj.ac.in/erp/academic_repository/uploads/Er2AM4INHknwces0.pdf,
January-June 2025,B.Tech,2021,ELECTRONICS AND COMMUNICATION ENGINEERING,ECPE-490,5G Communication Technologies,Mid Sem,https://v1.nitj.ac.in/erp/academic_repository/uploads/KZabfqG6i1EvUAPL.pdf,
January-June 2025,B.Tech,2021,ELECTRONICS AND COMMUNICATION ENGINEERING,ECPE-490,5G Communication Technologies,End Sem,https://v1.nitj.ac.in/erp/academic_repository/uploads/7p1ITc2kHKSdUPhO.pdf,
January-June 2025,B.Tech,2021,ELECTRICAL ENGINEERING,EEOE-482,Electric Vehicle Technology,Mid Sem,https://v1.nitj.ac.in/erp/academic_repository/uploads/m89tRgQhEF3uws6Z.pdf,
January-June 2025,B.Tech,2021,ELECTRICAL ENGINEERING,EEOE-482,Electric Vehicle Technology,End Sem,https://v1.nitj.ac.in/erp/academic_repository/uploads/1kTxYv9dqauVoj7p.pdf,
January-June 2025,B.Tech,2021,ELECTRICAL ENGINEERING,EEPC-404,Flexible AC Transmission System,Mid Sem,https://v1.nitj.ac.in/erp/academic_repository/uploads/08S5dXVnty7w2oiA.pdf,
January-June 2025,B.Tech,2021,ELECTRICAL ENGINEERING,EEPC-404,Flexible AC Transmission System,End Sem,https://v1.nitj.ac.in/erp/academic_repository/uploads/BHYjz6wTVSM2IgZO.pdf,
January-June 2025,B.Tech,2021,ELECTRICAL ENGINEERING,EEPE-454,Distributed Generation,Mid Sem,https://v1.nitj.ac.in/erp/academic_repository/uploads/j19V8tapuRU5AJC3.pdf,
January-June 2025,B.Tech,2021,ELECTRICAL ENGINEERING,EEPE-454,Distributed Generation,End Sem,https://v1.nitj.ac.in/erp/academic_repository/uploads/eMAkPYwjyHlU9uzs.pdf,
January-June 2025,B.Tech,2021,ELECTRICAL ENGINEERING,EEPE-456,Nonlinear Control System,Mid Sem,https://v1.nitj.ac.in/erp/academic_repository/uploads/jyfNI3RST0sHdUo9.pdf,
January-June 2025,B.Tech,2021,ELECTRICAL ENGINEERING,EEPE-456,Nonlinear Control System,End Sem,https://v1.nitj.ac.in/erp/academic_repository/uploads/KQGzryRbYEaqlt6L.pdf,
January-June 2025,B.Tech,2021,ELECTRICAL ENGINEERING,EEPE-460,Electrical Machine Design,Mid Sem,https://v1.nitj.ac.in/erp/academic_repository/uploads/AGEgrXc0o2s371QL.pdf,
January-June 2025,B.Tech,2021,ELECTRICAL ENGINEERING,EEPE-460,Electrical Machine Design,End Sem,https://v1.nitj.ac.in/erp/academic_repository/uploads/PIkuz6KnLYvlFaUA.pdf,
January-June 2025,B.Tech,2021,HUMANITIES AND MANAGEMENT (Open Elective),HMOE-424,Leadership and Organizational Change,Mid Sem,https://v1.nitj.ac.in/erp/academic_repository/uploads/6KzSjvt5gXdhIrBn.pdf,
January-June 2025,B.Tech,2021,HUMANITIES AND MANAGEMENT (Open Elective),HMOE-424,Leadership and Organizational Change,End Sem,https://v1.nitj.ac.in/erp/academic_repository/uploads/p2zQwSgZ34vA6MPh.pdf,
January-June 2025,B.Tech,2021,INSTRUMENTATION AND CONTROL ENGINEERING,ICPC-402,Advanced Process Control,Mid Sem,https://v1.nitj.ac.in/erp/academic_repository/uploads/AOmo9ShRK8UFkQD4.pdf,
January-June 2025,B.Tech,2021,INSTRUMENTATION AND CONTROL ENGINEERING,ICPC-402,Advanced Process Control,End Sem,https://v1.nitj.ac.in/erp/academic_repository/uploads/Z6bcivIqtVB8uhea.pdf,
January-June 2025,B.Tech,2021,INSTRUMENTATION AND CONTROL ENGINEERING,ICPE-453,Physiological Control System,Mid Sem,https://v1.nitj.ac.in/erp/academic_repository/uploads/8NMWXZ4kVxQbtDHy.pdf,
January-June 2025,B.Tech,2021,INSTRUMENTATION AND CONTROL ENGINEERING,ICPE-453,Physiological Control System,End Sem,https://v1.nitj.ac.in/erp/academic_repository/uploads/Ho5qwLKSfer9pTaB.pdf,
January-June 2025,B.Tech,2021,INSTRUMENTATION AND CONTROL ENGINEERING,ICPE-458,Advanced Sensors,Mid Sem,https://v1.nitj.ac.in/erp/academic_repository/uploads/K6CtXfvE0uOV3JjN.pdf,
January-June 2025,B.Tech,2021,INSTRUMENTATION AND CONTROL ENGINEERING,ICPE-458,Advanced Sensors,End Sem,https://v1.nitj.ac.in/erp/academic_repository/uploads/JRmLdOjQpXvrAUqz.pdf,
January-June 2025,B.Tech,2021,INSTRUMENTATION AND CONTROL ENGINEERING,ICPE-459,Digital Image Processing,Mid Sem,https://v1.nitj.ac.in/erp/academic_repository/uploads/on6CEMSHN9Rirz1a.pdf,
January-June 2025,B.Tech,2021,INSTRUMENTATION AND CONTROL ENGINEERING,ICPE-459,Digital Image Processing,End Sem,https://v1.nitj.ac.in/erp/academic_repository/uploads/S3BnY9qyAiCzsaTo.pdf,
January-June 2025,B.Tech,2021,INSTRUMENTATION AND CONTROL ENGINEERING,ICPE-465,Industrial Safety,Mid Sem,https://v1.nitj.ac.in/erp/academic_repository/uploads/WbUR06QEPiLdXgTz.pdf,
January-June 2025,B.Tech,2021,INSTRUMENTATION AND CONTROL ENGINEERING,ICPE-465,Industrial Safety,End Sem,https://v1.nitj.ac.in/erp/academic_repository/uploads/LXe3luF8DfvHIzsW.pdf,
January-June 2025,B.Tech,2021,INDUSTRIAL AND PRODUCTION ENGINEERING,IPOE-424,Project Management,Mid Sem,https://v1.nitj.ac.in/erp/academic_repository/uploads/tWIuSvzjE5sX4dTg.pdf,
January-June 2025,B.Tech,2021,INDUSTRIAL AND PRODUCTION ENGINEERING,IPOE-424,Project Management,End Sem,https://v1.nitj.ac.in/erp/academic_repository/uploads/CSjsNd8bG2leOZmf.pdf,
January-June 2025,B.Tech,2021,INDUSTRIAL AND PRODUCTION ENGINEERING,IPPC-402,Project Management,Mid Sem,https://v1.nitj.ac.in/erp/academic_repository/uploads/GntQCYiKmWUuqdIz.pdf,
January-June 2025,B.Tech,2021,INDUSTRIAL AND PRODUCTION ENGINEERING,IPPC-402,Project Management,End Sem,https://v1.nitj.ac.in/erp/academic_repository/uploads/q6Ab2snLgZi5Xavx.pdf,
January-June 2025,B.Tech,2021,INDUSTRIAL AND PRODUCTION ENGINEERING,IPPE-432,Maintenance and Reliability Engineering,Mid Sem,https://v1.nitj.ac.in/erp/academic_repository/uploads/GYf2diIEjmyvtUNw.pdf,
January-June 2025,B.Tech,2021,INDUSTRIAL AND PRODUCTION ENGINEERING,IPPE-432,Maintenance and Reliability Engineering,End Sem,https://v1.nitj.ac.in/erp/academic_repository/uploads/e1RxP0LBJMrTyo8p.pdf,
January-June 2025,B.Tech,2021,INDUSTRIAL AND PRODUCTION ENGINEERING,IPPE-461,"Lean, Six-Sigma and Theory of Constraints",Mid Sem,https://v1.nitj.ac.in/erp/academic_repository/uploads/mEhBgY6nSNoKTWZz.pdf,
January-June 2025,B.Tech,2021,INDUSTRIAL AND PRODUCTION ENGINEERING,IPPE-461,"Lean, Six-Sigma and Theory of Constraints",End Sem,https://v1.nitj.ac.in/erp/academic_repository/uploads/4NfErWx5MQKYd7nq.pdf,
January-June 2025,B.Tech,2021,INDUSTRIAL AND PRODUCTION ENGINEERING,IPPE-467,Introduction to MATLAB,Mid Sem,https://v1.nitj.ac.in/erp/academic_repository/uploads/O7Fv8IrgNf5zda0q.pdf,
January-June 2025,B.Tech,2021,INDUSTRIAL AND PRODUCTION ENGINEERING,IPPE-467,Introduction to MATLAB,End Sem,https://v1.nitj.ac.in/erp/academic_repository/uploads/yebqzk1XHvrM8BWn.pdf,
January-June 2025,B.Tech,2021,INFORMATION TECHNOLOGY,ITOE-008,Fundamentals of Artificial Intelligence,Mid Sem,https://v1.nitj.ac.in/erp/academic_repository/uploads/gCHW2jY4J3efUcru.pdf,
January-June 2025,B.Tech,2021,INFORMATION TECHNOLOGY,ITOE-008,Fundamentals of Artificial Intelligence,End Sem,https://v1.nitj.ac.in/erp/academic_repository/uploads/q706RsHVMpSJAcXy.pdf,
January-June 2025,B.Tech,2021,INFORMATION TECHNOLOGY,ITPC-402,Decision Support Systems Methodology,Mid Sem,https://v1.nitj.ac.in/erp/academic_repository/uploads/vkGuZjxyWPNXe5sd.pdf,
January-June 2025,B.Tech,2021,INFORMATION TECHNOLOGY,ITPC-402,Decision Support Systems Methodology,End Sem,https://v1.nitj.ac.in/erp/academic_repository/uploads/krPz9msAGpqXF5UK.pdf,
January-June 2025,B.Tech,2021,INFORMATION TECHNOLOGY,ITPE-051,Advance Concepts in Operating System,Mid Sem,https://v1.nitj.ac.in/erp/academic_repository/uploads/gysYu3NF1H2xIhJ9.pdf,
January-June 2025,B.Tech,2021,INFORMATION TECHNOLOGY,ITPE-051,Advance Concepts in Operating System,End Sem,https://v1.nitj.ac.in/erp/academic_repository/uploads/Me29FrwtlbAogz6v.pdf,
January-June 2025,B.Tech,2021,INFORMATION TECHNOLOGY,ITPE-056,Agile Software Development,Mid Sem,https://v1.nitj.ac.in/erp/academic_repository/uploads/P0KYxfGiSCXdyb4M.pdf,
January-June 2025,B.Tech,2021,INFORMATION TECHNOLOGY,ITPE-056,Agile Software Development,End Sem,https://v1.nitj.ac.in/erp/academic_repository/uploads/IG6ys8rVXw3MPgc1.pdf,
January-June 2025,B.Tech,2021,INFORMATION TECHNOLOGY,ITPE-062,Cyber Forensic,Mid Sem,https://v1.nitj.ac.in/erp/academic_repository/uploads/OZY0JGxkof526sPm.pdf,
January-June 2025,B.Tech,2021,INFORMATION TECHNOLOGY,ITPE-062,Cyber Forensic,End Sem,https://v1.nitj.ac.in/erp/academic_repository/uploads/v7egoIm6FWRcKLMh.pdf,
January-June 2025,B.Tech,2021,INFORMATION TECHNOLOGY,ITPE-063,Artificial Intelligence Concepts,Mid Sem,https://v1.nitj.ac.in/erp/academic_repository/uploads/Da9B7nLx3PuyloOQ.pdf,
January-June 2025,B.Tech,2021,INFORMATION TECHNOLOGY,ITPE-063,Artificial Intelligence Concepts,End Sem,https://v1.nitj.ac.in/erp/academic_repository/uploads/XKZVLh6IxprQ3lYT.pdf,
January-June 2025,B.Tech,2021,INFORMATION TECHNOLOGY,ITPE-064,Internet of Things (IoT) Concepts,Mid Sem,https://v1.nitj.ac.in/erp/academic_repository/uploads/ZXRB1a57eNfWsyvh.pdf,
January-June 2025,B.Tech,2021,INFORMATION TECHNOLOGY,ITPE-064,Internet of Things (IoT) Concepts,End Sem,https://v1.nitj.ac.in/erp/academic_repository/uploads/f6sTQgHZipeuBO9E.pdf,
January-June 2025,B.Tech,2021,INFORMATION TECHNOLOGY,ITPE-070,Natural Language Processing,Mid Sem,https://v1.nitj.ac.in/erp/academic_repository/uploads/o0wSTZPE6g8cu4Ad.pdf,
January-June 2025,B.Tech,2021,INFORMATION TECHNOLOGY,ITPE-070,Natural Language Processing,End Sem,https://v1.nitj.ac.in/erp/academic_repository/uploads/zWceMrS6Fy3kPf0b.pdf,
January-June 2025,B.Tech,2021,MECHANICAL ENGINEERING,MEOE-459,Solar Thermal Process,Mid Sem,https://v1.nitj.ac.in/erp/academic_repository/uploads/1nSxWgDitQz0rwuG.pdf,
January-June 2025,B.Tech,2021,MECHANICAL ENGINEERING,MEOE-459,Solar Thermal Process,End Sem,https://v1.nitj.ac.in/erp/academic_repository/uploads/RfYxBqC2g0ybHlXo.pdf,
January-June 2025,B.Tech,2021,MECHANICAL ENGINEERING,MEPE-407,Energy Management,Mid Sem,https://v1.nitj.ac.in/erp/academic_repository/uploads/sxqBFaO3p5R7j2yD.pdf,
January-June 2025,B.Tech,2021,MECHANICAL ENGINEERING,MEPE-407,Energy Management,End Sem,https://v1.nitj.ac.in/erp/academic_repository/uploads/ME6JdDtlmih3k5vB.pdf,
January-June 2025,B.Tech,2021,MECHANICAL ENGINEERING,MEPE-414,Metal Cutting and Machine Tools,Mid Sem,https://v1.nitj.ac.in/erp/academic_repository/uploads/36homVvHESPpe5FZ.pdf,
January-June 2025,B.Tech,2021,MECHANICAL ENGINEERING,MEPE-414,Metal Cutting and Machine Tools,End Sem,https://v1.nitj.ac.in/erp/academic_repository/uploads/0bjufLMdnm9kG5IU.pdf,
January-June 2025,B.Tech,2021,MECHANICAL ENGINEERING,MEPE-423,Robotics: Mechanics and Control,Mid Sem,https://v1.nitj.ac.in/erp/academic_repository/uploads/nXQVb10HUZkzlMEN.pdf,
January-June 2025,B.Tech,2021,MECHANICAL ENGINEERING,MEPE-423,Robotics: Mechanics and Control,End Sem,https://v1.nitj.ac.in/erp/academic_repository/uploads/7J3xZbpQrC25Lkyn.pdf,
January-June 2025,B.Tech,2021,MECHANICAL ENGINEERING,MEPE-432,Refrigeration Systems and Components Design,Mid Sem,https://v1.nitj.ac.in/erp/academic_repository/uploads/6D0xNzvosdH3IaAF.pdf,
January-June 2025,B.Tech,2021,MECHANICAL ENGINEERING,MEPE-432,Refrigeration Systems and Components Design,End Sem,https://v1.nitj.ac.in/erp/academic_repository/uploads/ktK9wjoznTA3yrCB.pdf,
January-June 2025,B.Tech,2021,MECHANICAL ENGINEERING,MEPE-433,Integrated Energy Systems,Mid Sem,https://v1.nitj.ac.in/erp/academic_repository/uploads/ZIqQPOEcJk0se8DW.pdf,
January-June 2025,B.Tech,2021,MECHANICAL ENGINEERING,MEPE-433,Integrated Energy Systems,End Sem,https://v1.nitj.ac.in/erp/academic_repository/uploads/IdB6C1fE7XoDkJPZ.pdf,
January-June 2025,B.Tech,2021,MECHANICAL ENGINEERING,MEPE-436,Automobile Engineering and E-Mobility,Mid Sem,https://v1.nitj.ac.in/erp/academic_repository/uploads/lA0YrH2KVn5oqxTF.pdf,
January-June 2025,B.Tech,2021,MECHANICAL ENGINEERING,MEPE-436,Automobile Engineering and E-Mobility,End Sem,https://v1.nitj.ac.in/erp/academic_repository/uploads/HUPgXq0J4mYy7nwB.pdf,
January-June 2025,B.Tech,2021,MECHANICAL ENGINEERING,MEPE-437,Computer Aided Design,Mid Sem,https://v1.nitj.ac.in/erp/academic_repository/uploads/5rFKiI1unoQtXHOy.pdf,
January-June 2025,B.Tech,2021,MECHANICAL ENGINEERING,MEPE-437,Computer Aided Design,End Sem,https://v1.nitj.ac.in/erp/academic_repository/uploads/h076l8R3ViDgq4tL.pdf,
January-June 2025,B.Tech,2021,MECHANICAL ENGINEERING,MEPE-443,Multi-Phase Flow and Heat Transfer,Mid Sem,https://v1.nitj.ac.in/erp/academic_repository/uploads/alD1tSzZbfxeocUT.pdf,
January-June 2025,B.Tech,2021,MECHANICAL ENGINEERING,MEPE-443,Multi-Phase Flow and Heat Transfer,End Sem,https://v1.nitj.ac.in/erp/academic_repository/uploads/S4aBw0lXU7eZ3OjQ.pdf,
January-June 2025,B.Tech,2021,PHYSICS (Open Elective),PHOE-302,Statistical and Computational Techniques,Mid Sem,https://v1.nitj.ac.in/erp/academic_repository/uploads/ZopmgjzFMa9LvVGJ.pdf,
January-June 2025,B.Tech,2021,PHYSICS (Open Elective),PHOE-302,Statistical and Computational Techniques,End Sem,https://v1.nitj.ac.in/erp/academic_repository/uploads/JSYo7kj0zE5w3bXr.pdf,
January-June 2025,B.Tech,2021,TEXTILE TECHNOLOGY,TTPC-402,Technical Textiles,Mid Sem,https://v1.nitj.ac.in/erp/academic_repository/uploads/Da1kwLvBf7snEmhF.pdf,
January-June 2025,B.Tech,2021,TEXTILE TECHNOLOGY,TTPC-402,Technical Textiles,End Sem,https://v1.nitj.ac.in/erp/academic_repository/uploads/2xRNpXursKLhYCoV.pdf,
January-June 2025,B.Tech,2021,TEXTILE TECHNOLOGY,TTPE-421,Characterization of Fibre and Polymers,Mid Sem,https://v1.nitj.ac.in/erp/academic_repository/uploads/NBjVFlIdMPby8EiK.pdf,
January-June 2025,B.Tech,2021,TEXTILE TECHNOLOGY,TTPE-421,Characterization of Fibre and Polymers,End Sem,https://v1.nitj.ac.in/erp/academic_repository/uploads/hSmcRGtX0HqeV1Lu.pdf,
January-June 2025,B.Tech,2021,TEXTILE TECHNOLOGY,TTPE-424,Waste Management and Pollution Control in Textile Industry,Mid Sem,https://v1.nitj.ac.in/erp/academic_repository/uploads/Kc8NaJuOtYZ9s5jS.pdf,
January-June 2025,B.Tech,2021,TEXTILE TECHNOLOGY,TTPE-424,Waste Management and Pollution Control in Textile Industry,End Sem,https://v1.nitj.ac.in/erp/academic_repository/uploads/rmZO3NKvU0ewDhPn.pdf,
January-June 2025,B.Tech,2021,TEXTILE TECHNOLOGY,TTPE-425,Apparel Marketing and Merchandising,Mid Sem,https://v1.nitj.ac.in/erp/academic_repository/uploads/JGTePd7NWrkbM1Ey.pdf,
January-June 2025,B.Tech,2021,TEXTILE TECHNOLOGY,TTPE-425,Apparel Marketing and Merchandising,End Sem,https://v1.nitj.ac.in/erp/academic_repository/uploads/DfpEsxzbKd8cZJAr.pdf,
January-June 2025,B.Tech,2021,TEXTILE TECHNOLOGY,TTPE-430,Quality Control in Chemical Processing,Mid Sem,https://v1.nitj.ac.in/erp/academic_repository/uploads/VLi7rRWm2upB5zAG.pdf,
January-June 2025,B.Tech,2021,TEXTILE TECHNOLOGY,TTPE-430,Quality Control in Chemical Processing,End Sem,https://v1.nitj.ac.in/erp/academic_repository/uploads/oFiDUdONrekAuwq5.pdf,
January-June 2025,B.Tech,2021,TEXTILE TECHNOLOGY,TTPE-437,Bioprocessing of Textiles,Mid Sem,https://v1.nitj.ac.in/erp/academic_repository/uploads/JPs9gb7xCNQkzVDM.pdf,
January-June 2025,B.Tech,2021,TEXTILE TECHNOLOGY,TTPE-437,Bioprocessing of Textiles,End Sem,https://v1.nitj.ac.in/erp/academic_repository/uploads/SFd1Y9eyBJRk6TUz.pdf,
January-June 2025,B.Tech (Minor),2023,COMPUTER SCIENCE AND ENGINEERING,CSMI0202,Relational Database Management System,Mid Sem,https://v1.nitj.ac.in/erp/academic_repository/uploads/R4Bt9jZcGweFqaAL.pdf,
January-June 2025,B.Tech (Minor),2023,COMPUTER SCIENCE AND ENGINEERING,CSMI0202,Relational Database Management System,End Sem,https://v1.nitj.ac.in/erp/academic_repository/uploads/MwbV4pNm52XAPjkg.pdf,
January-June 2025,B.Tech (Minor),2022,COMPUTER SCIENCE AND ENGINEERING,CSMI-302,Object Oriented Programming,Mid Sem,https://v1.nitj.ac.in/erp/academic_repository/uploads/oRp5bi9cngfENCw6.pdf,
January-June 2025,B.Tech (Minor),2022,COMPUTER SCIENCE AND ENGINEERING,CSMI-302,Object Oriented Programming,End Sem,https://v1.nitj.ac.in/erp/academic_repository/uploads/zysvPqS51UR2GbnJ.pdf,
January-June 2025,B.Tech (Minor),2021,COMPUTER SCIENCE AND ENGINEERING,CSMI-402,Data Analytics,Mid Sem,https://v1.nitj.ac.in/erp/academic_repository/uploads/mBID5v3u90ckClMs.pdf,
January-June 2025,B.Tech (Minor),2021,COMPUTER SCIENCE AND ENGINEERING,CSMI-402,Data Analytics,End Sem,https://v1.nitj.ac.in/erp/academic_repository/uploads/FSOJ3lUoBgLGb0pc.pdf,
January-June 2025,B.Tech (Minor),2021,ELECTRONICS AND COMMUNICATION ENGINEERING,ECMI-402,VLSI Circuit and System Design,Mid Sem,https://v1.nitj.ac.in/erp/academic_repository/uploads/pPKvgS9W0Dyloexk.pdf,
January-June 2025,B.Tech (Minor),2021,ELECTRONICS AND COMMUNICATION ENGINEERING,ECMI-402,VLSI Circuit and System Design,End Sem,https://v1.nitj.ac.in/erp/academic_repository/uploads/WXPg6ADIMd4Yq5wv.pdf,
January-June 2025,M.Sc.,2024,CHEMISTRY,CY-502,Quantum Chemistry,Mid Sem,https://v1.nitj.ac.in/erp/academic_repository/uploads/o2YZdJ7L96BTDeX8.pdf,
January-June 2025,M.Sc.,2024,CHEMISTRY,CY-502,Quantum Chemistry,End Sem,https://v1.nitj.ac.in/erp/academic_repository/uploads/Zw2XT9N4vfJt7pdR.pdf,
January-June 2025,M.Sc.,2024,CHEMISTRY,CY-504,Pharmaceutical Chemistry,Mid Sem,https://v1.nitj.ac.in/erp/academic_repository/uploads/06ksoPWV7GgmA8Yf.pdf,
January-June 2025,M.Sc.,2024,CHEMISTRY,CY-504,Pharmaceutical Chemistry,End Sem,https://v1.nitj.ac.in/erp/academic_repository/uploads/qDUxCoOfvbkMi2yP.pdf,
January-June 2025,M.Sc.,2024,CHEMISTRY,CY-506,"Surface Chemistry, Adsorption and Catalysis",Mid Sem,https://v1.nitj.ac.in/erp/academic_repository/uploads/dpfKv6AeswxcFNJk.pdf,
January-June 2025,M.Sc.,2024,CHEMISTRY,CY-506,"Surface Chemistry, Adsorption and Catalysis",End Sem,https://v1.nitj.ac.in/erp/academic_repository/uploads/0ZQhJOFuCIma8y1b.pdf,
January-June 2025,M.Sc.,2024,CHEMISTRY,CY-508,Principles of Organic Synthesis,Mid Sem,https://v1.nitj.ac.in/erp/academic_repository/uploads/qZ8MXCcwULu93bW1.pdf,
January-June 2025,M.Sc.,2024,CHEMISTRY,CY-508,Principles of Organic Synthesis,End Sem,https://v1.nitj.ac.in/erp/academic_repository/uploads/TmhMrV4K6FCaNZRG.pdf,
January-June 2025,M.Sc.,2024,CHEMISTRY,CY-510,Symmetry and Group Theory,Mid Sem,https://v1.nitj.ac.in/erp/academic_repository/uploads/K92pHEoi6ubQaGyn.pdf,
January-June 2025,M.Sc.,2024,CHEMISTRY,CY-510,Symmetry and Group Theory,End Sem,https://v1.nitj.ac.in/erp/academic_repository/uploads/B1eq0h6Vu5fX8o4F.pdf,
January-June 2025,M.Sc.,2024,CHEMISTRY,CY-512,Molecular Spectroscopy,Mid Sem,https://v1.nitj.ac.in/erp/academic_repository/uploads/iLtvTQ4kHWKbRVhy.pdf,
January-June 2025,M.Sc.,2024,CHEMISTRY,CY-512,Molecular Spectroscopy,End Sem,https://v1.nitj.ac.in/erp/academic_repository/uploads/b7kAXl4uIyScFLPq.pdf,
January-June 2025,M.Sc.,2024,MATHEMATICS,MA-502,Topology,Mid Sem,https://v1.nitj.ac.in/erp/academic_repository/uploads/mW6j2TKMrAsJpIVh.pdf,
January-June 2025,M.Sc.,2024,MATHEMATICS,MA-502,Topology,End Sem,https://v1.nitj.ac.in/erp/academic_repository/uploads/vocM2AzZXGf9V0lE.pdf,
January-June 2025,M.Sc.,2024,MATHEMATICS,MA-504,Mathematical Statistics,Mid Sem,https://v1.nitj.ac.in/erp/academic_repository/uploads/p45OUZQaPM3WkRf7.pdf,
January-June 2025,M.Sc.,2024,MATHEMATICS,MA-504,Mathematical Statistics,End Sem,https://v1.nitj.ac.in/erp/academic_repository/uploads/71ySmpIlkP8ng5TY.pdf,
January-June 2025,M.Sc.,2024,MATHEMATICS,MA-506,Numerical Analysis,Mid Sem,https://v1.nitj.ac.in/erp/academic_repository/uploads/WnHvelxzhKFDp1AP.pdf,
January-June 2025,M.Sc.,2024,MATHEMATICS,MA-506,Numerical Analysis,End Sem,https://v1.nitj.ac.in/erp/academic_repository/uploads/aZFfPteqIsB9EYlw.pdf,
January-June 2025,M.Sc.,2024,MATHEMATICS,MA-508,Operations Research-I,Mid Sem,https://v1.nitj.ac.in/erp/academic_repository/uploads/WqPNjtgzyu6OkC7V.pdf,
January-June 2025,M.Sc.,2024,MATHEMATICS,MA-508,Operations Research-I,End Sem,https://v1.nitj.ac.in/erp/academic_repository/uploads/yeaPOhXZdfjQptHb.pdf,
January-June 2025,M.Sc.,2024,MATHEMATICS,MA-510,Complex Analysis,Mid Sem,https://v1.nitj.ac.in/erp/academic_repository/uploads/o97vFOkwCHZ0jaQ5.pdf,
January-June 2025,M.Sc.,2024,MATHEMATICS,MA-510,Complex Analysis,End Sem,https://v1.nitj.ac.in/erp/academic_repository/uploads/vHqx32ZuRWnVPfmw.pdf,
January-June 2025,M.Sc.,2024,PHYSICS,PH-502,Quantum Mechanics-I,Mid Sem,https://v1.nitj.ac.in/erp/academic_repository/uploads/F3Cfgv95UNItKMym.pdf,
January-June 2025,M.Sc.,2024,PHYSICS,PH-502,Quantum Mechanics-I,End Sem,https://v1.nitj.ac.in/erp/academic_repository/uploads/aOYuUbxRiHFV583L.pdf,
January-June 2025,M.Sc.,2024,PHYSICS,PH-504,Solid State Physics-I,Mid Sem,https://v1.nitj.ac.in/erp/academic_repository/uploads/lfCiqKe05OgUQRn7.pdf,
January-June 2025,M.Sc.,2024,PHYSICS,PH-504,Solid State Physics-I,End Sem,https://v1.nitj.ac.in/erp/academic_repository/uploads/x1CuXaqDEA5nPhvG.pdf,
January-June 2025,M.Sc.,2024,PHYSICS,PH-506,Statistical Physics,Mid Sem,https://v1.nitj.ac.in/erp/academic_repository/uploads/TH5s9ik0BjzItFLp.pdf,
January-June 2025,M.Sc.,2024,PHYSICS,PH-506,Statistical Physics,End Sem,https://v1.nitj.ac.in/erp/academic_repository/uploads/1fRbZIPpWUwhQB7a.pdf,
January-June 2025,M.Sc.,2024,PHYSICS,PH-508,Electrodynamics,Mid Sem,https://v1.nitj.ac.in/erp/academic_repository/uploads/5UqpGmXbRHZraNkM.pdf,
January-June 2025,M.Sc.,2024,PHYSICS,PH-508,Electrodynamics,End Sem,https://v1.nitj.ac.in/erp/academic_repository/uploads/MXejdaqczDhR0wSK.pdf,
January-June 2025,M.Sc.,2024,PHYSICS,PH-526,Nuclear Instrumentation,Mid Sem,https://v1.nitj.ac.in/erp/academic_repository/uploads/cyjMJgflpx1rIHvP.pdf,
January-June 2025,M.Sc.,2024,PHYSICS,PH-526,Nuclear Instrumentation,End Sem,https://v1.nitj.ac.in/erp/academic_repository/uploads/07l9H6SOdGjtaW2o.pdf,
January-June 2025,M.Sc.,2024,PHYSICS,PH-528,Nanostructured Materials,Mid Sem,https://v1.nitj.ac.in/erp/academic_repository/uploads/C6pibsDlc4WI8ko1.pdf,
January-June 2025,M.Sc.,2024,PHYSICS,PH-528,Nanostructured Materials,End Sem,https://v1.nitj.ac.in/erp/academic_repository/uploads/ZkTByGLEF3Ivz9OJ.pdf,
January-June 2025,M.Sc.,2023,CHEMISTRY,CY-518,Frontiers in Physical Chemistry,Mid Sem,https://v1.nitj.ac.in/erp/academic_repository/uploads/VXTqj6aedWvz3ghC.pdf,
January-June 2025,M.Sc.,2023,CHEMISTRY,CY-518,Frontiers in Physical Chemistry,End Sem,https://v1.nitj.ac.in/erp/academic_repository/uploads/SoQKXwnj79pqeHh8.pdf,
January-June 2025,M.Sc.,2023,CHEMISTRY,CY-520,Interdisciplinary Topics in Chemistry,Mid Sem,https://v1.nitj.ac.in/erp/academic_repository/uploads/9NQrG4vW1cethZjx.pdf,
January-June 2025,M.Sc.,2023,CHEMISTRY,CY-520,Interdisciplinary Topics in Chemistry,End Sem,https://v1.nitj.ac.in/erp/academic_repository/uploads/LCXA8xnrDjSVlhkG.pdf,
January-June 2025,M.Sc.,2023,CHEMISTRY,CY-522,Frontiers in Organic Chemistry,Mid Sem,https://v1.nitj.ac.in/erp/academic_repository/uploads/ZRbPlYtJ6ijokCyd.pdf,
January-June 2025,M.Sc.,2023,CHEMISTRY,CY-522,Frontiers in Organic Chemistry,End Sem,https://v1.nitj.ac.in/erp/academic_repository/uploads/dzulnDapmekRVKiO.pdf,
January-June 2025,M.Sc.,2023,CHEMISTRY,CY-525,Bioinorganic Chemistry,Mid Sem,https://v1.nitj.ac.in/erp/academic_repository/uploads/zvhrbuHsaVIEPpXC.pdf,
January-June 2025,M.Sc.,2023,CHEMISTRY,CY-525,Bioinorganic Chemistry,End Sem,https://v1.nitj.ac.in/erp/academic_repository/uploads/du19vyjUkl0rxeCn.pdf,
January-June 2025,M.Sc.,2023,CHEMISTRY,CY-527,Advanced Inorganic Chemistry II,Mid Sem,https://v1.nitj.ac.in/erp/academic_repository/uploads/tb6D7cXOSVN10iAp.pdf,
January-June 2025,M.Sc.,2023,CHEMISTRY,CY-527,Advanced Inorganic Chemistry II,End Sem,https://v1.nitj.ac.in/erp/academic_repository/uploads/bxacoX7HRCBgTG54.pdf,
January-June 2025,M.Sc.,2023,MATHEMATICS,MA-514,Differential Geometry,Mid Sem,https://v1.nitj.ac.in/erp/academic_repository/uploads/zxIMu3YEUJqcmVva.pdf,
January-June 2025,M.Sc.,2023,MATHEMATICS,MA-514,Differential Geometry,End Sem,https://v1.nitj.ac.in/erp/academic_repository/uploads/Ky6O1j0eDiCGcXQY.pdf,
January-June 2025,M.Sc.,2023,MATHEMATICS,MA-516,Real Analysis-II,Mid Sem,https://v1.nitj.ac.in/erp/academic_repository/uploads/NlYk16HeVFmhZxy5.pdf,
January-June 2025,M.Sc.,2023,MATHEMATICS,MA-516,Real Analysis-II,End Sem,https://v1.nitj.ac.in/erp/academic_repository/uploads/v8JsiAC4kORmjLTB.pdf,
January-June 2025,M.Sc.,2023,MATHEMATICS,MA-517,Mathematical Methods,Mid Sem,https://v1.nitj.ac.in/erp/academic_repository/uploads/tmLB8yKxc4u1nZqo.pdf,
January-June 2025,M.Sc.,2023,MATHEMATICS,MA-517,Mathematical Methods,End Sem,https://v1.nitj.ac.in/erp/academic_repository/uploads/DPO2kIK3vLrxUWdh.pdf,
January-June 2025,M.Sc.,2023,MATHEMATICS,MA-528,Finite Element Method for Partial Differential Equations,Mid Sem,https://v1.nitj.ac.in/erp/academic_repository/uploads/guODxSWbKHwvRBUl.pdf,
January-June 2025,M.Sc.,2023,MATHEMATICS,MA-528,Finite Element Method for Partial Differential Equations,End Sem,https://v1.nitj.ac.in/erp/academic_repository/uploads/spdDknIv0Obrj7mP.pdf,
January-June 2025,M.Sc.,2023,PHYSICS,PH-510,Particle Physics,Mid Sem,https://v1.nitj.ac.in/erp/academic_repository/uploads/NYuQEGsylpfXCn9o.pdf,
January-June 2025,M.Sc.,2023,PHYSICS,PH-510,Particle Physics,End Sem,https://v1.nitj.ac.in/erp/academic_repository/uploads/ANocCDshWgJ90uMv.pdf,
January-June 2025,M.Sc.,2023,PHYSICS,PH-512,Atomic and Molecular Spectroscopy,Mid Sem,https://v1.nitj.ac.in/erp/academic_repository/uploads/GsHYASehgLjrRQcf.pdf,
January-June 2025,M.Sc.,2023,PHYSICS,PH-512,Atomic and Molecular Spectroscopy,End Sem,https://v1.nitj.ac.in/erp/academic_repository/uploads/OSziyGtb1698KR5T.pdf,
January-June 2025,M.Sc.,2023,PHYSICS,PH-542,Nuclear Accelerator and Radiation Physics,Mid Sem,https://v1.nitj.ac.in/erp/academic_repository/uploads/tPyRlfO8zBgjIMi3.pdf,
January-June 2025,M.Sc.,2023,PHYSICS,PH-542,Nuclear Accelerator and Radiation Physics,End Sem,https://v1.nitj.ac.in/erp/academic_repository/uploads/ZoMxpNmu3SVlQY4C.pdf,
January-June 2025,M.Sc.,2023,PHYSICS,PH-548,Quantum Field Theory,Mid Sem,https://v1.nitj.ac.in/erp/academic_repository/uploads/fuROnId9h26SmiDp.pdf,
January-June 2025,M.Sc.,2023,PHYSICS,PH-548,Quantum Field Theory,End Sem,https://v1.nitj.ac.in/erp/academic_repository/uploads/Ybe1TKR7nugGdv6k.pdf,
January-June 2025,M.Tech,2024,ARTIFICIAL INTELLIGENCE,AI-502,Computer Vision and Natural Language Processing,Mid Sem,https://v1.nitj.ac.in/erp/academic_repository/uploads/G7F1vC8MyJQnXcaB.pdf,
January-June 2025,M.Tech,2024,ARTIFICIAL INTELLIGENCE,AI-502,Computer Vision and Natural Language Processing,End Sem,https://v1.nitj.ac.in/erp/academic_repository/uploads/nWMF4wTiCZXOfqjY.pdf,
January-June 2025,M.Tech,2024,ARTIFICIAL INTELLIGENCE,AI-504,Foundations of Deep Learning,Mid Sem,https://v1.nitj.ac.in/erp/academic_repository/uploads/uOaWvxK3zfLV1B70.pdf,
January-June 2025,M.Tech,2024,ARTIFICIAL INTELLIGENCE,AI-504,Foundations of Deep Learning,End Sem,https://v1.nitj.ac.in/erp/academic_repository/uploads/ozFlV3WYDit4U0Ch.pdf,
January-June 2025,M.Tech,2024,ARTIFICIAL INTELLIGENCE,AI-603,Social Network Analysis,Mid Sem,https://v1.nitj.ac.in/erp/academic_repository/uploads/9kIg2x0DNli8PYJ1.pdf,
January-June 2025,M.Tech,2024,ARTIFICIAL INTELLIGENCE,AI-603,Social Network Analysis,End Sem,https://v1.nitj.ac.in/erp/academic_repository/uploads/6FjcVtRaDwX2fnG1.pdf,
January-June 2025,M.Tech,2024,ARTIFICIAL INTELLIGENCE,AI-604,AI Video Analytics,Mid Sem,https://v1.nitj.ac.in/erp/academic_repository/uploads/gK0aW71PFwCmnl6t.pdf,
January-June 2025,M.Tech,2024,ARTIFICIAL INTELLIGENCE,AI-604,AI Video Analytics,End Sem,https://v1.nitj.ac.in/erp/academic_repository/uploads/uOw307Qz6smIvFD9.pdf,
January-June 2025,M.Tech,2024,ARTIFICIAL INTELLIGENCE,AI-607,Medical AI,Mid Sem,https://v1.nitj.ac.in/erp/academic_repository/uploads/HZ7DLXMfb18RJ5Is.pdf,
January-June 2025,M.Tech,2024,ARTIFICIAL INTELLIGENCE,AI-607,Medical AI,End Sem,https://v1.nitj.ac.in/erp/academic_repository/uploads/8Vkx4dG3c1be7vRm.pdf,
January-June 2025,M.Tech,2024,ARTIFICIAL INTELLIGENCE,AI-619,GPU Computing,Mid Sem,https://v1.nitj.ac.in/erp/academic_repository/uploads/8uQa7qtSeyUWhXA1.pdf,
January-June 2025,M.Tech,2024,ARTIFICIAL INTELLIGENCE,AI-619,GPU Computing,End Sem,https://v1.nitj.ac.in/erp/academic_repository/uploads/UjGF45pzlBnHRLk0.pdf,
January-June 2025,M.Tech,2024,BIOTECHNOLOGY,BT-502,r-DNA Technology,Mid Sem,https://v1.nitj.ac.in/erp/academic_repository/uploads/k5oKBzpL1EyA2jlq.pdf,
January-June 2025,M.Tech,2024,BIOTECHNOLOGY,BT-502,r-DNA Technology,End Sem,https://v1.nitj.ac.in/erp/academic_repository/uploads/OQw6LKFErYavD8jH.pdf,
January-June 2025,M.Tech,2024,BIOTECHNOLOGY,BT-504,Bioinformatics,Mid Sem,https://v1.nitj.ac.in/erp/academic_repository/uploads/vwDLoa753ceYpFT9.pdf,
January-June 2025,M.Tech,2024,BIOTECHNOLOGY,BT-504,Bioinformatics,End Sem,https://v1.nitj.ac.in/erp/academic_repository/uploads/XPjy3b0ndHGfVr4p.pdf,
January-June 2025,M.Tech,2024,BIOTECHNOLOGY,BT-506,Environmental Biotechnology,Mid Sem,https://v1.nitj.ac.in/erp/academic_repository/uploads/RXdP8LTBECjmoxFJ.pdf,
January-June 2025,M.Tech,2024,BIOTECHNOLOGY,BT-506,Environmental Biotechnology,End Sem,https://v1.nitj.ac.in/erp/academic_repository/uploads/NhFxg7eKBk1uTJcY.pdf,
January-June 2025,M.Tech,2024,BIOTECHNOLOGY,BT-508,Bioprocess Equipment Design and Economics,Mid Sem,https://v1.nitj.ac.in/erp/academic_repository/uploads/oJrUO6Z89lf1xT0n.pdf,
January-June 2025,M.Tech,2024,BIOTECHNOLOGY,BT-508,Bioprocess Equipment Design and Economics,End Sem,https://v1.nitj.ac.in/erp/academic_repository/uploads/NmGDjbaxiFYcTkPX.pdf,
January-June 2025,M.Tech,2024,BIOTECHNOLOGY,BT-522,Metabolic Engineering,Mid Sem,https://v1.nitj.ac.in/erp/academic_repository/uploads/s3wtjufSZCqK7NGz.pdf,
January-June 2025,M.Tech,2024,BIOTECHNOLOGY,BT-522,Metabolic Engineering,End Sem,https://v1.nitj.ac.in/erp/academic_repository/uploads/aXCdZOQmj0PElH5y.pdf,
January-June 2025,M.Tech,2024,BIOTECHNOLOGY,BT-530,Nano Biotechnology and Nano Science,Mid Sem,https://v1.nitj.ac.in/erp/academic_repository/uploads/zS6tpNv03YILZqBy.pdf,
January-June 2025,M.Tech,2024,BIOTECHNOLOGY,BT-530,Nano Biotechnology and Nano Science,End Sem,https://v1.nitj.ac.in/erp/academic_repository/uploads/Xr029fmCKEM6wluq.pdf,
January-June 2025,M.Tech,2024,CHEMICAL ENGINEERING,CH-502,Transport Phenomena,Mid Sem,https://v1.nitj.ac.in/erp/academic_repository/uploads/WpbUSOzKCigPQYZV.pdf,
January-June 2025,M.Tech,2024,CHEMICAL ENGINEERING,CH-502,Transport Phenomena,End Sem,https://v1.nitj.ac.in/erp/academic_repository/uploads/RDGB2TpQw13rYLfS.pdf,
January-June 2025,M.Tech,2024,CHEMICAL ENGINEERING,CH-504,Advanced Separation Techniques,Mid Sem,https://v1.nitj.ac.in/erp/academic_repository/uploads/DKIeb4kuCRBrcp0L.pdf,
January-June 2025,M.Tech,2024,CHEMICAL ENGINEERING,CH-504,Advanced Separation Techniques,End Sem,https://v1.nitj.ac.in/erp/academic_repository/uploads/0SrIv6BmCWZYscVh.pdf,
January-June 2025,M.Tech,2024,CHEMICAL ENGINEERING,CH-506,Industrial Pollution Control Engineering,Mid Sem,https://v1.nitj.ac.in/erp/academic_repository/uploads/PFpbvQEwdskyXnTU.pdf,
January-June 2025,M.Tech,2024,CHEMICAL ENGINEERING,CH-506,Industrial Pollution Control Engineering,End Sem,https://v1.nitj.ac.in/erp/academic_repository/uploads/RiaZyNVerB4PIK8W.pdf,
January-June 2025,M.Tech,2024,CHEMICAL ENGINEERING,CH-508,Advanced Process Control,Mid Sem,https://v1.nitj.ac.in/erp/academic_repository/uploads/sNGVIlzRmjDUSfKw.pdf,
January-June 2025,M.Tech,2024,CHEMICAL ENGINEERING,CH-508,Advanced Process Control,End Sem,https://v1.nitj.ac.in/erp/academic_repository/uploads/SaX6EN8chFOzqRJt.pdf,
January-June 2025,M.Tech,2024,CHEMICAL ENGINEERING,CH-524,Polymer Technology,Mid Sem,https://v1.nitj.ac.in/erp/academic_repository/uploads/k4gR1UzKtwC0oL6P.pdf,
January-June 2025,M.Tech,2024,CHEMICAL ENGINEERING,CH-524,Polymer Technology,End Sem,https://v1.nitj.ac.in/erp/academic_repository/uploads/Z8AyrShFpi4wnM2v.pdf,
January-June 2025,M.Tech,2024,CHEMICAL ENGINEERING,CH-539,Photocatalysis,Mid Sem,https://v1.nitj.ac.in/erp/academic_repository/uploads/R0nvSCQKBukXFZ7r.pdf,
January-June 2025,M.Tech,2024,CHEMICAL ENGINEERING,CH-539,Photocatalysis,End Sem,https://v1.nitj.ac.in/erp/academic_repository/uploads/sfiSWUeoAq6jp5dw.pdf,
January-June 2025,M.Tech,2024,COMPUTER SCIENCE AND ENGINEERING,CS-503,Advanced Databases and Data Mining,Mid Sem,https://v1.nitj.ac.in/erp/academic_repository/uploads/L4Epv16zQsKl3BUM.pdf,
January-June 2025,M.Tech,2024,COMPUTER SCIENCE AND ENGINEERING,CS-503,Advanced Databases and Data Mining,End Sem,https://v1.nitj.ac.in/erp/academic_repository/uploads/hsaT15zLWPgfyD4R.pdf,
January-June 2025,M.Tech,2024,COMPUTER SCIENCE AND ENGINEERING,CS-504,Advanced Data Structures and Algorithms,Mid Sem,https://v1.nitj.ac.in/erp/academic_repository/uploads/ODUScWKvE9CIek6o.pdf,
January-June 2025,M.Tech,2024,COMPUTER SCIENCE AND ENGINEERING,CS-504,Advanced Data Structures and Algorithms,End Sem,https://v1.nitj.ac.in/erp/academic_repository/uploads/uZf1eJhLgrjlU3qc.pdf,
January-June 2025,M.Tech,2024,COMPUTER SCIENCE AND ENGINEERING,CS-506,Machine Learning,Mid Sem,https://v1.nitj.ac.in/erp/academic_repository/uploads/ML78T6ubzd3Xxqv9.pdf,
January-June 2025,M.Tech,2024,COMPUTER SCIENCE AND ENGINEERING,CS-506,Machine Learning,End Sem,https://v1.nitj.ac.in/erp/academic_repository/uploads/Dfwgb58aPyuJesBr.pdf,
January-June 2025,M.Tech,2024,COMPUTER SCIENCE AND ENGINEERING,CS-507,Software Project Management,Mid Sem,https://v1.nitj.ac.in/erp/academic_repository/uploads/ga12DmreJOuPphNG.pdf,
January-June 2025,M.Tech,2024,COMPUTER SCIENCE AND ENGINEERING,CS-507,Software Project Management,End Sem,https://v1.nitj.ac.in/erp/academic_repository/uploads/SEyaAbPXDtJUk8wv.pdf,
January-June 2025,M.Tech,2024,COMPUTER SCIENCE AND ENGINEERING,CS-530,Game Theory and Its Application,Mid Sem,https://v1.nitj.ac.in/erp/academic_repository/uploads/nHW2IFKlhc0yvudf.pdf,
January-June 2025,M.Tech,2024,COMPUTER SCIENCE AND ENGINEERING,CS-530,Game Theory and Its Application,End Sem,https://v1.nitj.ac.in/erp/academic_repository/uploads/Ouk0ZTyFdA2LEJDp.pdf,
January-June 2025,M.Tech,2024,COMPUTER SCIENCE AND ENGINEERING,CS-540,Statistical Methods for Research,Mid Sem,https://v1.nitj.ac.in/erp/academic_repository/uploads/t0bUISK2N8a6xoE5.pdf,
January-June 2025,M.Tech,2024,COMPUTER SCIENCE AND ENGINEERING,CS-540,Statistical Methods for Research,End Sem,https://v1.nitj.ac.in/erp/academic_repository/uploads/DyT09mEnMWGBbPta.pdf,
January-June 2025,M.Tech,2024,DATA ANALYTICS,IT-502,Machine Learning Techniques,Mid Sem,https://v1.nitj.ac.in/erp/academic_repository/uploads/g9eNfELtvByzqHJp.pdf,
January-June 2025,M.Tech,2024,DATA ANALYTICS,IT-502,Machine Learning Techniques,End Sem,https://v1.nitj.ac.in/erp/academic_repository/uploads/5YIWmOBXxDHF7fvP.pdf,
January-June 2025,M.Tech,2024,DATA ANALYTICS,IT-504,Natural Language Processing,Mid Sem,https://v1.nitj.ac.in/erp/academic_repository/uploads/rmAfW6bsKjcVQ1ig.pdf,
January-June 2025,M.Tech,2024,DATA ANALYTICS,IT-504,Natural Language Processing,End Sem,https://v1.nitj.ac.in/erp/academic_repository/uploads/RIi0mnN7U9KCT5qX.pdf,
January-June 2025,M.Tech,2024,DATA ANALYTICS,IT-506,Social Networking and Mining,Mid Sem,https://v1.nitj.ac.in/erp/academic_repository/uploads/Ir0U7DF6RXuaW3o4.pdf,
January-June 2025,M.Tech,2024,DATA ANALYTICS,IT-506,Social Networking and Mining,End Sem,https://v1.nitj.ac.in/erp/academic_repository/uploads/2Rh3t4LzfEOFXaVs.pdf,
January-June 2025,M.Tech,2024,DATA ANALYTICS,IT-522,Data Science Programming,Mid Sem,https://v1.nitj.ac.in/erp/academic_repository/uploads/gS8dQqEU2KCwJoVb.pdf,
January-June 2025,M.Tech,2024,DATA ANALYTICS,IT-522,Data Science Programming,End Sem,https://v1.nitj.ac.in/erp/academic_repository/uploads/OKXZW9M2yvtIi4b8.pdf,
January-June 2025,M.Tech,2024,DATA ANALYTICS,IT-530,Healthcare Data Analytics,Mid Sem,https://v1.nitj.ac.in/erp/academic_repository/uploads/ndhxZEpb5T0WwiaD.pdf,
January-June 2025,M.Tech,2024,DATA ANALYTICS,IT-530,Healthcare Data Analytics,End Sem,https://v1.nitj.ac.in/erp/academic_repository/uploads/1rUWsfVw8hHoj9cM.pdf,
January-June 2025,M.Tech,2024,DATA ANALYTICS,IT-532,Business Intelligence,Mid Sem,https://v1.nitj.ac.in/erp/academic_repository/uploads/wSs8vYmePb4WJciy.pdf,
January-June 2025,M.Tech,2024,DATA ANALYTICS,IT-532,Business Intelligence,End Sem,https://v1.nitj.ac.in/erp/academic_repository/uploads/t8L5ZGYbIPOvjAns.pdf,
January-June 2025,M.Tech,2024,DESIGN ENGINEERING,ME-502,Advanced Machine Design,Mid Sem,https://v1.nitj.ac.in/erp/academic_repository/uploads/LFd69aBAsxUEtyVi.pdf,
January-June 2025,M.Tech,2024,DESIGN ENGINEERING,ME-502,Advanced Machine Design,End Sem,https://v1.nitj.ac.in/erp/academic_repository/uploads/zAnYCOMwlLPWe843.pdf,
January-June 2025,M.Tech,2024,DESIGN ENGINEERING,ME-504,System Dynamics and Control,Mid Sem,https://v1.nitj.ac.in/erp/academic_repository/uploads/REon0CYuDwmAXbPB.pdf,
January-June 2025,M.Tech,2024,DESIGN ENGINEERING,ME-504,System Dynamics and Control,End Sem,https://v1.nitj.ac.in/erp/academic_repository/uploads/o1gXeMzucYIrPOvs.pdf,
January-June 2025,M.Tech,2024,DESIGN ENGINEERING,ME-506,Mechanical Vibrations,Mid Sem,https://v1.nitj.ac.in/erp/academic_repository/uploads/wAbi6FUCKazWGVco.pdf,
January-June 2025,M.Tech,2024,DESIGN ENGINEERING,ME-506,Mechanical Vibrations,End Sem,https://v1.nitj.ac.in/erp/academic_repository/uploads/QE3pNuSwTdtJ0Im1.pdf,
January-June 2025,M.Tech,2024,DESIGN ENGINEERING,ME-508,Design and Optimizations,Mid Sem,https://v1.nitj.ac.in/erp/academic_repository/uploads/t1dpe5QigaV8LHhZ.pdf,
January-June 2025,M.Tech,2024,DESIGN ENGINEERING,ME-508,Design and Optimizations,End Sem,https://v1.nitj.ac.in/erp/academic_repository/uploads/hlE8uxckzTWiRSGO.pdf,
January-June 2025,M.Tech,2024,DESIGN ENGINEERING,ME-523,Fracture Mechanics,Mid Sem,https://v1.nitj.ac.in/erp/academic_repository/uploads/k8L7IzqGZ1JCVb3d.pdf,
January-June 2025,M.Tech,2024,DESIGN ENGINEERING,ME-523,Fracture Mechanics,End Sem,https://v1.nitj.ac.in/erp/academic_repository/uploads/8MaSdRgDkHXB6xNF.pdf,
January-June 2025,M.Tech,2024,DESIGN ENGINEERING,ME-540,Tribology,Mid Sem,https://v1.nitj.ac.in/erp/academic_repository/uploads/KFDAOas7mRZoG0ki.pdf,
January-June 2025,M.Tech,2024,DESIGN ENGINEERING,ME-540,Tribology,End Sem,https://v1.nitj.ac.in/erp/academic_repository/uploads/lk4UK5nwfdP06VzO.pdf,
January-June 2025,M.Tech,2024,DATA SCIENCE AND ENGINEERING,CS-542,Big Data Analytics,Mid Sem,https://v1.nitj.ac.in/erp/academic_repository/uploads/4irnPpMgF2s0cB9H.pdf,
January-June 2025,M.Tech,2024,DATA SCIENCE AND ENGINEERING,CS-542,Big Data Analytics,End Sem,https://v1.nitj.ac.in/erp/academic_repository/uploads/8gRIVc4CeWhLaHDF.pdf,
January-June 2025,M.Tech,2024,DATA SCIENCE AND ENGINEERING,CS-546,Deep Learning,Mid Sem,https://v1.nitj.ac.in/erp/academic_repository/uploads/1AlaqbIxRHPSpNWr.pdf,
January-June 2025,M.Tech,2024,DATA SCIENCE AND ENGINEERING,CS-546,Deep Learning,End Sem,https://v1.nitj.ac.in/erp/academic_repository/uploads/FO6C4QduHj5Jn21o.pdf,
January-June 2025,M.Tech,2024,DATA SCIENCE AND ENGINEERING,CS-602,Data Engineering and Visualization,Mid Sem,https://v1.nitj.ac.in/erp/academic_repository/uploads/Pvjkfq2cgTUVXS3A.pdf,
January-June 2025,M.Tech,2024,DATA SCIENCE AND ENGINEERING,CS-602,Data Engineering and Visualization,End Sem,https://v1.nitj.ac.in/erp/academic_repository/uploads/1c3PZxTFi2rg7lDd.pdf,
January-June 2025,M.Tech,2024,DATA SCIENCE AND ENGINEERING,CS-606,Optimization Techniques for Data Science,Mid Sem,https://v1.nitj.ac.in/erp/academic_repository/uploads/dW6gyPkAjesN2Vf7.pdf,
January-June 2025,M.Tech,2024,DATA SCIENCE AND ENGINEERING,CS-606,Optimization Techniques for Data Science,End Sem,https://v1.nitj.ac.in/erp/academic_repository/uploads/4NZ9BCqY1nIJzEdM.pdf,
January-June 2025,M.Tech,2024,DATA SCIENCE AND ENGINEERING,CS-637,Business Intelligence,Mid Sem,https://v1.nitj.ac.in/erp/academic_repository/uploads/t2iVzHgwNPy5ebA0.pdf,
January-June 2025,M.Tech,2024,DATA SCIENCE AND ENGINEERING,CS-637,Business Intelligence,End Sem,https://v1.nitj.ac.in/erp/academic_repository/uploads/sOYjLGQ8dFmVkE2v.pdf,
January-June 2025,M.Tech,2024,DATA SCIENCE AND ENGINEERING,CS-643,Financial Data Science and Analytics,Mid Sem,https://v1.nitj.ac.in/erp/academic_repository/uploads/M65Zc91FIS8NGv0J.pdf,
January-June 2025,M.Tech,2024,DATA SCIENCE AND ENGINEERING,CS-643,Financial Data Science and Analytics,End Sem,https://v1.nitj.ac.in/erp/academic_repository/uploads/yNWVwkI4TrdiYecu.pdf,
January-June 2025,M.Tech,2024,ELECTRIC VEHICLE DESIGN,EEEV-502,Digital Signal Processing,Mid Sem,https://v1.nitj.ac.in/erp/academic_repository/uploads/Tlq4tVFWJ5MOZSHj.pdf,
January-June 2025,M.Tech,2024,ELECTRIC VEHICLE DESIGN,EEEV-502,Digital Signal Processing,End Sem,https://v1.nitj.ac.in/erp/academic_repository/uploads/IPrsAK1EeDYcVvXF.pdf,
January-June 2025,M.Tech,2024,ELECTRIC VEHICLE DESIGN,EEEV-504,Battery and Battery Management System,Mid Sem,https://v1.nitj.ac.in/erp/academic_repository/uploads/FuY12tw9Od4Z6rKE.pdf,
January-June 2025,M.Tech,2024,ELECTRIC VEHICLE DESIGN,EEEV-504,Battery and Battery Management System,End Sem,https://v1.nitj.ac.in/erp/academic_repository/uploads/8keyRB6rWV1stA0Y.pdf,
January-June 2025,M.Tech,2024,ELECTRIC VEHICLE DESIGN,EEEV-506,Advanced Control System for Electric Vehicles,Mid Sem,https://v1.nitj.ac.in/erp/academic_repository/uploads/sicJm52zb3nVhRKx.pdf,
January-June 2025,M.Tech,2024,ELECTRIC VEHICLE DESIGN,EEEV-506,Advanced Control System for Electric Vehicles,End Sem,https://v1.nitj.ac.in/erp/academic_repository/uploads/047AR2JCuzH5Sf6i.pdf,
January-June 2025,M.Tech,2024,ELECTRIC VEHICLE DESIGN,EEEV-508,Special Electrical Machines and Control,Mid Sem,https://v1.nitj.ac.in/erp/academic_repository/uploads/AmOQD1ax7GgWk82w.pdf,
January-June 2025,M.Tech,2024,ELECTRIC VEHICLE DESIGN,EEEV-508,Special Electrical Machines and Control,End Sem,https://v1.nitj.ac.in/erp/academic_repository/uploads/BQKpGymgwSIa57EM.pdf,
January-June 2025,M.Tech,2024,ELECTRIC VEHICLE DESIGN,EEEV-560,Introduction to Data Analytics,Mid Sem,https://v1.nitj.ac.in/erp/academic_repository/uploads/R8gkqXv6sM0ix7e1.pdf,
January-June 2025,M.Tech,2024,ELECTRIC VEHICLE DESIGN,EEEV-560,Introduction to Data Analytics,End Sem,https://v1.nitj.ac.in/erp/academic_repository/uploads/g6vRjm2TDia4GEhW.pdf,
January-June 2025,M.Tech,2024,ELECTRIC VEHICLE DESIGN,EEEV-563,Power Market Operation of Electric Vehicles,Mid Sem,https://v1.nitj.ac.in/erp/academic_repository/uploads/BFz75PEwpXsCU18V.pdf,
January-June 2025,M.Tech,2024,ELECTRIC VEHICLE DESIGN,EEEV-563,Power Market Operation of Electric Vehicles,End Sem,https://v1.nitj.ac.in/erp/academic_repository/uploads/86TMPNgwVXYSWdJL.pdf,
January-June 2025,M.Tech,2024,GEOTECHNICAL AND GEO-ENVIRONMENTAL ENGINEERING,CE-531,Geoenvironmental Engineering,Mid Sem,https://v1.nitj.ac.in/erp/academic_repository/uploads/8ALj9FBwqs1pdfQY.pdf,
January-June 2025,M.Tech,2024,GEOTECHNICAL AND GEO-ENVIRONMENTAL ENGINEERING,CE-531,Geoenvironmental Engineering,End Sem,https://v1.nitj.ac.in/erp/academic_repository/uploads/8nWIJPjEbSUk6Aui.pdf,
January-June 2025,M.Tech,2024,GEOTECHNICAL AND GEO-ENVIRONMENTAL ENGINEERING,CE-540,Geosynthetics,Mid Sem,https://v1.nitj.ac.in/erp/academic_repository/uploads/qM2ntUp3KRrjsPGu.pdf,
January-June 2025,M.Tech,2024,GEOTECHNICAL AND GEO-ENVIRONMENTAL ENGINEERING,CE-540,Geosynthetics,End Sem,https://v1.nitj.ac.in/erp/academic_repository/uploads/1kWfnMvVJHZergLA.pdf,
January-June 2025,M.Tech,2024,GEOTECHNICAL AND GEO-ENVIRONMENTAL ENGINEERING,CE-541,Pavement Design,Mid Sem,https://v1.nitj.ac.in/erp/academic_repository/uploads/o7CxXbN3nLiHMkvj.pdf,
January-June 2025,M.Tech,2024,GEOTECHNICAL AND GEO-ENVIRONMENTAL ENGINEERING,CE-541,Pavement Design,End Sem,https://v1.nitj.ac.in/erp/academic_repository/uploads/BM6o9Xx3zjpRcAl4.pdf,
January-June 2025,M.Tech,2024,GEOTECHNICAL AND GEO-ENVIRONMENTAL ENGINEERING,CE-552,Soil Dynamics and Earthquake Engineering,Mid Sem,https://v1.nitj.ac.in/erp/academic_repository/uploads/OWv4T6tRdiKjpICr.pdf,
January-June 2025,M.Tech,2024,GEOTECHNICAL AND GEO-ENVIRONMENTAL ENGINEERING,CE-552,Soil Dynamics and Earthquake Engineering,End Sem,https://v1.nitj.ac.in/erp/academic_repository/uploads/ZDC1IHOYlbMpUTjJ.pdf,
January-June 2025,M.Tech,2024,GEOTECHNICAL AND GEO-ENVIRONMENTAL ENGINEERING,CE-556,Mechanics of sediment Transport,Mid Sem,https://v1.nitj.ac.in/erp/academic_repository/uploads/vG6lspUHRKgj8Qre.pdf,
January-June 2025,M.Tech,2024,GEOTECHNICAL AND GEO-ENVIRONMENTAL ENGINEERING,CE-556,Mechanics of sediment Transport,End Sem,https://v1.nitj.ac.in/erp/academic_repository/uploads/OghWxpcm93dwMLlj.pdf,
January-June 2025,M.Tech,2024,GEOTECHNICAL AND GEO-ENVIRONMENTAL ENGINEERING,CE-558,Geotechnical Investigations and Instrumentation,Mid Sem,https://v1.nitj.ac.in/erp/academic_repository/uploads/OPh4AqzNyBIrkZt7.pdf,
January-June 2025,M.Tech,2024,GEOTECHNICAL AND GEO-ENVIRONMENTAL ENGINEERING,CE-558,Geotechnical Investigations and Instrumentation,End Sem,https://v1.nitj.ac.in/erp/academic_repository/uploads/zhqsWAYG6ev1m72k.pdf,
January-June 2025,M.Tech,2024,CONTROL AND INSTRUMENTATION ENGINEERING,IC-502,Industrial Automation and Robotics,Mid Sem,https://v1.nitj.ac.in/erp/academic_repository/uploads/cQkF9eUytXmd3gr4.pdf,
January-June 2025,M.Tech,2024,CONTROL AND INSTRUMENTATION ENGINEERING,IC-502,Industrial Automation and Robotics,End Sem,https://v1.nitj.ac.in/erp/academic_repository/uploads/IsRj0LNE6ok24mCg.pdf,
January-June 2025,M.Tech,2024,CONTROL AND INSTRUMENTATION ENGINEERING,IC-504,Medical Instrumentation,Mid Sem,https://v1.nitj.ac.in/erp/academic_repository/uploads/qdeRVJO4txigmQB5.pdf,
January-June 2025,M.Tech,2024,CONTROL AND INSTRUMENTATION ENGINEERING,IC-504,Medical Instrumentation,End Sem,https://v1.nitj.ac.in/erp/academic_repository/uploads/VvfyRoJ1XdDePu7g.pdf,
January-June 2025,M.Tech,2024,CONTROL AND INSTRUMENTATION ENGINEERING,IC-506,Soft Computing Techniques,Mid Sem,https://v1.nitj.ac.in/erp/academic_repository/uploads/aMKUE9JApXZSvskf.pdf,
January-June 2025,M.Tech,2024,CONTROL AND INSTRUMENTATION ENGINEERING,IC-506,Soft Computing Techniques,End Sem,https://v1.nitj.ac.in/erp/academic_repository/uploads/0e4cZ9zsRW3BwTPx.pdf,
January-June 2025,M.Tech,2024,CONTROL AND INSTRUMENTATION ENGINEERING,IC-508,Robust and Optimal Control,Mid Sem,https://v1.nitj.ac.in/erp/academic_repository/uploads/0wnjFKLvTY6ZhHPX.pdf,
January-June 2025,M.Tech,2024,CONTROL AND INSTRUMENTATION ENGINEERING,IC-508,Robust and Optimal Control,End Sem,https://v1.nitj.ac.in/erp/academic_repository/uploads/YrBySQRb7glkPaTL.pdf,
January-June 2025,M.Tech,2024,CONTROL AND INSTRUMENTATION ENGINEERING,IC-589,Industrial Instrumentation,Mid Sem,https://v1.nitj.ac.in/erp/academic_repository/uploads/t3oRIqY47EnaxwUA.pdf,
January-June 2025,M.Tech,2024,CONTROL AND INSTRUMENTATION ENGINEERING,IC-589,Industrial Instrumentation,End Sem,https://v1.nitj.ac.in/erp/academic_repository/uploads/nCESTAILVoYx3MW9.pdf,
January-June 2025,M.Tech,2024,CONTROL AND INSTRUMENTATION ENGINEERING,IC-595,Medical Imaging & Processing,Mid Sem,https://v1.nitj.ac.in/erp/academic_repository/uploads/hHPjxKiQJoD9S3y8.pdf,
January-June 2025,M.Tech,2024,CONTROL AND INSTRUMENTATION ENGINEERING,IC-595,Medical Imaging & Processing,End Sem,https://v1.nitj.ac.in/erp/academic_repository/uploads/uRt12KT6dvwxh9SF.pdf,
January-June 2025,M.Tech,2024,INDUSTRIAL ENGINEERING AND DATA ANALYTICS,IEA-502,Data Analytics,Mid Sem,https://v1.nitj.ac.in/erp/academic_repository/uploads/4AycRWUBkTErgqKV.pdf,
January-June 2025,M.Tech,2024,INDUSTRIAL ENGINEERING AND DATA ANALYTICS,IEA-502,Data Analytics,End Sem,https://v1.nitj.ac.in/erp/academic_repository/uploads/NmKeDnitJB7QFRjC.pdf,
January-June 2025,M.Tech,2024,INDUSTRIAL ENGINEERING AND DATA ANALYTICS,IEA-504,Deep Learning,Mid Sem,https://v1.nitj.ac.in/erp/academic_repository/uploads/F43PD9euBlMAOdUt.pdf,
January-June 2025,M.Tech,2024,INDUSTRIAL ENGINEERING AND DATA ANALYTICS,IEA-504,Deep Learning,End Sem,https://v1.nitj.ac.in/erp/academic_repository/uploads/01E3mgUOiLBy8xcl.pdf,
January-June 2025,M.Tech,2024,INDUSTRIAL ENGINEERING AND DATA ANALYTICS,IEA-506,Logistics & Supply Chain Management,Mid Sem,https://v1.nitj.ac.in/erp/academic_repository/uploads/Qo0xzCv5i3jDuZpt.pdf,
January-June 2025,M.Tech,2024,INDUSTRIAL ENGINEERING AND DATA ANALYTICS,IEA-506,Logistics & Supply Chain Management,End Sem,https://v1.nitj.ac.in/erp/academic_repository/uploads/MYhBUO9y45PJcfEQ.pdf,
January-June 2025,M.Tech,2024,INDUSTRIAL ENGINEERING AND DATA ANALYTICS,IEA-528,Operations Management,Mid Sem,https://v1.nitj.ac.in/erp/academic_repository/uploads/F0ZRWMwvEDegjltK.pdf,
January-June 2025,M.Tech,2024,INDUSTRIAL ENGINEERING AND DATA ANALYTICS,IEA-528,Operations Management,End Sem,https://v1.nitj.ac.in/erp/academic_repository/uploads/iXkvTS2Eumg4x7s3.pdf,
January-June 2025,M.Tech,2024,INDUSTRIAL ENGINEERING AND DATA ANALYTICS,IEA-541,Visualization and Big Data Analytics,Mid Sem,https://v1.nitj.ac.in/erp/academic_repository/uploads/hmlQXzyuiKPTwWfG.pdf,
January-June 2025,M.Tech,2024,INDUSTRIAL ENGINEERING AND DATA ANALYTICS,IEA-541,Visualization and Big Data Analytics,End Sem,https://v1.nitj.ac.in/erp/academic_repository/uploads/zM1IaCvjDkfymRhr.pdf,
January-June 2025,M.Tech,2024,INDUSTRIAL ENGINEERING AND DATA ANALYTICS,IEA-542,Data Structures and Programming Methodology,Mid Sem,https://v1.nitj.ac.in/erp/academic_repository/uploads/bBNQPiq3JcMyTXpR.pdf,
January-June 2025,M.Tech,2024,INDUSTRIAL ENGINEERING AND DATA ANALYTICS,IEA-542,Data Structures and Programming Methodology,End Sem,https://v1.nitj.ac.in/erp/academic_repository/uploads/zFOTlBaHyQ0iVh7r.pdf,
January-June 2025,M.Tech,2024,COMPUTER SCIENCE AND ENGINEERING (INFORMATION SECURITY),CS-501,Cryptography,Mid Sem,https://v1.nitj.ac.in/erp/academic_repository/uploads/uQ1RiIvpJTyc8faz.pdf,
January-June 2025,M.Tech,2024,COMPUTER SCIENCE AND ENGINEERING (INFORMATION SECURITY),CS-501,Cryptography,End Sem,https://v1.nitj.ac.in/erp/academic_repository/uploads/EfrO7vZH2h1W5wbq.pdf,
January-June 2025,M.Tech,2024,COMPUTER SCIENCE AND ENGINEERING (INFORMATION SECURITY),CS-502,Advanced Computer Networks,Mid Sem,https://v1.nitj.ac.in/erp/academic_repository/uploads/HAVSmoDO4N6Uke19.pdf,
January-June 2025,M.Tech,2024,COMPUTER SCIENCE AND ENGINEERING (INFORMATION SECURITY),CS-502,Advanced Computer Networks,End Sem,https://v1.nitj.ac.in/erp/academic_repository/uploads/ODjvmpWeuxo3cQtr.pdf,
January-June 2025,M.Tech,2024,COMPUTER SCIENCE AND ENGINEERING (INFORMATION SECURITY),CS-505,Digital Image Processing,Mid Sem,https://v1.nitj.ac.in/erp/academic_repository/uploads/CkZTGUmeQ2vcxWz5.pdf,
January-June 2025,M.Tech,2024,COMPUTER SCIENCE AND ENGINEERING (INFORMATION SECURITY),CS-505,Digital Image Processing,End Sem,https://v1.nitj.ac.in/erp/academic_repository/uploads/3KYhmlFkPfZLupHG.pdf,
January-June 2025,M.Tech,2024,COMPUTER SCIENCE AND ENGINEERING (INFORMATION SECURITY),CS-532,Cloud Computing & Communication,Mid Sem,https://v1.nitj.ac.in/erp/academic_repository/uploads/5EjUMLwzy3f0aOpR.pdf,
January-June 2025,M.Tech,2024,COMPUTER SCIENCE AND ENGINEERING (INFORMATION SECURITY),CS-532,Cloud Computing & Communication,End Sem,https://v1.nitj.ac.in/erp/academic_repository/uploads/fCRGVhW9Pv72Mmbz.pdf,
January-June 2025,M.Tech,2024,COMPUTER SCIENCE AND ENGINEERING (INFORMATION SECURITY),CS-552,Cyber Forensic,Mid Sem,https://v1.nitj.ac.in/erp/academic_repository/uploads/vgyqIZDLajfN0w4B.pdf,
January-June 2025,M.Tech,2024,COMPUTER SCIENCE AND ENGINEERING (INFORMATION SECURITY),CS-552,Cyber Forensic,End Sem,https://v1.nitj.ac.in/erp/academic_repository/uploads/I45l0SGrU9anwbi3.pdf,
January-June 2025,M.Tech,2024,COMPUTER SCIENCE AND ENGINEERING (INFORMATION SECURITY),CS-554,Network Security,Mid Sem,https://v1.nitj.ac.in/erp/academic_repository/uploads/KScO7pgJwvTUEY1q.pdf,
January-June 2025,M.Tech,2024,COMPUTER SCIENCE AND ENGINEERING (INFORMATION SECURITY),CS-554,Network Security,End Sem,https://v1.nitj.ac.in/erp/academic_repository/uploads/rUfMcXl6SnZPQ5xA.pdf,
January-June 2025,M.Tech,2024,MATHEMATICS AND COMPUTING,MTMC-502,Data Warehouse and Data Mining,Mid Sem,https://v1.nitj.ac.in/erp/academic_repository/uploads/cVsm8URpjx4iZNe2.pdf,
January-June 2025,M.Tech,2024,MATHEMATICS AND COMPUTING,MTMC-502,Data Warehouse and Data Mining,End Sem,https://v1.nitj.ac.in/erp/academic_repository/uploads/J16gl0MwZ2opG8tn.pdf,
January-June 2025,M.Tech,2024,MATHEMATICS AND COMPUTING,MTMC-504,Linear Algebra,Mid Sem,https://v1.nitj.ac.in/erp/academic_repository/uploads/RtX2o4rYbVUMAKPi.pdf,
January-June 2025,M.Tech,2024,MATHEMATICS AND COMPUTING,MTMC-504,Linear Algebra,End Sem,https://v1.nitj.ac.in/erp/academic_repository/uploads/5xU6M9PYbKkuHnhF.pdf,
January-June 2025,M.Tech,2024,MATHEMATICS AND COMPUTING,MTMC-506,Computational Complexity,Mid Sem,https://v1.nitj.ac.in/erp/academic_repository/uploads/zWK0OET4ij9ZN6b2.pdf,
January-June 2025,M.Tech,2024,MATHEMATICS AND COMPUTING,MTMC-506,Computational Complexity,End Sem,https://v1.nitj.ac.in/erp/academic_repository/uploads/p7e20atvZxGiwDUF.pdf,
January-June 2025,M.Tech,2024,MATHEMATICS AND COMPUTING,MTMC-508,Graph Theory and Combinations,Mid Sem,https://v1.nitj.ac.in/erp/academic_repository/uploads/8h9RvcXK4yfACd3m.pdf,
January-June 2025,M.Tech,2024,MATHEMATICS AND COMPUTING,MTMC-508,Graph Theory and Combinations,End Sem,https://v1.nitj.ac.in/erp/academic_repository/uploads/zhZeIiHmsKdN79yP.pdf,
January-June 2025,M.Tech,2024,MATHEMATICS AND COMPUTING,MTMC-516,Sampling Distribution and Estimation Theory,Mid Sem,https://v1.nitj.ac.in/erp/academic_repository/uploads/j4ogYEk0X5lCmTsG.pdf,
January-June 2025,M.Tech,2024,MATHEMATICS AND COMPUTING,MTMC-516,Sampling Distribution and Estimation Theory,End Sem,https://v1.nitj.ac.in/erp/academic_repository/uploads/5qarPCyTOQ9DX1xS.pdf,
January-June 2025,M.Tech,2024,MATHEMATICS AND COMPUTING,MTMC-518,Information and Coding theory,Mid Sem,https://v1.nitj.ac.in/erp/academic_repository/uploads/zxtUcYGa1gohbfJ4.pdf,
January-June 2025,M.Tech,2024,MATHEMATICS AND COMPUTING,MTMC-518,Information and Coding theory,End Sem,https://v1.nitj.ac.in/erp/academic_repository/uploads/kB4J1GKrgw2MSWIu.pdf,
January-June 2025,M.Tech,2024,MACHINE INTELLIGENCE AND AUTOMATION,IC-602,Advanced Control System,Mid Sem,https://v1.nitj.ac.in/erp/academic_repository/uploads/qa2pYid0uGnM9eKj.pdf,
January-June 2025,M.Tech,2024,MACHINE INTELLIGENCE AND AUTOMATION,IC-602,Advanced Control System,End Sem,https://v1.nitj.ac.in/erp/academic_repository/uploads/4yTKp7D0lCLSRIM8.pdf,
January-June 2025,M.Tech,2024,MACHINE INTELLIGENCE AND AUTOMATION,IC-604,Machine Vision and Image Analysis,Mid Sem,https://v1.nitj.ac.in/erp/academic_repository/uploads/UetnVkoDIuZmLgBi.pdf,
January-June 2025,M.Tech,2024,MACHINE INTELLIGENCE AND AUTOMATION,IC-604,Machine Vision and Image Analysis,End Sem,https://v1.nitj.ac.in/erp/academic_repository/uploads/wFbUTlI5pn1tGODQ.pdf,
January-June 2025,M.Tech,2024,MACHINE INTELLIGENCE AND AUTOMATION,IC-606,Embedded System for Automation,Mid Sem,https://v1.nitj.ac.in/erp/academic_repository/uploads/VEG864wOMm7yBzjX.pdf,
January-June 2025,M.Tech,2024,MACHINE INTELLIGENCE AND AUTOMATION,IC-606,Embedded System for Automation,End Sem,https://v1.nitj.ac.in/erp/academic_repository/uploads/fISqlYnywjUashZL.pdf,
January-June 2025,M.Tech,2024,MACHINE INTELLIGENCE AND AUTOMATION,IC-608,Cyber Security for Industrial Control System (CSICS),Mid Sem,https://v1.nitj.ac.in/erp/academic_repository/uploads/nMC39PIZULupEWr6.pdf,
January-June 2025,M.Tech,2024,MACHINE INTELLIGENCE AND AUTOMATION,IC-608,Cyber Security for Industrial Control System (CSICS),End Sem,https://v1.nitj.ac.in/erp/academic_repository/uploads/cD3z8nRQqYMluOhT.pdf,
January-June 2025,M.Tech,2024,MACHINE INTELLIGENCE AND AUTOMATION,IC-636,Biomedical Signal Processing,Mid Sem,https://v1.nitj.ac.in/erp/academic_repository/uploads/3Pmrf7BQRiGMsOwx.pdf,
January-June 2025,M.Tech,2024,MACHINE INTELLIGENCE AND AUTOMATION,IC-636,Biomedical Signal Processing,End Sem,https://v1.nitj.ac.in/erp/academic_repository/uploads/A9oucWqLKhypkDON.pdf,
January-June 2025,M.Tech,2024,MACHINE INTELLIGENCE AND AUTOMATION,IC-660,Innovation in Design Thinking,Mid Sem,https://v1.nitj.ac.in/erp/academic_repository/uploads/2ClOGQJ7AuwLE0ft.pdf,
January-June 2025,M.Tech,2024,MACHINE INTELLIGENCE AND AUTOMATION,IC-660,Innovation in Design Thinking,End Sem,https://v1.nitj.ac.in/erp/academic_repository/uploads/q3mYWOCZA567pgfP.pdf,
January-June 2025,M.Tech,2024,POWER SYSTEMS AND RELIABILITY,CS-506,Machine Learning,Mid Sem,https://v1.nitj.ac.in/erp/academic_repository/uploads/aqgseNO4D0dCwyWl.pdf,
January-June 2025,M.Tech,2024,POWER SYSTEMS AND RELIABILITY,CS-506,Machine Learning,End Sem,https://v1.nitj.ac.in/erp/academic_repository/uploads/I8Vt9niFWEDd26KB.pdf,
January-June 2025,M.Tech,2024,POWER SYSTEMS AND RELIABILITY,PSR-502,Reliability Engineering,Mid Sem,https://v1.nitj.ac.in/erp/academic_repository/uploads/OAyYKMekV65ucEit.pdf,
January-June 2025,M.Tech,2024,POWER SYSTEMS AND RELIABILITY,PSR-502,Reliability Engineering,End Sem,https://v1.nitj.ac.in/erp/academic_repository/uploads/BZ2KWkuz5bxEFcDi.pdf,
January-June 2025,M.Tech,2024,POWER SYSTEMS AND RELIABILITY,PSR-552,Machine Learning,Mid Sem,https://v1.nitj.ac.in/erp/academic_repository/uploads/Eo5aBFDUZe1VwR0g.pdf,
January-June 2025,M.Tech,2024,POWER SYSTEMS AND RELIABILITY,PSR-552,Machine Learning,End Sem,https://v1.nitj.ac.in/erp/academic_repository/uploads/MeQi0xKIP5wuZ8oD.pdf,
January-June 2025,M.Tech,2024,POWER SYSTEMS AND RELIABILITY,PSR-559,Advance Power System Analysis,Mid Sem,https://v1.nitj.ac.in/erp/academic_repository/uploads/dScqIX9JRFkGz65m.pdf,
January-June 2025,M.Tech,2024,POWER SYSTEMS AND RELIABILITY,PSR-559,Advance Power System Analysis,End Sem,https://v1.nitj.ac.in/erp/academic_repository/uploads/N1PHUnFm8TySbw3V.pdf,
January-June 2025,M.Tech,2024,RENEWABLE ENERGY,RE-502,Solar Thermal Technologies and Applications,Mid Sem,https://v1.nitj.ac.in/erp/academic_repository/uploads/9Crtxhq8OJH5D3v0.pdf,
January-June 2025,M.Tech,2024,RENEWABLE ENERGY,RE-502,Solar Thermal Technologies and Applications,End Sem,https://v1.nitj.ac.in/erp/academic_repository/uploads/n5gOSE1zRVjAJpDd.pdf,
January-June 2025,M.Tech,2024,RENEWABLE ENERGY,RE-504,"Energy Conservation, Management & Audit",Mid Sem,https://v1.nitj.ac.in/erp/academic_repository/uploads/7sFZfUXE5hMtmwvr.pdf,
January-June 2025,M.Tech,2024,RENEWABLE ENERGY,RE-504,"Energy Conservation, Management & Audit",End Sem,https://v1.nitj.ac.in/erp/academic_repository/uploads/XrVlFtb1pR5ikahO.pdf,
January-June 2025,M.Tech,2024,RENEWABLE ENERGY,RE-506,Economics and Financing of Renewable Energy Systems,Mid Sem,https://v1.nitj.ac.in/erp/academic_repository/uploads/B3LHJjZ7YfGFcUq2.pdf,
January-June 2025,M.Tech,2024,RENEWABLE ENERGY,RE-506,Economics and Financing of Renewable Energy Systems,End Sem,https://v1.nitj.ac.in/erp/academic_repository/uploads/c8LuGDHBxsXSOI7Z.pdf,
January-June 2025,M.Tech,2024,RENEWABLE ENERGY,RE-508,Waste to Energy Conversion Processes,Mid Sem,https://v1.nitj.ac.in/erp/academic_repository/uploads/MEkc1unjxBOPasGF.pdf,
January-June 2025,M.Tech,2024,RENEWABLE ENERGY,RE-508,Waste to Energy Conversion Processes,End Sem,https://v1.nitj.ac.in/erp/academic_repository/uploads/1BnD0ToFa4zb56kM.pdf,
January-June 2025,M.Tech,2024,RENEWABLE ENERGY,RE-512,Electric Vehicle,Mid Sem,https://v1.nitj.ac.in/erp/academic_repository/uploads/8zKITseuLaQthSlP.pdf,
January-June 2025,M.Tech,2024,RENEWABLE ENERGY,RE-512,Electric Vehicle,End Sem,https://v1.nitj.ac.in/erp/academic_repository/uploads/c7KI0v5XMeFB6TUE.pdf,
January-June 2025,M.Tech,2024,RENEWABLE ENERGY,RE-513,Fuel Cell and Hydrogen Energy,Mid Sem,https://v1.nitj.ac.in/erp/academic_repository/uploads/yIgqJEjMpGKTzBnc.pdf,
January-June 2025,M.Tech,2024,RENEWABLE ENERGY,RE-513,Fuel Cell and Hydrogen Energy,End Sem,https://v1.nitj.ac.in/erp/academic_repository/uploads/r6a1pen4M2tfqDil.pdf,
January-June 2025,M.Tech,2024,STRUCTURAL AND CONSTRUCTION ENGINEERING,CE-504,Analysis and Design of Foundations,Mid Sem,https://v1.nitj.ac.in/erp/academic_repository/uploads/sCmWAcPIZuNJda2t.pdf,
January-June 2025,M.Tech,2024,STRUCTURAL AND CONSTRUCTION ENGINEERING,CE-504,Analysis and Design of Foundations,End Sem,https://v1.nitj.ac.in/erp/academic_repository/uploads/8GU21OLdehuyCBgD.pdf,
January-June 2025,M.Tech,2024,STRUCTURAL AND CONSTRUCTION ENGINEERING,CE-505,Finite Elements Analysis,Mid Sem,https://v1.nitj.ac.in/erp/academic_repository/uploads/S8JWjxzUtHQ0D5ev.pdf,
January-June 2025,M.Tech,2024,STRUCTURAL AND CONSTRUCTION ENGINEERING,CE-505,Finite Elements Analysis,End Sem,https://v1.nitj.ac.in/erp/academic_repository/uploads/c6hnzCkvA7GM9KYS.pdf,
January-June 2025,M.Tech,2024,STRUCTURAL AND CONSTRUCTION ENGINEERING,CE-506,Earthquake Resistant Design of Structures,Mid Sem,https://v1.nitj.ac.in/erp/academic_repository/uploads/1mt9XQsZuCBzHrw7.pdf,
January-June 2025,M.Tech,2024,STRUCTURAL AND CONSTRUCTION ENGINEERING,CE-506,Earthquake Resistant Design of Structures,End Sem,https://v1.nitj.ac.in/erp/academic_repository/uploads/4SJMLiBU67X2VWOg.pdf,
January-June 2025,M.Tech,2024,STRUCTURAL AND CONSTRUCTION ENGINEERING,CE-509,Quantitative Methods in Construction Management,Mid Sem,https://v1.nitj.ac.in/erp/academic_repository/uploads/LuN3cTBqwECSPhDi.pdf,
January-June 2025,M.Tech,2024,STRUCTURAL AND CONSTRUCTION ENGINEERING,CE-509,Quantitative Methods in Construction Management,End Sem,https://v1.nitj.ac.in/erp/academic_repository/uploads/qymEfwAzoHXTZt7c.pdf,
January-June 2025,M.Tech,2024,STRUCTURAL AND CONSTRUCTION ENGINEERING,CE-534,Concrete Mechanics,Mid Sem,https://v1.nitj.ac.in/erp/academic_repository/uploads/S0Qf95EBMJRsjypU.pdf,
January-June 2025,M.Tech,2024,STRUCTURAL AND CONSTRUCTION ENGINEERING,CE-534,Concrete Mechanics,End Sem,https://v1.nitj.ac.in/erp/academic_repository/uploads/2BnAwypmG1lVTOui.pdf,
January-June 2025,M.Tech,2024,STRUCTURAL AND CONSTRUCTION ENGINEERING,CE-535,Recent Advances in Construction Materials,Mid Sem,https://v1.nitj.ac.in/erp/academic_repository/uploads/RsOV7MuKyJcU3Qzl.pdf,
January-June 2025,M.Tech,2024,STRUCTURAL AND CONSTRUCTION ENGINEERING,CE-535,Recent Advances in Construction Materials,End Sem,https://v1.nitj.ac.in/erp/academic_repository/uploads/mQ2zCrI7tL9YEeGa.pdf,
January-June 2025,M.Tech,2024,SIGNAL PROCESSING AND MACHINE LEARNING,EC-502,Applied Machine Learning,Mid Sem,https://v1.nitj.ac.in/erp/academic_repository/uploads/nwBIYsW2Mla9kD3H.pdf,
January-June 2025,M.Tech,2024,SIGNAL PROCESSING AND MACHINE LEARNING,EC-502,Applied Machine Learning,End Sem,https://v1.nitj.ac.in/erp/academic_repository/uploads/zhje3UaXSv68HWVL.pdf,
January-June 2025,M.Tech,2024,SIGNAL PROCESSING AND MACHINE LEARNING,EC-504,Statistical Signal Processing,Mid Sem,https://v1.nitj.ac.in/erp/academic_repository/uploads/HEhDntwSzlWcbPgX.pdf,
January-June 2025,M.Tech,2024,SIGNAL PROCESSING AND MACHINE LEARNING,EC-504,Statistical Signal Processing,End Sem,https://v1.nitj.ac.in/erp/academic_repository/uploads/BFnPokIJd7uLA9gw.pdf,
January-June 2025,M.Tech,2024,SIGNAL PROCESSING AND MACHINE LEARNING,EC-601,Acoustics and Audio Signal Processing,Mid Sem,https://v1.nitj.ac.in/erp/academic_repository/uploads/SuB3wCZGoXgOypfF.pdf,
January-June 2025,M.Tech,2024,SIGNAL PROCESSING AND MACHINE LEARNING,EC-601,Acoustics and Audio Signal Processing,End Sem,https://v1.nitj.ac.in/erp/academic_repository/uploads/0S8k69dTXWUQvuZz.pdf,
January-June 2025,M.Tech,2024,SIGNAL PROCESSING AND MACHINE LEARNING,EC-608,Deep Learning,Mid Sem,https://v1.nitj.ac.in/erp/academic_repository/uploads/W6YzAIo2dQXGrDmf.pdf,
January-June 2025,M.Tech,2024,SIGNAL PROCESSING AND MACHINE LEARNING,EC-608,Deep Learning,End Sem,https://v1.nitj.ac.in/erp/academic_repository/uploads/OaPBE9pwKdW5TIjS.pdf,
January-June 2025,M.Tech,2024,SIGNAL PROCESSING AND MACHINE LEARNING,EC-627,Advanced Communication System,Mid Sem,https://v1.nitj.ac.in/erp/academic_repository/uploads/l94kYSTI275dW8xR.pdf,
January-June 2025,M.Tech,2024,SIGNAL PROCESSING AND MACHINE LEARNING,EC-627,Advanced Communication System,End Sem,https://v1.nitj.ac.in/erp/academic_repository/uploads/oR7zTWOyaF0gXrje.pdf,
January-June 2025,M.Tech,2024,SIGNAL PROCESSING AND MACHINE LEARNING,EC-629,ASIC and FPGA,Mid Sem,https://v1.nitj.ac.in/erp/academic_repository/uploads/TbosuZASwR28LxNJ.pdf,
January-June 2025,M.Tech,2024,SIGNAL PROCESSING AND MACHINE LEARNING,EC-629,ASIC and FPGA,End Sem,https://v1.nitj.ac.in/erp/academic_repository/uploads/pga2obHtsUxnLFwk.pdf,
January-June 2025,M.Tech,2024,THERMAL AND ENERGY ENGINEERING,ME-552,Advanced Fluid Mechanics,Mid Sem,https://v1.nitj.ac.in/erp/academic_repository/uploads/CmSOerpT30KZFkuM.pdf,
January-June 2025,M.Tech,2024,THERMAL AND ENERGY ENGINEERING,ME-552,Advanced Fluid Mechanics,End Sem,https://v1.nitj.ac.in/erp/academic_repository/uploads/IsAKC1l38ygEYZGn.pdf,
January-June 2025,M.Tech,2024,THERMAL AND ENERGY ENGINEERING,ME-554,Combustion and Emissions in IC Engine,Mid Sem,https://v1.nitj.ac.in/erp/academic_repository/uploads/eHn2Mpg4AiK9ovW7.pdf,
January-June 2025,M.Tech,2024,THERMAL AND ENERGY ENGINEERING,ME-554,Combustion and Emissions in IC Engine,End Sem,https://v1.nitj.ac.in/erp/academic_repository/uploads/6SlFfgCrnuGPHtN7.pdf,
January-June 2025,M.Tech,2024,THERMAL AND ENERGY ENGINEERING,ME-556,Design and Optimization of Thermal Systems,Mid Sem,https://v1.nitj.ac.in/erp/academic_repository/uploads/TBINtkxqjXsndbP1.pdf,
January-June 2025,M.Tech,2024,THERMAL AND ENERGY ENGINEERING,ME-556,Design and Optimization of Thermal Systems,End Sem,https://v1.nitj.ac.in/erp/academic_repository/uploads/IxSMbfED34zX5Yik.pdf,
January-June 2025,M.Tech,2024,THERMAL AND ENERGY ENGINEERING,ME-558,Heat Exchangers,Mid Sem,https://v1.nitj.ac.in/erp/academic_repository/uploads/dwG9bcX7N2q8aeko.pdf,
January-June 2025,M.Tech,2024,THERMAL AND ENERGY ENGINEERING,ME-558,Heat Exchangers,End Sem,https://v1.nitj.ac.in/erp/academic_repository/uploads/dnmSQyJ5Wp3L8KUl.pdf,
January-June 2025,M.Tech,2024,THERMAL AND ENERGY ENGINEERING,ME-565,Advanced IC Engines,Mid Sem,https://v1.nitj.ac.in/erp/academic_repository/uploads/jywfiSbAJM659BZh.pdf,
January-June 2025,M.Tech,2024,THERMAL AND ENERGY ENGINEERING,ME-565,Advanced IC Engines,End Sem,https://v1.nitj.ac.in/erp/academic_repository/uploads/TL2wdKnGePMjyi8U.pdf,
January-June 2025,M.Tech,2024,THERMAL AND ENERGY ENGINEERING,ME-584,Solar Passive Design and Sustainable Buildings,Mid Sem,https://v1.nitj.ac.in/erp/academic_repository/uploads/kpbOHqoPKi2weM71.pdf,
January-June 2025,M.Tech,2024,THERMAL AND ENERGY ENGINEERING,ME-584,Solar Passive Design and Sustainable Buildings,End Sem,https://v1.nitj.ac.in/erp/academic_repository/uploads/rOdcviV7m2S1QTDq.pdf,
January-June 2025,M.Tech,2024,TEXTILE ENGINEERING AND MANAGEMENT,TT-502,Structural Mechanics of Yarns,Mid Sem,https://v1.nitj.ac.in/erp/academic_repository/uploads/YirmFQqaKT0MIPdA.pdf,
January-June 2025,M.Tech,2024,TEXTILE ENGINEERING AND MANAGEMENT,TT-502,Structural Mechanics of Yarns,End Sem,https://v1.nitj.ac.in/erp/academic_repository/uploads/agxFXDYCzElPviW6.pdf,
January-June 2025,M.Tech,2024,TEXTILE ENGINEERING AND MANAGEMENT,TT-504,Structural Mechanics of Fabrics,Mid Sem,https://v1.nitj.ac.in/erp/academic_repository/uploads/L7nKs1JPb34FdMBN.pdf,
January-June 2025,M.Tech,2024,TEXTILE ENGINEERING AND MANAGEMENT,TT-504,Structural Mechanics of Fabrics,End Sem,https://v1.nitj.ac.in/erp/academic_repository/uploads/J3t8Q6M4BszflUip.pdf,
January-June 2025,M.Tech,2024,TEXTILE ENGINEERING AND MANAGEMENT,TT-506,Statistical Methods and Design of Experiment,Mid Sem,https://v1.nitj.ac.in/erp/academic_repository/uploads/mbUZS06sPdot9GTp.pdf,
January-June 2025,M.Tech,2024,TEXTILE ENGINEERING AND MANAGEMENT,TT-506,Statistical Methods and Design of Experiment,End Sem,https://v1.nitj.ac.in/erp/academic_repository/uploads/FUYiBXvVfNhTQyrg.pdf,
January-June 2025,M.Tech,2024,TEXTILE ENGINEERING AND MANAGEMENT,TT-508,Production Management in Textiles,Mid Sem,https://v1.nitj.ac.in/erp/academic_repository/uploads/29VncakGB7UY6tPs.pdf,
January-June 2025,M.Tech,2024,TEXTILE ENGINEERING AND MANAGEMENT,TT-508,Production Management in Textiles,End Sem,https://v1.nitj.ac.in/erp/academic_repository/uploads/FqjNw45RcKLi2XSn.pdf,
January-June 2025,M.Tech,2024,TEXTILE ENGINEERING AND MANAGEMENT,TT-510,Geotextiles,Mid Sem,https://v1.nitj.ac.in/erp/academic_repository/uploads/JMvTR81hrkx9Iloi.pdf,
January-June 2025,M.Tech,2024,TEXTILE ENGINEERING AND MANAGEMENT,TT-510,Geotextiles,End Sem,https://v1.nitj.ac.in/erp/academic_repository/uploads/UDWfYViP05Rqmxc8.pdf,
January-June 2025,M.Tech,2024,TEXTILE ENGINEERING AND MANAGEMENT,TT-533,Advances in Apparel Technology,Mid Sem,https://v1.nitj.ac.in/erp/academic_repository/uploads/a4dUW2yCclxVJ8br.pdf,
January-June 2025,M.Tech,2024,TEXTILE ENGINEERING AND MANAGEMENT,TT-533,Advances in Apparel Technology,End Sem,https://v1.nitj.ac.in/erp/academic_repository/uploads/un9wyQYAqKrjdPHl.pdf,
January-June 2025,M.Tech,2024,TEXTILE TECHNOLOGY,TTP-502,Advances in Woven Fabric Production,Mid Sem,https://v1.nitj.ac.in/erp/academic_repository/uploads/GPEVhc6MvXRixUTp.pdf,
January-June 2025,M.Tech,2024,TEXTILE TECHNOLOGY,TTP-502,Advances in Woven Fabric Production,End Sem,https://v1.nitj.ac.in/erp/academic_repository/uploads/NHLV8Qwserf7map6.pdf,
January-June 2025,M.Tech,2024,TEXTILE TECHNOLOGY,TTP-504,Physical Properties of Fibres,Mid Sem,https://v1.nitj.ac.in/erp/academic_repository/uploads/vVZOjasqUgQWXNfd.pdf,
January-June 2025,M.Tech,2024,TEXTILE TECHNOLOGY,TTP-504,Physical Properties of Fibres,End Sem,https://v1.nitj.ac.in/erp/academic_repository/uploads/CmSLuj4gfpTDtA0q.pdf,
January-June 2025,M.Tech,2024,TEXTILE TECHNOLOGY,TTP-506,"Costing, Project Formulation and Appraisal",Mid Sem,https://v1.nitj.ac.in/erp/academic_repository/uploads/Wli3P2abpRyr0ZC8.pdf,
January-June 2025,M.Tech,2024,TEXTILE TECHNOLOGY,TTP-506,"Costing, Project Formulation and Appraisal",End Sem,https://v1.nitj.ac.in/erp/academic_repository/uploads/64YlSVFaJvCRsPMb.pdf,
January-June 2025,M.Tech,2024,VLSI DESIGN,EC-522,Embedded Systems Design,Mid Sem,https://v1.nitj.ac.in/erp/academic_repository/uploads/9WiU15xbIs2FAD6P.pdf,
January-June 2025,M.Tech,2024,VLSI DESIGN,EC-522,Embedded Systems Design,End Sem,https://v1.nitj.ac.in/erp/academic_repository/uploads/fDaq76xE20FBOd5u.pdf,
January-June 2025,M.Tech,2024,VLSI DESIGN,EC-524,Analog IC Design,Mid Sem,https://v1.nitj.ac.in/erp/academic_repository/uploads/IieSbcr7952FU8sy.pdf,
January-June 2025,M.Tech,2024,VLSI DESIGN,EC-524,Analog IC Design,End Sem,https://v1.nitj.ac.in/erp/academic_repository/uploads/XHThFYG1Szf5o82C.pdf,
January-June 2025,M.Tech,2024,VLSI DESIGN,EC-526,IC Fabrication,Mid Sem,https://v1.nitj.ac.in/erp/academic_repository/uploads/lyMfU5VxTKLJ79rF.pdf,
January-June 2025,M.Tech,2024,VLSI DESIGN,EC-526,IC Fabrication,End Sem,https://v1.nitj.ac.in/erp/academic_repository/uploads/0Wm5dZqBRUEh1Ayv.pdf,
January-June 2025,M.Tech,2024,VLSI DESIGN,EC-608,Deep Learning,Mid Sem,https://v1.nitj.ac.in/erp/academic_repository/uploads/JgqVSrb7I6O5azAH.pdf,
January-June 2025,M.Tech,2024,VLSI DESIGN,EC-608,Deep Learning,End Sem,https://v1.nitj.ac.in/erp/academic_repository/uploads/GVoj13tv4JcfWO5F.pdf,
January-June 2025,M.Tech,2024,VLSI DESIGN,EC-630,Low Power VLSI Design,Mid Sem,https://v1.nitj.ac.in/erp/academic_repository/uploads/xoWt3VXDzIrEHCjA.pdf,
January-June 2025,M.Tech,2024,VLSI DESIGN,EC-630,Low Power VLSI Design,End Sem,https://v1.nitj.ac.in/erp/academic_repository/uploads/epoGk7vRbWtc5h0f.pdf,
January-June 2025,M.Tech,2024,VLSI DESIGN,EC-631,Memory Design and Testing,Mid Sem,https://v1.nitj.ac.in/erp/academic_repository/uploads/iQC4rxV6Rt8loSjB.pdf,
January-June 2025,M.Tech,2024,VLSI DESIGN,EC-631,Memory Design and Testing,End Sem,https://v1.nitj.ac.in/erp/academic_repository/uploads/qHE7h8axwVv4JY2U.pdf,
January-June 2025,M.Tech,2023,POWER SYSTEMS AND RELIABILITY,CS-506,Machine Learning,Mid Sem,https://v1.nitj.ac.in/erp/academic_repository/uploads/8uJ2Ws7ZHUQrawNO.pdf,
January-June 2025,M.Tech,2023,POWER SYSTEMS AND RELIABILITY,CS-506,Machine Learning,End Sem,https://v1.nitj.ac.in/erp/academic_repository/uploads/ip69lDAc8jEnx7we.pdf,
January-June 2025,M.Tech,2023,POWER SYSTEMS AND RELIABILITY,PSR-502,Reliability Engineering,Mid Sem,https://v1.nitj.ac.in/erp/academic_repository/uploads/5LSux2wlO8E03YCV.pdf,
January-June 2025,M.Tech,2023,POWER SYSTEMS AND RELIABILITY,PSR-502,Reliability Engineering,End Sem,https://v1.nitj.ac.in/erp/academic_repository/uploads/FEagBcdSzJI4ZnWY.pdf,
January-June 2025,M.Tech,2023,POWER SYSTEMS AND RELIABILITY,PSR-552,Machine Learning,Mid Sem,https://v1.nitj.ac.in/erp/academic_repository/uploads/aIFAXJyv9O1KuDCQ.pdf,
January-June 2025,M.Tech,2023,POWER SYSTEMS AND RELIABILITY,PSR-552,Machine Learning,End Sem,https://v1.nitj.ac.in/erp/academic_repository/uploads/OMPDj8J5mXfiwdvI.pdf,
January-June 2025,M.Tech,2023,POWER SYSTEMS AND RELIABILITY,PSR-559,Advance Power System Analysis,Mid Sem,https://v1.nitj.ac.in/erp/academic_repository/uploads/9r1524kbUCP0oxXt.pdf,
January-June 2025,M.Tech,2023,POWER SYSTEMS AND RELIABILITY,PSR-559,Advance Power System Analysis,End Sem,https://v1.nitj.ac.in/erp/academic_repository/uploads/1nOBG926YXbtuizI.pdf,
January-June 2025,M.Tech,2023,TEXTILE TECHNOLOGY,TTP-508,Advancement in Textile Testing,Mid Sem,https://v1.nitj.ac.in/erp/academic_repository/uploads/id9WMjQa0mqnGw56.pdf,
January-June 2025,M.Tech,2023,TEXTILE TECHNOLOGY,TTP-508,Advancement in Textile Testing,End Sem,https://v1.nitj.ac.in/erp/academic_repository/uploads/HyUFczCSEwLp0hlt.pdf,
January-June 2025,M.Tech,2023,TEXTILE TECHNOLOGY,TTP-519,New Spinning Technologies,Mid Sem,https://v1.nitj.ac.in/erp/academic_repository/uploads/oRn0ZLAWE2i5tlSa.pdf,
January-June 2025,M.Tech,2023,TEXTILE TECHNOLOGY,TTP-519,New Spinning Technologies,End Sem,https://v1.nitj.ac.in/erp/academic_repository/uploads/av43i2yqmnDB7ejp.pdf,
January-June 2025,MBA,2024,HUMANITIES AND MANAGEMENT,HM-552,Cost and Management Accounting,Mid Sem,https://v1.nitj.ac.in/erp/academic_repository/uploads/4G7vlICaYDiURf0E.pdf,
January-June 2025,MBA,2024,HUMANITIES AND MANAGEMENT,HM-552,Cost and Management Accounting,End Sem,https://v1.nitj.ac.in/erp/academic_repository/uploads/2lknIdheW7ROH9E0.pdf,
January-June 2025,MBA,2024,HUMANITIES AND MANAGEMENT,HM-554,Financial Management,Mid Sem,https://v1.nitj.ac.in/erp/academic_repository/uploads/lo2pyRBVJCF8aNs7.pdf,
January-June 2025,MBA,2024,HUMANITIES AND MANAGEMENT,HM-554,Financial Management,End Sem,https://v1.nitj.ac.in/erp/academic_repository/uploads/CMc3SHx6AOZfrh15.pdf,
January-June 2025,MBA,2024,HUMANITIES AND MANAGEMENT,HM-556,Human Resource Management,Mid Sem,https://v1.nitj.ac.in/erp/academic_repository/uploads/VF9GfgunY0CK6MaZ.pdf,
January-June 2025,MBA,2024,HUMANITIES AND MANAGEMENT,HM-556,Human Resource Management,End Sem,https://v1.nitj.ac.in/erp/academic_repository/uploads/zwD43gbRuX1UvTNW.pdf,
January-June 2025,MBA,2024,HUMANITIES AND MANAGEMENT,HM-558,Marketing Management,Mid Sem,https://v1.nitj.ac.in/erp/academic_repository/uploads/loX6LD4RAPHbni85.pdf,
January-June 2025,MBA,2024,HUMANITIES AND MANAGEMENT,HM-558,Marketing Management,End Sem,https://v1.nitj.ac.in/erp/academic_repository/uploads/5Qm4FX7pZWJBqxTY.pdf,
January-June 2025,MBA,2024,HUMANITIES AND MANAGEMENT,HM-560,Research Methodology,Mid Sem,https://v1.nitj.ac.in/erp/academic_repository/uploads/VSKXQLrYJs6NM3A5.pdf,
January-June 2025,MBA,2024,HUMANITIES AND MANAGEMENT,HM-560,Research Methodology,End Sem,https://v1.nitj.ac.in/erp/academic_repository/uploads/8vk2DG0rQHg1jcCs.pdf,
January-June 2025,MBA,2024,HUMANITIES AND MANAGEMENT,HM-562,International Business,Mid Sem,https://v1.nitj.ac.in/erp/academic_repository/uploads/ba3Oy6JsTmQWEIij.pdf,
January-June 2025,MBA,2024,HUMANITIES AND MANAGEMENT,HM-562,International Business,End Sem,https://v1.nitj.ac.in/erp/academic_repository/uploads/ARkt3TrF6hOJBQsf.pdf,
January-June 2025,MBA,2023,HUMANITIES AND MANAGEMENT,HM-564,Corporate Management and Strategy,Mid Sem,https://v1.nitj.ac.in/erp/academic_repository/uploads/y0vtsXoSZghPz8bG.pdf,
January-June 2025,MBA,2023,HUMANITIES AND MANAGEMENT,HM-564,Corporate Management and Strategy,End Sem,https://v1.nitj.ac.in/erp/academic_repository/uploads/zkLKBT1hS2aMACYD.pdf,
January-June 2025,MBA,2023,HUMANITIES AND MANAGEMENT,HM-566,Entrepreneurship Development and Management,Mid Sem,https://v1.nitj.ac.in/erp/academic_repository/uploads/tk7mWN0JonG3Dd6a.pdf,
January-June 2025,MBA,2023,HUMANITIES AND MANAGEMENT,HM-566,Entrepreneurship Development and Management,End Sem,https://v1.nitj.ac.in/erp/academic_repository/uploads/TdSx1FylneJHZ6o9.pdf,
January-June 2025,MBA,2023,HUMANITIES AND MANAGEMENT,HM-572,Brand and Product Management,Mid Sem,https://v1.nitj.ac.in/erp/academic_repository/uploads/GyhlFuijW2aZt34m.pdf,
January-June 2025,MBA,2023,HUMANITIES AND MANAGEMENT,HM-572,Brand and Product Management,End Sem,https://v1.nitj.ac.in/erp/academic_repository/uploads/aUVNM9knXIgLFBZf.pdf,
January-June 2025,MBA,2023,HUMANITIES AND MANAGEMENT,HM-576,International Marketing,Mid Sem,https://v1.nitj.ac.in/erp/academic_repository/uploads/l6EPpUxH8cI5ujOo.pdf,
January-June 2025,MBA,2023,HUMANITIES AND MANAGEMENT,HM-576,International Marketing,End Sem,https://v1.nitj.ac.in/erp/academic_repository/uploads/PjyQsGDTfR1uIazK.pdf,
January-June 2025,MBA,2023,HUMANITIES AND MANAGEMENT,HM-578,Digital Marketing,Mid Sem,https://v1.nitj.ac.in/erp/academic_repository/uploads/LxZ8OC1bXzWBfJdS.pdf,
January-June 2025,MBA,2023,HUMANITIES AND MANAGEMENT,HM-578,Digital Marketing,End Sem,https://v1.nitj.ac.in/erp/academic_repository/uploads/cir0k5JjgtvDpLZ6.pdf,
January-June 2025,MBA,2023,HUMANITIES AND MANAGEMENT,HM-582,Indian Economy and Financial System,Mid Sem,https://v1.nitj.ac.in/erp/academic_repository/uploads/DPHOsSyfEGkbcVF1.pdf,
January-June 2025,MBA,2023,HUMANITIES AND MANAGEMENT,HM-582,Indian Economy and Financial System,End Sem,https://v1.nitj.ac.in/erp/academic_repository/uploads/RDQwMdutZo2K8ysJ.pdf,
January-June 2025,MBA,2023,HUMANITIES AND MANAGEMENT,HM-585,Derivative and Risk Management,Mid Sem,https://v1.nitj.ac.in/erp/academic_repository/uploads/J9VLsj6RPE0iUO7x.pdf,
January-June 2025,MBA,2023,HUMANITIES AND MANAGEMENT,HM-585,Derivative and Risk Management,End Sem,https://v1.nitj.ac.in/erp/academic_repository/uploads/iPRd8kauKZWqmsyl.pdf,
January-June 2025,MBA,2023,HUMANITIES AND MANAGEMENT,HM-589,Behavioural Finance,Mid Sem,https://v1.nitj.ac.in/erp/academic_repository/uploads/HA7R2gutQnOPdeF6.pdf,
January-June 2025,MBA,2023,HUMANITIES AND MANAGEMENT,HM-589,Behavioural Finance,End Sem,https://v1.nitj.ac.in/erp/academic_repository/uploads/e5FYtg4JLrVIasmT.pdf,
January-June 2025,MBA,2023,HUMANITIES AND MANAGEMENT,HM-591,Strategic Human Resource Management,Mid Sem,https://v1.nitj.ac.in/erp/academic_repository/uploads/Lnivtsdx0HUygPoA.pdf,
January-June 2025,MBA,2023,HUMANITIES AND MANAGEMENT,HM-591,Strategic Human Resource Management,End Sem,https://v1.nitj.ac.in/erp/academic_repository/uploads/oEY482CFpAzwamye.pdf,
January-June 2025,MBA,2023,HUMANITIES AND MANAGEMENT,HM-597,Organizational Change and Development,Mid Sem,https://v1.nitj.ac.in/erp/academic_repository/uploads/lTm1OUSZrt98FMHR.pdf,
January-June 2025,MBA,2023,HUMANITIES AND MANAGEMENT,HM-597,Organizational Change and Development,End Sem,https://v1.nitj.ac.in/erp/academic_repository/uploads/0kQLu4xMlSOIwcoD.pdf,
January-June 2025,MBA,2023,HUMANITIES AND MANAGEMENT,HM-600,Talent Management Dynamics,Mid Sem,https://v1.nitj.ac.in/erp/academic_repository/uploads/sr52Su1poCiPXOYU.pdf,
January-June 2025,MBA,2023,HUMANITIES AND MANAGEMENT,HM-600,Talent Management Dynamics,End Sem,https://v1.nitj.ac.in/erp/academic_repository/uploads/ThRxI3K7mwNtkPWL.pdf,
January-June 2026,B.Sc.-B.Ed.,2025,INTEGRATED TEACHER EDUCATION PROGRAMME,EDCC0201,Child Development and Education Psychology,Mid Sem,https://v1.nitj.ac.in/erp/academic_repository/uploads/haAX4H8wrjETxDOG.pdf,
January-June 2026,B.Sc.-B.Ed.,2025,INTEGRATED TEACHER EDUCATION PROGRAMME,EDCC0201,Child Development and Education Psychology,End Sem,https://v1.nitj.ac.in/erp/academic_repository/uploads/lxOvgXzsdcARNMHa.pdf,
January-June 2026,B.Sc.-B.Ed.,2025,INTEGRATED TEACHER EDUCATION PROGRAMME,EDCC0202,Communication Skills-II,Mid Sem,https://v1.nitj.ac.in/erp/academic_repository/uploads/u6qnjRv1V2U3kaPW.pdf,
January-June 2026,B.Sc.-B.Ed.,2025,INTEGRATED TEACHER EDUCATION PROGRAMME,EDCC0202,Communication Skills-II,End Sem,https://v1.nitj.ac.in/erp/academic_repository/uploads/MuZJGAxvHmKwXj83.pdf,
January-June 2026,B.Sc.-B.Ed.,2025,INTEGRATED TEACHER EDUCATION PROGRAMME,EDCC0203,Visual Arts and Creative Expressions,Mid Sem,https://v1.nitj.ac.in/erp/academic_repository/uploads/gWkOpeT7DjbhNHsy.pdf,
January-June 2026,B.Sc.-B.Ed.,2025,INTEGRATED TEACHER EDUCATION PROGRAMME,EDCC0203,Visual Arts and Creative Expressions,End Sem,https://v1.nitj.ac.in/erp/academic_repository/uploads/mUSneuG0wfxp1h3y.pdf,
January-June 2026,B.Sc.-B.Ed.,2025,INTEGRATED TEACHER EDUCATION PROGRAMME,EDCY0201,Organic Chemistry-I,Mid Sem,https://v1.nitj.ac.in/erp/academic_repository/uploads/UXdacKFhT9vmr4VN.pdf,
January-June 2026,B.Sc.-B.Ed.,2025,INTEGRATED TEACHER EDUCATION PROGRAMME,EDCY0201,Organic Chemistry-I,End Sem,https://v1.nitj.ac.in/erp/academic_repository/uploads/tHSyKXnhg7U1iVYb.pdf,
January-June 2026,B.Sc.-B.Ed.,2025,INTEGRATED TEACHER EDUCATION PROGRAMME,EDEC0201,Hindi-II,Mid Sem,https://v1.nitj.ac.in/erp/academic_repository/uploads/xgnOe6fyYJbKscEW.pdf,
January-June 2026,B.Sc.-B.Ed.,2025,INTEGRATED TEACHER EDUCATION PROGRAMME,EDEC0201,Hindi-II,End Sem,https://v1.nitj.ac.in/erp/academic_repository/uploads/xCjPunkEtIHwTUsR.pdf,
January-June 2026,B.Sc.-B.Ed.,2025,INTEGRATED TEACHER EDUCATION PROGRAMME,EDEC0202,Punjabi-II,Mid Sem,https://v1.nitj.ac.in/erp/academic_repository/uploads/L1a7QoSykWGtgwpf.pdf,
January-June 2026,B.Sc.-B.Ed.,2025,INTEGRATED TEACHER EDUCATION PROGRAMME,EDEC0202,Punjabi-II,End Sem,https://v1.nitj.ac.in/erp/academic_repository/uploads/EDz0SbI7pNO2uMnK.pdf,
January-June 2026,B.Sc.-B.Ed.,2025,INTEGRATED TEACHER EDUCATION PROGRAMME,EDIT0201,Python Programming: IT-I,Mid Sem,https://v1.nitj.ac.in/erp/academic_repository/uploads/SmyMzlReaVgCk1wH.pdf,
January-June 2026,B.Sc.-B.Ed.,2025,INTEGRATED TEACHER EDUCATION PROGRAMME,EDIT0201,Python Programming: IT-I,End Sem,https://v1.nitj.ac.in/erp/academic_repository/uploads/a5S2UDBnvbo9uxgq.pdf,
January-June 2026,B.Sc.-B.Ed.,2025,INTEGRATED TEACHER EDUCATION PROGRAMME,EDMA0201,Numerical Methods & Statistics : Maths-II,Mid Sem,https://v1.nitj.ac.in/erp/academic_repository/uploads/OXWiP3jodKFIxQLD.pdf,
January-June 2026,B.Sc.-B.Ed.,2025,INTEGRATED TEACHER EDUCATION PROGRAMME,EDMA0201,Numerical Methods & Statistics : Maths-II,End Sem,https://v1.nitj.ac.in/erp/academic_repository/uploads/BOGukYecVRgUp8CT.pdf,
January-June 2026,B.Sc.-B.Ed.,2025,INTEGRATED TEACHER EDUCATION PROGRAMME,EDMA0202,Linear Algebra,Mid Sem,https://v1.nitj.ac.in/erp/academic_repository/uploads/LVu4ydPe9Zopz1OE.pdf,
January-June 2026,B.Sc.-B.Ed.,2025,INTEGRATED TEACHER EDUCATION PROGRAMME,EDMA0202,Linear Algebra,End Sem,https://v1.nitj.ac.in/erp/academic_repository/uploads/W0gr5RaSxjNJnGQm.pdf,
January-June 2026,B.Sc.-B.Ed.,2025,INTEGRATED TEACHER EDUCATION PROGRAMME,EDPH0201,Mathematical Physics,Mid Sem,https://v1.nitj.ac.in/erp/academic_repository/uploads/UomsNeErtWAxVuBX.pdf,
January-June 2026,B.Sc.-B.Ed.,2025,INTEGRATED TEACHER EDUCATION PROGRAMME,EDPH0201,Mathematical Physics,End Sem,https://v1.nitj.ac.in/erp/academic_repository/uploads/Kv0G7iNPLa3wORd2.pdf,
January-June 2026,B.Sc.-B.Ed.,2024,INTEGRATED TEACHER EDUCATION PROGRAMME,EDCC0401,Guidance and Counseling,Mid Sem,https://v1.nitj.ac.in/erp/academic_repository/uploads/7qosgxNFMki15pXh.pdf,
January-June 2026,B.Sc.-B.Ed.,2024,INTEGRATED TEACHER EDUCATION PROGRAMME,EDCC0401,Guidance and Counseling,End Sem,https://v1.nitj.ac.in/erp/academic_repository/uploads/vjKX0spaDItZOLRo.pdf,
January-June 2026,B.Sc.-B.Ed.,2024,INTEGRATED TEACHER EDUCATION PROGRAMME,EDCC0402,Pedagogy of Mathematics and Science -1,Mid Sem,https://v1.nitj.ac.in/erp/academic_repository/uploads/409lBgLwDeOu7dW8.pdf,
January-June 2026,B.Sc.-B.Ed.,2024,INTEGRATED TEACHER EDUCATION PROGRAMME,EDCC0402,Pedagogy of Mathematics and Science -1,End Sem,https://v1.nitj.ac.in/erp/academic_repository/uploads/n8bkHjyGap0ohDzU.pdf,
January-June 2026,B.Sc.-B.Ed.,2024,INTEGRATED TEACHER EDUCATION PROGRAMME,EDCY0401,Physical Chemistry -III,Mid Sem,https://v1.nitj.ac.in/erp/academic_repository/uploads/neAu2PMOlxHkrF3L.pdf,
January-June 2026,B.Sc.-B.Ed.,2024,INTEGRATED TEACHER EDUCATION PROGRAMME,EDCY0401,Physical Chemistry -III,End Sem,https://v1.nitj.ac.in/erp/academic_repository/uploads/9XtUCO8rLgpqDdB7.pdf,
January-June 2026,B.Sc.-B.Ed.,2024,INTEGRATED TEACHER EDUCATION PROGRAMME,EDCY0402,Organic Chemistry -II,Mid Sem,https://v1.nitj.ac.in/erp/academic_repository/uploads/OY4zcHSinyUewtBq.pdf,
January-June 2026,B.Sc.-B.Ed.,2024,INTEGRATED TEACHER EDUCATION PROGRAMME,EDCY0402,Organic Chemistry -II,End Sem,https://v1.nitj.ac.in/erp/academic_repository/uploads/hBIiyq8TnQSvkMbz.pdf,
January-June 2026,B.Sc.-B.Ed.,2024,INTEGRATED TEACHER EDUCATION PROGRAMME,EDIT0401,Data Analytics and AI for Sciences -II,Mid Sem,https://v1.nitj.ac.in/erp/academic_repository/uploads/zV2xaK0i65ZEsYQv.pdf,
January-June 2026,B.Sc.-B.Ed.,2024,INTEGRATED TEACHER EDUCATION PROGRAMME,EDIT0401,Data Analytics and AI for Sciences -II,End Sem,https://v1.nitj.ac.in/erp/academic_repository/uploads/LIYSu1p8c6lsxznO.pdf,
January-June 2026,B.Sc.-B.Ed.,2024,INTEGRATED TEACHER EDUCATION PROGRAMME,EDMA0401,Advanced Calculus,Mid Sem,https://v1.nitj.ac.in/erp/academic_repository/uploads/uQNVhiRc9Kae2TOo.pdf,
January-June 2026,B.Sc.-B.Ed.,2024,INTEGRATED TEACHER EDUCATION PROGRAMME,EDMA0401,Advanced Calculus,End Sem,https://v1.nitj.ac.in/erp/academic_repository/uploads/D4xvizGSkRpobrEq.pdf,
January-June 2026,B.Sc.-B.Ed.,2024,INTEGRATED TEACHER EDUCATION PROGRAMME,EDMA0402,Abstract Algebra,Mid Sem,https://v1.nitj.ac.in/erp/academic_repository/uploads/FY5DUOKPTgH1wfBh.pdf,
January-June 2026,B.Sc.-B.Ed.,2024,INTEGRATED TEACHER EDUCATION PROGRAMME,EDMA0402,Abstract Algebra,End Sem,https://v1.nitj.ac.in/erp/academic_repository/uploads/2moT8rx03dFS4aAk.pdf,
January-June 2026,B.Sc.-B.Ed.,2024,INTEGRATED TEACHER EDUCATION PROGRAMME,EDPH0401,Quantum Physics,Mid Sem,https://v1.nitj.ac.in/erp/academic_repository/uploads/IGsoXpcCT65gt9Du.pdf,
January-June 2026,B.Sc.-B.Ed.,2024,INTEGRATED TEACHER EDUCATION PROGRAMME,EDPH0401,Quantum Physics,End Sem,https://v1.nitj.ac.in/erp/academic_repository/uploads/Qx2cki5NdZaWMYHs.pdf,
January-June 2026,B.Sc.-B.Ed.,2024,INTEGRATED TEACHER EDUCATION PROGRAMME,EDPH0402,Thermodynamics and Statistical Physics,Mid Sem,https://v1.nitj.ac.in/erp/academic_repository/uploads/UR3JiDtrQbuqZxlK.pdf,
January-June 2026,B.Sc.-B.Ed.,2024,INTEGRATED TEACHER EDUCATION PROGRAMME,EDPH0402,Thermodynamics and Statistical Physics,End Sem,https://v1.nitj.ac.in/erp/academic_repository/uploads/8WCjYMkFyXN3ABio.pdf,
January-June 2026,B.Sc.-B.Ed.,2023,INTEGRATED TEACHER EDUCATION PROGRAMME,CYMJ0601,Analytical Chemistry -II,Mid Sem,https://v1.nitj.ac.in/erp/academic_repository/uploads/i7wV80vDjG1A2Ooa.pdf,
January-June 2026,B.Sc.-B.Ed.,2023,INTEGRATED TEACHER EDUCATION PROGRAMME,CYMJ0601,Analytical Chemistry -II,End Sem,https://v1.nitj.ac.in/erp/academic_repository/uploads/6mPxDnLEbBlYIzKC.pdf,
January-June 2026,B.Sc.-B.Ed.,2023,INTEGRATED TEACHER EDUCATION PROGRAMME,CYMJ0602,Pharmaceutical Chemistry,Mid Sem,https://v1.nitj.ac.in/erp/academic_repository/uploads/3Te2W91NIwCE8QFA.pdf,
January-June 2026,B.Sc.-B.Ed.,2023,INTEGRATED TEACHER EDUCATION PROGRAMME,CYMJ0602,Pharmaceutical Chemistry,End Sem,https://v1.nitj.ac.in/erp/academic_repository/uploads/5UnZv2BJGXmCLgy3.pdf,
January-June 2026,B.Sc.-B.Ed.,2023,INTEGRATED TEACHER EDUCATION PROGRAMME,HMMJ0601,Assessment & Evaluation,Mid Sem,https://v1.nitj.ac.in/erp/academic_repository/uploads/GcRoifSbhpM1UtmV.pdf,
January-June 2026,B.Sc.-B.Ed.,2023,INTEGRATED TEACHER EDUCATION PROGRAMME,HMMJ0601,Assessment & Evaluation,End Sem,https://v1.nitj.ac.in/erp/academic_repository/uploads/KbOJEzlaH3AFxtNi.pdf,
January-June 2026,B.Sc.-B.Ed.,2023,INTEGRATED TEACHER EDUCATION PROGRAMME,HMMJ0602,Inclusive Education,Mid Sem,https://v1.nitj.ac.in/erp/academic_repository/uploads/j4ocsnCahk5BWdgv.pdf,
January-June 2026,B.Sc.-B.Ed.,2023,INTEGRATED TEACHER EDUCATION PROGRAMME,HMMJ0602,Inclusive Education,End Sem,https://v1.nitj.ac.in/erp/academic_repository/uploads/U1YnfrXAoiZbDVkB.pdf,
January-June 2026,B.Sc.-B.Ed.,2023,INTEGRATED TEACHER EDUCATION PROGRAMME,HMMJ0603,Stage Specific Pedagogy of Mathematics and Science -II,Mid Sem,https://v1.nitj.ac.in/erp/academic_repository/uploads/TEUDxi7BSH6dF2GW.pdf,
January-June 2026,B.Sc.-B.Ed.,2023,INTEGRATED TEACHER EDUCATION PROGRAMME,HMMJ0603,Stage Specific Pedagogy of Mathematics and Science -II,End Sem,https://v1.nitj.ac.in/erp/academic_repository/uploads/FnhTpA83dVQ9lDsL.pdf,
January-June 2026,B.Sc.-B.Ed.,2023,INTEGRATED TEACHER EDUCATION PROGRAMME,HMMJ0604,Mathematical & Quantitative Reasoning,Mid Sem,https://v1.nitj.ac.in/erp/academic_repository/uploads/xYiSvmbHD9WAw1et.pdf,
January-June 2026,B.Sc.-B.Ed.,2023,INTEGRATED TEACHER EDUCATION PROGRAMME,HMMJ0604,Mathematical & Quantitative Reasoning,End Sem,https://v1.nitj.ac.in/erp/academic_repository/uploads/E0YKIW3m9UHuNPCM.pdf,
January-June 2026,B.Sc.-B.Ed.,2023,INTEGRATED TEACHER EDUCATION PROGRAMME,MAMJ0601,Linear Programming,Mid Sem,https://v1.nitj.ac.in/erp/academic_repository/uploads/NKgHkjJyv9pVO6b5.pdf,
January-June 2026,B.Sc.-B.Ed.,2023,INTEGRATED TEACHER EDUCATION PROGRAMME,MAMJ0601,Linear Programming,End Sem,https://v1.nitj.ac.in/erp/academic_repository/uploads/HTSLB3IkCjtDpEJb.pdf,
January-June 2026,B.Sc.-B.Ed.,2023,INTEGRATED TEACHER EDUCATION PROGRAMME,MAMJ0602,Mathematical Methods,Mid Sem,https://v1.nitj.ac.in/erp/academic_repository/uploads/UKYIR7JSzGONjDXH.pdf,
January-June 2026,B.Sc.-B.Ed.,2023,INTEGRATED TEACHER EDUCATION PROGRAMME,MAMJ0602,Mathematical Methods,End Sem,https://v1.nitj.ac.in/erp/academic_repository/uploads/9huKQGX83RwDOWgA.pdf,
January-June 2026,B.Sc.-B.Ed.,2023,INTEGRATED TEACHER EDUCATION PROGRAMME,PHMJ0601,Nuclear and Particle Physics,Mid Sem,https://v1.nitj.ac.in/erp/academic_repository/uploads/R7Aaf3hvP0sErugK.pdf,
January-June 2026,B.Sc.-B.Ed.,2023,INTEGRATED TEACHER EDUCATION PROGRAMME,PHMJ0601,Nuclear and Particle Physics,End Sem,https://v1.nitj.ac.in/erp/academic_repository/uploads/hBbitcFHA5qf49Dw.pdf,
January-June 2026,B.Sc.-B.Ed.,2023,INTEGRATED TEACHER EDUCATION PROGRAMME,PHMJ0602,Digital Electronics,Mid Sem,https://v1.nitj.ac.in/erp/academic_repository/uploads/asEiyQFJpLKr0nj9.pdf,
January-June 2026,B.Sc.-B.Ed.,2023,INTEGRATED TEACHER EDUCATION PROGRAMME,PHMJ0602,Digital Electronics,End Sem,https://v1.nitj.ac.in/erp/academic_repository/uploads/NqLTdrZGIF043isy.pdf,
January-June 2026,B.Tech,2025,B.Tech First Year,BTDC0102,Bioprocess Calculation,Mid Sem,https://v1.nitj.ac.in/erp/academic_repository/uploads/yN3xFlJVLIaKSYoe.pdf,
January-June 2026,B.Tech,2025,B.Tech First Year,BTDC0102,Bioprocess Calculation,End Sem,https://v1.nitj.ac.in/erp/academic_repository/uploads/gXKDAZx7mUERvWrY.pdf,
January-June 2026,B.Tech,2025,B.Tech First Year,CEDC0102,Strength of Material,Mid Sem,https://v1.nitj.ac.in/erp/academic_repository/uploads/Y2nMQmSivRgPGbE8.pdf,
January-June 2026,B.Tech,2025,B.Tech First Year,CEDC0102,Strength of Material,End Sem,https://v1.nitj.ac.in/erp/academic_repository/uploads/fA5ShdqwxPJF3nui.pdf,
January-June 2026,B.Tech,2025,B.Tech First Year,CHDC0102,Industrial Pollution Abatement,Mid Sem,https://v1.nitj.ac.in/erp/academic_repository/uploads/q4sTK7MhjDBk0rUA.pdf,
January-June 2026,B.Tech,2025,B.Tech First Year,CHDC0102,Industrial Pollution Abatement,End Sem,https://v1.nitj.ac.in/erp/academic_repository/uploads/vkuq6rStlpdQfXoY.pdf,
January-June 2026,B.Tech,2025,B.Tech First Year,CSDC0102,Discrete Structures,Mid Sem,https://v1.nitj.ac.in/erp/academic_repository/uploads/cjdB18kQUxN5ihO4.pdf,
January-June 2026,B.Tech,2025,B.Tech First Year,CSDC0102,Discrete Structures,End Sem,https://v1.nitj.ac.in/erp/academic_repository/uploads/jsUv1HWY6dzKbogw.pdf,
January-June 2026,B.Tech,2025,B.Tech First Year,CSFC0101,Computer Programming,Mid Sem,https://v1.nitj.ac.in/erp/academic_repository/uploads/Sa0ir3ZOJlMvpw4U.pdf,
January-June 2026,B.Tech,2025,B.Tech First Year,CSFC0101,Computer Programming,End Sem,https://v1.nitj.ac.in/erp/academic_repository/uploads/furkKz2nQAdsGbIl.pdf,
January-June 2026,B.Tech,2025,B.Tech First Year,CYFC0104,Applied Chemistry,Mid Sem,https://v1.nitj.ac.in/erp/academic_repository/uploads/iEaynVhJkOulxDgL.pdf,
January-June 2026,B.Tech,2025,B.Tech First Year,CYFC0104,Applied Chemistry,End Sem,https://v1.nitj.ac.in/erp/academic_repository/uploads/QbT8dvWISwFqXoMr.pdf,
January-June 2026,B.Tech,2025,B.Tech First Year,ECDC0102,Basic Electronics,Mid Sem,https://v1.nitj.ac.in/erp/academic_repository/uploads/qib46WlQUscZpAMg.pdf,
January-June 2026,B.Tech,2025,B.Tech First Year,ECDC0102,Basic Electronics,End Sem,https://v1.nitj.ac.in/erp/academic_repository/uploads/qA5zYSK0L8rlg4ei.pdf,
January-June 2026,B.Tech,2025,B.Tech First Year,ECFC0102,Elements of Electronics Engineering,Mid Sem,https://v1.nitj.ac.in/erp/academic_repository/uploads/IRkBPovzL72iCYWx.pdf,
January-June 2026,B.Tech,2025,B.Tech First Year,ECFC0102,Elements of Electronics Engineering,End Sem,https://v1.nitj.ac.in/erp/academic_repository/uploads/FxiqvUJKfkGQElO1.pdf,
January-June 2026,B.Tech,2025,B.Tech First Year,ECFC0104,Basic Electronics,Mid Sem,https://v1.nitj.ac.in/erp/academic_repository/uploads/HfUWMeK08mJalgbO.pdf,
January-June 2026,B.Tech,2025,B.Tech First Year,ECFC0104,Basic Electronics,End Sem,https://v1.nitj.ac.in/erp/academic_repository/uploads/gLerwVsuCpq1fnKP.pdf,
January-June 2026,B.Tech,2025,B.Tech First Year,EEDC0102,EMF Theory,Mid Sem,https://v1.nitj.ac.in/erp/academic_repository/uploads/Nzfu3gyrJP5OHm0L.pdf,
January-June 2026,B.Tech,2025,B.Tech First Year,EEDC0102,EMF Theory,End Sem,https://v1.nitj.ac.in/erp/academic_repository/uploads/vwcxX1RM7nb34szk.pdf,
January-June 2026,B.Tech,2025,B.Tech First Year,EEFC0102,Basic Electrical Sciences,Mid Sem,https://v1.nitj.ac.in/erp/academic_repository/uploads/UnZDfHXxQ8qClr97.pdf,
January-June 2026,B.Tech,2025,B.Tech First Year,EEFC0102,Basic Electrical Sciences,End Sem,https://v1.nitj.ac.in/erp/academic_repository/uploads/kU7ZcM5Sbp9dBYOr.pdf,
January-June 2026,B.Tech,2025,B.Tech First Year,HMFC0101,English Communication and Report Writing,Mid Sem,https://v1.nitj.ac.in/erp/academic_repository/uploads/lPqscEuUw8zS9Ori.pdf,
January-June 2026,B.Tech,2025,B.Tech First Year,HMFC0101,English Communication and Report Writing,End Sem,https://v1.nitj.ac.in/erp/academic_repository/uploads/uOgXE9v5pxey8V7a.pdf,
January-June 2026,B.Tech,2025,B.Tech First Year,HMFC0102,Management Principles and Indian Constitutional Values,Mid Sem,https://v1.nitj.ac.in/erp/academic_repository/uploads/LaAvpmkIFhCnjBeW.pdf,
January-June 2026,B.Tech,2025,B.Tech First Year,HMFC0102,Management Principles and Indian Constitutional Values,End Sem,https://v1.nitj.ac.in/erp/academic_repository/uploads/PIgRlTa3io4v708q.pdf,
January-June 2026,B.Tech,2025,B.Tech First Year,ICDC0102,Basic Electronics and Instrumentation Engineering,Mid Sem,https://v1.nitj.ac.in/erp/academic_repository/uploads/evcthl9740WfyiVF.pdf,
January-June 2026,B.Tech,2025,B.Tech First Year,ICDC0102,Basic Electronics and Instrumentation Engineering,End Sem,https://v1.nitj.ac.in/erp/academic_repository/uploads/yLa3lU0vzbK9Xq27.pdf,
January-June 2026,B.Tech,2025,B.Tech First Year,ICFC0102,Elements of Electrical and Electronics Engineering,Mid Sem,https://v1.nitj.ac.in/erp/academic_repository/uploads/nZ0bEsqjoVMHCLTw.pdf,
January-June 2026,B.Tech,2025,B.Tech First Year,ICFC0102,Elements of Electrical and Electronics Engineering,End Sem,https://v1.nitj.ac.in/erp/academic_repository/uploads/7H96Fhw0qlzgJm5I.pdf,
January-June 2026,B.Tech,2025,B.Tech First Year,IDFC0101,Environmental Sciences,Mid Sem,https://v1.nitj.ac.in/erp/academic_repository/uploads/seGapdc5YlzwBmDI.pdf,
January-June 2026,B.Tech,2025,B.Tech First Year,IDFC0101,Environmental Sciences,End Sem,https://v1.nitj.ac.in/erp/academic_repository/uploads/mB5ehwul7IEyKo0t.pdf,
January-June 2026,B.Tech,2025,B.Tech First Year,IPDC0102,Manufacturing Processes,Mid Sem,https://v1.nitj.ac.in/erp/academic_repository/uploads/v1nDjxb839BQkwZs.pdf,
January-June 2026,B.Tech,2025,B.Tech First Year,IPDC0102,Manufacturing Processes,End Sem,https://v1.nitj.ac.in/erp/academic_repository/uploads/avBVjTxMhCp3UgYX.pdf,
January-June 2026,B.Tech,2025,B.Tech First Year,IPFC0101,Engineering Graphics and Computer Aided Drafting,Mid Sem,https://v1.nitj.ac.in/erp/academic_repository/uploads/Sg2atrhB5mWPsOuj.pdf,
January-June 2026,B.Tech,2025,B.Tech First Year,IPFC0101,Engineering Graphics and Computer Aided Drafting,End Sem,https://v1.nitj.ac.in/erp/academic_repository/uploads/KysWUPwZ527zmVQk.pdf,
January-June 2026,B.Tech,2025,B.Tech First Year,ITDC0102,Introduction to Digital Circuits and Communications,Mid Sem,https://v1.nitj.ac.in/erp/academic_repository/uploads/QL0huKVieUWZy6F8.pdf,
January-June 2026,B.Tech,2025,B.Tech First Year,ITDC0102,Introduction to Digital Circuits and Communications,End Sem,https://v1.nitj.ac.in/erp/academic_repository/uploads/AtwxTVJIUd3koD9l.pdf,
January-June 2026,B.Tech,2025,B.Tech First Year,ITFC0101,Problem Solving using Python,Mid Sem,https://v1.nitj.ac.in/erp/academic_repository/uploads/iBjqQ4G3eUorf9mE.pdf,
January-June 2026,B.Tech,2025,B.Tech First Year,ITFC0101,Problem Solving using Python,End Sem,https://v1.nitj.ac.in/erp/academic_repository/uploads/KwAkrWFUYPE8lebx.pdf,
January-June 2026,B.Tech,2025,B.Tech First Year,MADC0102,Linear Algebra,Mid Sem,https://v1.nitj.ac.in/erp/academic_repository/uploads/dFjoHmqcxLvNzfDU.pdf,
January-June 2026,B.Tech,2025,B.Tech First Year,MADC0102,Linear Algebra,End Sem,https://v1.nitj.ac.in/erp/academic_repository/uploads/ok0W1NmVFn6GH5jc.pdf,
January-June 2026,B.Tech,2025,B.Tech First Year,MAFC0101,Mathematics-I,Mid Sem,https://v1.nitj.ac.in/erp/academic_repository/uploads/thVjDmsr1IS0H9Rn.pdf,
January-June 2026,B.Tech,2025,B.Tech First Year,MAFC0101,Mathematics-I,End Sem,https://v1.nitj.ac.in/erp/academic_repository/uploads/U3GVg6KZea2rAxh5.pdf,
January-June 2026,B.Tech,2025,B.Tech First Year,MAFC0102,Mathematics-II,Mid Sem,https://v1.nitj.ac.in/erp/academic_repository/uploads/ENZ82Th9tQkBbGCS.pdf,
January-June 2026,B.Tech,2025,B.Tech First Year,MAFC0102,Mathematics-II,End Sem,https://v1.nitj.ac.in/erp/academic_repository/uploads/M8Cr67F5US4ekwX2.pdf,
January-June 2026,B.Tech,2025,B.Tech First Year,MEDC0102,Engineering Mechanics of Solids,Mid Sem,https://v1.nitj.ac.in/erp/academic_repository/uploads/jQMtCEbA6Frvxaos.pdf,
January-June 2026,B.Tech,2025,B.Tech First Year,MEDC0102,Engineering Mechanics of Solids,End Sem,https://v1.nitj.ac.in/erp/academic_repository/uploads/kcJplYjimnvW5CKf.pdf,
January-June 2026,B.Tech,2025,B.Tech First Year,MEFC0102,Elements of Mechanical Engineering,Mid Sem,https://v1.nitj.ac.in/erp/academic_repository/uploads/sHaDGjLZf5m6yPdw.pdf,
January-June 2026,B.Tech,2025,B.Tech First Year,MEFC0102,Elements of Mechanical Engineering,End Sem,https://v1.nitj.ac.in/erp/academic_repository/uploads/W7Utq1Jp4bEGLMir.pdf,
January-June 2026,B.Tech,2025,B.Tech First Year,MEFC0104,Element of Mechanical Engineering,Mid Sem,https://v1.nitj.ac.in/erp/academic_repository/uploads/eTNZpYi1ldHqjkOz.pdf,
January-June 2026,B.Tech,2025,B.Tech First Year,MEFC0104,Element of Mechanical Engineering,End Sem,https://v1.nitj.ac.in/erp/academic_repository/uploads/YxQD6LGs4ga2ZKMj.pdf,
January-June 2026,B.Tech,2025,B.Tech First Year,PDFE0123,Chetna Club,Mid Sem,https://v1.nitj.ac.in/erp/academic_repository/uploads/YudxTLRcWiNZoFyC.pdf,
January-June 2026,B.Tech,2025,B.Tech First Year,PDFE0123,Chetna Club,End Sem,https://v1.nitj.ac.in/erp/academic_repository/uploads/BVrmjZyHRJkIpo6Q.pdf,
January-June 2026,B.Tech,2025,B.Tech First Year,PHFC0102,Applied Physics,Mid Sem,https://v1.nitj.ac.in/erp/academic_repository/uploads/kPg5ajD1Y743GAlB.pdf,
January-June 2026,B.Tech,2025,B.Tech First Year,PHFC0102,Applied Physics,End Sem,https://v1.nitj.ac.in/erp/academic_repository/uploads/zR3jgyuOT4wPaqic.pdf,
January-June 2026,B.Tech,2025,B.Tech First Year,TTDC0102,Natural Fibers,Mid Sem,https://v1.nitj.ac.in/erp/academic_repository/uploads/hJWdo39jcil6gXP1.pdf,
January-June 2026,B.Tech,2025,B.Tech First Year,TTDC0102,Natural Fibers,End Sem,https://v1.nitj.ac.in/erp/academic_repository/uploads/4hnC6YvRAk81SMGi.pdf,
January-June 2026,B.Tech,2024,BIO TECHNOLOGY,BTDC0202,Genetic Engineering,Mid Sem,https://v1.nitj.ac.in/erp/academic_repository/uploads/WRh9Twinz3rNxvb6.pdf,
January-June 2026,B.Tech,2024,BIO TECHNOLOGY,BTDC0202,Genetic Engineering,End Sem,https://v1.nitj.ac.in/erp/academic_repository/uploads/8nOX2i5LIvgx4VHs.pdf,
January-June 2026,B.Tech,2024,BIO TECHNOLOGY,BTDC0204,Bioprocess Equipment Design and Economics,Mid Sem,https://v1.nitj.ac.in/erp/academic_repository/uploads/IXlMTiWsdzk0BfP2.pdf,
January-June 2026,B.Tech,2024,BIO TECHNOLOGY,BTDC0204,Bioprocess Equipment Design and Economics,End Sem,https://v1.nitj.ac.in/erp/academic_repository/uploads/Y0paiGQ1h8qPBRuo.pdf,
January-June 2026,B.Tech,2024,BIO TECHNOLOGY,BTDC0206,Enzyme Engineering and Technology,Mid Sem,https://v1.nitj.ac.in/erp/academic_repository/uploads/QxPL2ROu5tjBlFAK.pdf,
January-June 2026,B.Tech,2024,BIO TECHNOLOGY,BTDC0206,Enzyme Engineering and Technology,End Sem,https://v1.nitj.ac.in/erp/academic_repository/uploads/LfXaAgxBW2PklQrT.pdf,
January-June 2026,B.Tech,2024,BIO TECHNOLOGY,BTDC0208,Industrial Biotechnology,Mid Sem,https://v1.nitj.ac.in/erp/academic_repository/uploads/Z7MrFUe58tNwWpEd.pdf,
January-June 2026,B.Tech,2024,BIO TECHNOLOGY,BTDC0208,Industrial Biotechnology,End Sem,https://v1.nitj.ac.in/erp/academic_repository/uploads/yrRP6cYdkSxntOvK.pdf,
January-June 2026,B.Tech,2024,BIO TECHNOLOGY,CHDC0282,Heat and Mass Transfer,Mid Sem,https://v1.nitj.ac.in/erp/academic_repository/uploads/EzmAlPpbQd7OU1Ji.pdf,
January-June 2026,B.Tech,2024,BIO TECHNOLOGY,CHDC0282,Heat and Mass Transfer,End Sem,https://v1.nitj.ac.in/erp/academic_repository/uploads/IkU3d49CVsen2SAH.pdf,
January-June 2026,B.Tech,2024,BIO TECHNOLOGY,CSDC0203,Object Oriented Programming,Mid Sem,https://v1.nitj.ac.in/erp/academic_repository/uploads/gYeW8qOiEykzns0B.pdf,
January-June 2026,B.Tech,2024,BIO TECHNOLOGY,CSDC0203,Object Oriented Programming,End Sem,https://v1.nitj.ac.in/erp/academic_repository/uploads/JqM3LiSYng0F6N7x.pdf,
January-June 2026,B.Tech,2024,CIVIL ENGINEERING,CEDC0102,Strength of Material,Mid Sem,https://v1.nitj.ac.in/erp/academic_repository/uploads/jRKSG5ozptAZYhLm.pdf,
January-June 2026,B.Tech,2024,CIVIL ENGINEERING,CEDC0102,Strength of Material,End Sem,https://v1.nitj.ac.in/erp/academic_repository/uploads/wvZf2gENz1WFpLXP.pdf,
January-June 2026,B.Tech,2024,CIVIL ENGINEERING,CEDC0202,Structural Analysis I,Mid Sem,https://v1.nitj.ac.in/erp/academic_repository/uploads/x3LWeOnFPhMRodbg.pdf,
January-June 2026,B.Tech,2024,CIVIL ENGINEERING,CEDC0202,Structural Analysis I,End Sem,https://v1.nitj.ac.in/erp/academic_repository/uploads/0bX7dQZrtN3oW8Ul.pdf,
January-June 2026,B.Tech,2024,CIVIL ENGINEERING,CEDC0204,Waste Water Engineering,Mid Sem,https://v1.nitj.ac.in/erp/academic_repository/uploads/DWC0LYFJkUgaElQw.pdf,
January-June 2026,B.Tech,2024,CIVIL ENGINEERING,CEDC0204,Waste Water Engineering,End Sem,https://v1.nitj.ac.in/erp/academic_repository/uploads/NVKJl8uoXUyQvaMF.pdf,
January-June 2026,B.Tech,2024,CIVIL ENGINEERING,CEDC0206,Irrigation and Water Resources Engineering,Mid Sem,https://v1.nitj.ac.in/erp/academic_repository/uploads/hp3NvwCPOqm658bJ.pdf,
January-June 2026,B.Tech,2024,CIVIL ENGINEERING,CEDC0206,Irrigation and Water Resources Engineering,End Sem,https://v1.nitj.ac.in/erp/academic_repository/uploads/pNirj5XIymHhc0G1.pdf,
January-June 2026,B.Tech,2024,CIVIL ENGINEERING,CEDC0208,Design of Steel Structures,Mid Sem,https://v1.nitj.ac.in/erp/academic_repository/uploads/CQfaSD8BqWVhA7JI.pdf,
January-June 2026,B.Tech,2024,CIVIL ENGINEERING,CEDC0208,Design of Steel Structures,End Sem,https://v1.nitj.ac.in/erp/academic_repository/uploads/ncH7wxDAGFbW5BSs.pdf,
January-June 2026,B.Tech,2024,CIVIL ENGINEERING,CEDC0210,Soil Mechanics,Mid Sem,https://v1.nitj.ac.in/erp/academic_repository/uploads/JB8qida4H6CbswD9.pdf,
January-June 2026,B.Tech,2024,CIVIL ENGINEERING,CEDC0210,Soil Mechanics,End Sem,https://v1.nitj.ac.in/erp/academic_repository/uploads/CvhQpPn76Bqyjt8e.pdf,
January-June 2026,B.Tech,2024,CIVIL ENGINEERING,CEDC0212,"Estimation, Costing and Valuation",Mid Sem,https://v1.nitj.ac.in/erp/academic_repository/uploads/iHhpo0wL7ZvSYMlz.pdf,
January-June 2026,B.Tech,2024,CIVIL ENGINEERING,CEDC0212,"Estimation, Costing and Valuation",End Sem,https://v1.nitj.ac.in/erp/academic_repository/uploads/50iMRzDpWulUvdX2.pdf,
January-June 2026,B.Tech,2024,CHEMICAL ENGINEERING,CHDC0202,Heat Transfer,Mid Sem,https://v1.nitj.ac.in/erp/academic_repository/uploads/YtTiGE8bsqMBR5lW.pdf,
January-June 2026,B.Tech,2024,CHEMICAL ENGINEERING,CHDC0202,Heat Transfer,End Sem,https://v1.nitj.ac.in/erp/academic_repository/uploads/kzm7qVuPjdoZIN0F.pdf,
January-June 2026,B.Tech,2024,CHEMICAL ENGINEERING,CHDC0204,Chemical Reaction Engineering-I,Mid Sem,https://v1.nitj.ac.in/erp/academic_repository/uploads/HnRzCkfQ5DpPBvxs.pdf,
January-June 2026,B.Tech,2024,CHEMICAL ENGINEERING,CHDC0204,Chemical Reaction Engineering-I,End Sem,https://v1.nitj.ac.in/erp/academic_repository/uploads/fRUhIHsTO472Gv1e.pdf,
January-June 2026,B.Tech,2024,CHEMICAL ENGINEERING,CHDC0206,Energy Technology,Mid Sem,https://v1.nitj.ac.in/erp/academic_repository/uploads/0AHZiwXz81nLMoEa.pdf,
January-June 2026,B.Tech,2024,CHEMICAL ENGINEERING,CHDC0206,Energy Technology,End Sem,https://v1.nitj.ac.in/erp/academic_repository/uploads/WdXQt0ghxpuEovz9.pdf,
January-June 2026,B.Tech,2024,CHEMICAL ENGINEERING,CHDC0208,Chemical Engineering Thermodynamics,Mid Sem,https://v1.nitj.ac.in/erp/academic_repository/uploads/L142bwvgiunRa5Ds.pdf,
January-June 2026,B.Tech,2024,CHEMICAL ENGINEERING,CHDC0208,Chemical Engineering Thermodynamics,End Sem,https://v1.nitj.ac.in/erp/academic_repository/uploads/9HcbUetdOGxjFY78.pdf,
January-June 2026,B.Tech,2024,CHEMICAL ENGINEERING,CHDC0210,Mass Transfer-I,Mid Sem,https://v1.nitj.ac.in/erp/academic_repository/uploads/vZ3ewCst0jGbx2fk.pdf,
January-June 2026,B.Tech,2024,CHEMICAL ENGINEERING,CHDC0210,Mass Transfer-I,End Sem,https://v1.nitj.ac.in/erp/academic_repository/uploads/3t2xpQJd59yUbhMr.pdf,
January-June 2026,B.Tech,2024,COMPUTER SCIENCE AND ENGINEERING,CSDC0202,Database Management System,Mid Sem,https://v1.nitj.ac.in/erp/academic_repository/uploads/GX4wsDatgf0JbvE8.pdf,
January-June 2026,B.Tech,2024,COMPUTER SCIENCE AND ENGINEERING,CSDC0202,Database Management System,End Sem,https://v1.nitj.ac.in/erp/academic_repository/uploads/G7lA1vCKwfgZ5UTH.pdf,
January-June 2026,B.Tech,2024,COMPUTER SCIENCE AND ENGINEERING,CSDC0204,Design and Analysis of Algorithms,Mid Sem,https://v1.nitj.ac.in/erp/academic_repository/uploads/oAMZumqna8OIsbQR.pdf,
January-June 2026,B.Tech,2024,COMPUTER SCIENCE AND ENGINEERING,CSDC0204,Design and Analysis of Algorithms,End Sem,https://v1.nitj.ac.in/erp/academic_repository/uploads/uWqsnrQSDgE3PNO4.pdf,
January-June 2026,B.Tech,2024,COMPUTER SCIENCE AND ENGINEERING,CSDC0206,Computer Networks,Mid Sem,https://v1.nitj.ac.in/erp/academic_repository/uploads/NHbLjvSJXqEuZP7a.pdf,
January-June 2026,B.Tech,2024,COMPUTER SCIENCE AND ENGINEERING,CSDC0206,Computer Networks,End Sem,https://v1.nitj.ac.in/erp/academic_repository/uploads/nvlkIwAzuSyqx4Le.pdf,
January-June 2026,B.Tech,2024,COMPUTER SCIENCE AND ENGINEERING,CSDC0208,Formal Language and Automata Theory,Mid Sem,https://v1.nitj.ac.in/erp/academic_repository/uploads/QSxLyTwlbO6Mj4eu.pdf,
January-June 2026,B.Tech,2024,COMPUTER SCIENCE AND ENGINEERING,CSDC0208,Formal Language and Automata Theory,End Sem,https://v1.nitj.ac.in/erp/academic_repository/uploads/ePnE67o324kT9Qxc.pdf,
January-June 2026,B.Tech,2024,COMPUTER SCIENCE AND ENGINEERING,ECDC0214,Microprocessor and Microcontroller,Mid Sem,https://v1.nitj.ac.in/erp/academic_repository/uploads/F6uV3dXkGqz2Hyn0.pdf,
January-June 2026,B.Tech,2024,COMPUTER SCIENCE AND ENGINEERING,ECDC0214,Microprocessor and Microcontroller,End Sem,https://v1.nitj.ac.in/erp/academic_repository/uploads/Q0TAi8apj6FbMu1H.pdf,
January-June 2026,B.Tech,2024,DATA SCIENCE AND ENGINEERING,CSDC0202,Database Management System,Mid Sem,https://v1.nitj.ac.in/erp/academic_repository/uploads/DR0Ea1VPmWbJ5qL8.pdf,
January-June 2026,B.Tech,2024,DATA SCIENCE AND ENGINEERING,CSDC0202,Database Management System,End Sem,https://v1.nitj.ac.in/erp/academic_repository/uploads/98ofXa75Ww4Eb6AT.pdf,
January-June 2026,B.Tech,2024,DATA SCIENCE AND ENGINEERING,CSDC0204,Design and Analysis of Algorithms,Mid Sem,https://v1.nitj.ac.in/erp/academic_repository/uploads/EZS6AuGzfP9M045F.pdf,
January-June 2026,B.Tech,2024,DATA SCIENCE AND ENGINEERING,CSDC0204,Design and Analysis of Algorithms,End Sem,https://v1.nitj.ac.in/erp/academic_repository/uploads/7uq2pVRmzeOLMQ3K.pdf,
January-June 2026,B.Tech,2024,DATA SCIENCE AND ENGINEERING,CSDC0206,Computer Networks,Mid Sem,https://v1.nitj.ac.in/erp/academic_repository/uploads/d7NmQgfa9kKEsSp4.pdf,
January-June 2026,B.Tech,2024,DATA SCIENCE AND ENGINEERING,CSDC0206,Computer Networks,End Sem,https://v1.nitj.ac.in/erp/academic_repository/uploads/CQIG2Pz65goHa4iq.pdf,
January-June 2026,B.Tech,2024,DATA SCIENCE AND ENGINEERING,CSDC0210,Natural Language Processing,Mid Sem,https://v1.nitj.ac.in/erp/academic_repository/uploads/OtH7szj5qaEyboRV.pdf,
January-June 2026,B.Tech,2024,DATA SCIENCE AND ENGINEERING,CSDC0210,Natural Language Processing,End Sem,https://v1.nitj.ac.in/erp/academic_repository/uploads/8l41BuSGcoK79xTE.pdf,
January-June 2026,B.Tech,2024,DATA SCIENCE AND ENGINEERING,CSDC0212,Mathematical Foundation for Data Science - II,Mid Sem,https://v1.nitj.ac.in/erp/academic_repository/uploads/fktIYDJMozleyQ2b.pdf,
January-June 2026,B.Tech,2024,DATA SCIENCE AND ENGINEERING,CSDC0212,Mathematical Foundation for Data Science - II,End Sem,https://v1.nitj.ac.in/erp/academic_repository/uploads/Hw1ubtZiWkGAlL9E.pdf,
January-June 2026,B.Tech,2024,ELECTRONICS AND COMMUNICATION ENGINEERING,CSDC0202,Database Management System,Mid Sem,https://v1.nitj.ac.in/erp/academic_repository/uploads/MjWVUbXrYsBl4pcN.pdf,
January-June 2026,B.Tech,2024,ELECTRONICS AND COMMUNICATION ENGINEERING,CSDC0202,Database Management System,End Sem,https://v1.nitj.ac.in/erp/academic_repository/uploads/B6ZIsqGeYWg0SjPz.pdf,
January-June 2026,B.Tech,2024,ELECTRONICS AND COMMUNICATION ENGINEERING,ECDC0204,Analog Integrated Circuits,Mid Sem,https://v1.nitj.ac.in/erp/academic_repository/uploads/jFbU8JA276XomPd5.pdf,
January-June 2026,B.Tech,2024,ELECTRONICS AND COMMUNICATION ENGINEERING,ECDC0204,Analog Integrated Circuits,End Sem,https://v1.nitj.ac.in/erp/academic_repository/uploads/26tSTJXbgc0vu9n7.pdf,
January-June 2026,B.Tech,2024,ELECTRONICS AND COMMUNICATION ENGINEERING,ECDC0206,Digital Communication Systems,Mid Sem,https://v1.nitj.ac.in/erp/academic_repository/uploads/nSs3CKQdL2UOiyaW.pdf,
January-June 2026,B.Tech,2024,ELECTRONICS AND COMMUNICATION ENGINEERING,ECDC0206,Digital Communication Systems,End Sem,https://v1.nitj.ac.in/erp/academic_repository/uploads/OuXACjvJH0thZ7lT.pdf,
January-June 2026,B.Tech,2024,ELECTRONICS AND COMMUNICATION ENGINEERING,ECDC0208,VLSI Circuit Design,Mid Sem,https://v1.nitj.ac.in/erp/academic_repository/uploads/GK1xdfanLkUh8EQO.pdf,
January-June 2026,B.Tech,2024,ELECTRONICS AND COMMUNICATION ENGINEERING,ECDC0208,VLSI Circuit Design,End Sem,https://v1.nitj.ac.in/erp/academic_repository/uploads/kB4UDOI0S7AGpC69.pdf,
January-June 2026,B.Tech,2024,ELECTRONICS AND COMMUNICATION ENGINEERING,ECDC0210,Probability and Stochastic Process,Mid Sem,https://v1.nitj.ac.in/erp/academic_repository/uploads/qT1ByouXvxcNLPg4.pdf,
January-June 2026,B.Tech,2024,ELECTRONICS AND COMMUNICATION ENGINEERING,ECDC0210,Probability and Stochastic Process,End Sem,https://v1.nitj.ac.in/erp/academic_repository/uploads/FX742yaJ5koMxwhU.pdf,
January-June 2026,B.Tech,2024,ELECTRICAL ENGINEERING,EEDC0204,Power Electronics,Mid Sem,https://v1.nitj.ac.in/erp/academic_repository/uploads/uE4YGs0hXpWkbZqM.pdf,
January-June 2026,B.Tech,2024,ELECTRICAL ENGINEERING,EEDC0204,Power Electronics,End Sem,https://v1.nitj.ac.in/erp/academic_repository/uploads/RgGVwMcxnAavy5bQ.pdf,
January-June 2026,B.Tech,2024,ELECTRICAL ENGINEERING,EEDC0206,Introduction to Machine Learning,Mid Sem,https://v1.nitj.ac.in/erp/academic_repository/uploads/9hIykPGDFcNwjzC7.pdf,
January-June 2026,B.Tech,2024,ELECTRICAL ENGINEERING,EEDC0206,Introduction to Machine Learning,End Sem,https://v1.nitj.ac.in/erp/academic_repository/uploads/6a2ByI5hW3GJpvOH.pdf,
January-June 2026,B.Tech,2024,ELECTRICAL ENGINEERING,EEDC0208,Electrical Machines-II,Mid Sem,https://v1.nitj.ac.in/erp/academic_repository/uploads/c9Rje34PpVDzQBZg.pdf,
January-June 2026,B.Tech,2024,ELECTRICAL ENGINEERING,EEDC0208,Electrical Machines-II,End Sem,https://v1.nitj.ac.in/erp/academic_repository/uploads/0NjJvWXHgZwRpT4K.pdf,
January-June 2026,B.Tech,2024,ELECTRICAL ENGINEERING,EEDC0210,Generation of Electric Power,Mid Sem,https://v1.nitj.ac.in/erp/academic_repository/uploads/Ge7BIcdShA4u5FMo.pdf,
January-June 2026,B.Tech,2024,ELECTRICAL ENGINEERING,EEDC0210,Generation of Electric Power,End Sem,https://v1.nitj.ac.in/erp/academic_repository/uploads/3plUCTjGzL42B7Ik.pdf,
January-June 2026,B.Tech,2024,ELECTRICAL ENGINEERING,ITDC0212,Fundamentals of Software Development,Mid Sem,https://v1.nitj.ac.in/erp/academic_repository/uploads/P4ZtM73NXEuVm9Hx.pdf,
January-June 2026,B.Tech,2024,ELECTRICAL ENGINEERING,ITDC0212,Fundamentals of Software Development,End Sem,https://v1.nitj.ac.in/erp/academic_repository/uploads/ehwXv4DFQc5MolGx.pdf,
January-June 2026,B.Tech,2024,ELECTRICAL ENGINEERING,MCDC0206,Mathematics for Electrical Engineering,Mid Sem,https://v1.nitj.ac.in/erp/academic_repository/uploads/CERwx4gzFZqrUTGW.pdf,
January-June 2026,B.Tech,2024,ELECTRICAL ENGINEERING,MCDC0252,Mathematics for Electrical Engineering,Mid Sem,https://v1.nitj.ac.in/erp/academic_repository/uploads/3Kxqd9nbZXNAV7yF.pdf,
January-June 2026,B.Tech,2024,ELECTRICAL ENGINEERING,MCDC0252,Mathematics for Electrical Engineering,End Sem,https://v1.nitj.ac.in/erp/academic_repository/uploads/uM4Hp3zvlmRFnUdZ.pdf,
January-June 2026,B.Tech,2024,INSTRUMENTATION AND CONTROL ENGINEERING,CSDC0201,Data Structures and Algorithms,Mid Sem,https://v1.nitj.ac.in/erp/academic_repository/uploads/mWYRHXVq7A5dQLie.pdf,
January-June 2026,B.Tech,2024,INSTRUMENTATION AND CONTROL ENGINEERING,CSDC0201,Data Structures and Algorithms,End Sem,https://v1.nitj.ac.in/erp/academic_repository/uploads/0vOkjoheKRndV9Iu.pdf,
January-June 2026,B.Tech,2024,INSTRUMENTATION AND CONTROL ENGINEERING,ICDC0202,Electrical Machines,Mid Sem,https://v1.nitj.ac.in/erp/academic_repository/uploads/Pxekp8gd1ZlG7Qs4.pdf,
January-June 2026,B.Tech,2024,INSTRUMENTATION AND CONTROL ENGINEERING,ICDC0202,Electrical Machines,End Sem,https://v1.nitj.ac.in/erp/academic_repository/uploads/5DdWTH4w1YZaRQve.pdf,
January-June 2026,B.Tech,2024,INSTRUMENTATION AND CONTROL ENGINEERING,ICDC0204,Signal Processing,Mid Sem,https://v1.nitj.ac.in/erp/academic_repository/uploads/y0YfTRzvSeora3lZ.pdf,
January-June 2026,B.Tech,2024,INSTRUMENTATION AND CONTROL ENGINEERING,ICDC0204,Signal Processing,End Sem,https://v1.nitj.ac.in/erp/academic_repository/uploads/Wkpx015RsgnUDLm8.pdf,
January-June 2026,B.Tech,2024,INSTRUMENTATION AND CONTROL ENGINEERING,ICDC0206,Control System Engineering,Mid Sem,https://v1.nitj.ac.in/erp/academic_repository/uploads/Roe7HpWYM0Qqt3VE.pdf,
January-June 2026,B.Tech,2024,INSTRUMENTATION AND CONTROL ENGINEERING,ICDC0206,Control System Engineering,End Sem,https://v1.nitj.ac.in/erp/academic_repository/uploads/TylSBnmNWu5DegiJ.pdf,
January-June 2026,B.Tech,2024,INSTRUMENTATION AND CONTROL ENGINEERING,ICDC0208,Industrial Measurement Systems,Mid Sem,https://v1.nitj.ac.in/erp/academic_repository/uploads/iyrTwtHp0FOLGgm3.pdf,
January-June 2026,B.Tech,2024,INSTRUMENTATION AND CONTROL ENGINEERING,ICDC0208,Industrial Measurement Systems,End Sem,https://v1.nitj.ac.in/erp/academic_repository/uploads/ezVU8CgKISGbAwF1.pdf,
January-June 2026,B.Tech,2024,INDUSTRIAL AND PRODUCTION ENGINEERING,IPDC0102,Manufacturing Processes,Mid Sem,https://v1.nitj.ac.in/erp/academic_repository/uploads/ds4MwlzG2QZUemBW.pdf,
January-June 2026,B.Tech,2024,INDUSTRIAL AND PRODUCTION ENGINEERING,IPDC0102,Manufacturing Processes,End Sem,https://v1.nitj.ac.in/erp/academic_repository/uploads/uJvD9LXQi4WrYtRo.pdf,
January-June 2026,B.Tech,2024,INDUSTRIAL AND PRODUCTION ENGINEERING,IPDC0202,Data Analytics,Mid Sem,https://v1.nitj.ac.in/erp/academic_repository/uploads/hJGa9QlVp0mMdjD5.pdf,
January-June 2026,B.Tech,2024,INDUSTRIAL AND PRODUCTION ENGINEERING,IPDC0202,Data Analytics,End Sem,https://v1.nitj.ac.in/erp/academic_repository/uploads/DfphJzjmIO24cvVx.pdf,
January-June 2026,B.Tech,2024,INDUSTRIAL AND PRODUCTION ENGINEERING,IPDC0204,Mechanical Measurements and Metrology,Mid Sem,https://v1.nitj.ac.in/erp/academic_repository/uploads/LRdfnc7Y5b24S3ty.pdf,
January-June 2026,B.Tech,2024,INDUSTRIAL AND PRODUCTION ENGINEERING,IPDC0204,Mechanical Measurements and Metrology,End Sem,https://v1.nitj.ac.in/erp/academic_repository/uploads/wkYDvb36Jf2xUeVd.pdf,
January-June 2026,B.Tech,2024,INDUSTRIAL AND PRODUCTION ENGINEERING,IPDC0206,Theory of Machines,Mid Sem,https://v1.nitj.ac.in/erp/academic_repository/uploads/owCFqNj63WmrA7vY.pdf,
January-June 2026,B.Tech,2024,INDUSTRIAL AND PRODUCTION ENGINEERING,IPDC0206,Theory of Machines,End Sem,https://v1.nitj.ac.in/erp/academic_repository/uploads/GzOvEsCbB5kDSUw2.pdf,
January-June 2026,B.Tech,2024,INDUSTRIAL AND PRODUCTION ENGINEERING,IPDC0208,Industrial Automation,Mid Sem,https://v1.nitj.ac.in/erp/academic_repository/uploads/YvQJ1qG7XfwK69du.pdf,
January-June 2026,B.Tech,2024,INDUSTRIAL AND PRODUCTION ENGINEERING,IPDC0208,Industrial Automation,End Sem,https://v1.nitj.ac.in/erp/academic_repository/uploads/SAXo1g7NCH5GIYDn.pdf,
January-June 2026,B.Tech,2024,INDUSTRIAL AND PRODUCTION ENGINEERING,IPDC0210,Manufacturing Technology-II,Mid Sem,https://v1.nitj.ac.in/erp/academic_repository/uploads/LxwBuFjT52iNk9PE.pdf,
January-June 2026,B.Tech,2024,INDUSTRIAL AND PRODUCTION ENGINEERING,IPDC0210,Manufacturing Technology-II,End Sem,https://v1.nitj.ac.in/erp/academic_repository/uploads/uDxVoFafMnWQiAr9.pdf,
January-June 2026,B.Tech,2024,INDUSTRIAL AND PRODUCTION ENGINEERING,IPDC0212,Design of Machine Elements,Mid Sem,https://v1.nitj.ac.in/erp/academic_repository/uploads/cTJIanRAZX0iLpjh.pdf,
January-June 2026,B.Tech,2024,INDUSTRIAL AND PRODUCTION ENGINEERING,IPDC0212,Design of Machine Elements,End Sem,https://v1.nitj.ac.in/erp/academic_repository/uploads/9tU4PAyIZzcOk2oL.pdf,
January-June 2026,B.Tech,2024,INFORMATION TECHNOLOGY,ITDC-0101,Probability and Computing,Mid Sem,https://v1.nitj.ac.in/erp/academic_repository/uploads/eC6WFONPlscqoHzm.pdf,
January-June 2026,B.Tech,2024,INFORMATION TECHNOLOGY,ITDC-0101,Probability and Computing,End Sem,https://v1.nitj.ac.in/erp/academic_repository/uploads/1wpx3GkiDqHjNMfn.pdf,
January-June 2026,B.Tech,2024,INFORMATION TECHNOLOGY,ITDC-0102,Introduction to Digital Circuits and Communications,Mid Sem,https://v1.nitj.ac.in/erp/academic_repository/uploads/roAK5hBxHMzQfmZu.pdf,
January-June 2026,B.Tech,2024,INFORMATION TECHNOLOGY,ITDC-0102,Introduction to Digital Circuits and Communications,End Sem,https://v1.nitj.ac.in/erp/academic_repository/uploads/xNKSl7HrQDVTEi0k.pdf,
January-June 2026,B.Tech,2024,INFORMATION TECHNOLOGY,ITDC0202,Design and Analysis of Algorithms,Mid Sem,https://v1.nitj.ac.in/erp/academic_repository/uploads/qjZgKFr58CAN9IoS.pdf,
January-June 2026,B.Tech,2024,INFORMATION TECHNOLOGY,ITDC0202,Design and Analysis of Algorithms,End Sem,https://v1.nitj.ac.in/erp/academic_repository/uploads/AitOd0PvnVS13buo.pdf,
January-June 2026,B.Tech,2024,INFORMATION TECHNOLOGY,ITDC0204,Operating System,Mid Sem,https://v1.nitj.ac.in/erp/academic_repository/uploads/YUdkahKQCZgTpGqv.pdf,
January-June 2026,B.Tech,2024,INFORMATION TECHNOLOGY,ITDC0204,Operating System,End Sem,https://v1.nitj.ac.in/erp/academic_repository/uploads/UIjF8lhTLR659XsM.pdf,
January-June 2026,B.Tech,2024,INFORMATION TECHNOLOGY,ITDC0206,Software Engineering,Mid Sem,https://v1.nitj.ac.in/erp/academic_repository/uploads/COji1DPAFJmlHcbx.pdf,
January-June 2026,B.Tech,2024,INFORMATION TECHNOLOGY,ITDC0206,Software Engineering,End Sem,https://v1.nitj.ac.in/erp/academic_repository/uploads/QARDYaX5f3xVyICu.pdf,
January-June 2026,B.Tech,2024,INFORMATION TECHNOLOGY,ITDC0208,Computer Networks,Mid Sem,https://v1.nitj.ac.in/erp/academic_repository/uploads/IPDZ97FAvysKq5RL.pdf,
January-June 2026,B.Tech,2024,INFORMATION TECHNOLOGY,ITDC0208,Computer Networks,End Sem,https://v1.nitj.ac.in/erp/academic_repository/uploads/YnHKk6AZTt3MNERC.pdf,
January-June 2026,B.Tech,2024,INFORMATION TECHNOLOGY,ITDC0210,Formal Lanuage and Automata Theory,Mid Sem,https://v1.nitj.ac.in/erp/academic_repository/uploads/xq1kHMzTfdBOtWrb.pdf,
January-June 2026,B.Tech,2024,INFORMATION TECHNOLOGY,ITDC0210,Formal Lanuage and Automata Theory,End Sem,https://v1.nitj.ac.in/erp/academic_repository/uploads/Y5d4HmAlP32QRuBn.pdf,
January-June 2026,B.Tech,2024,MATHEMATICS AND COMPUTING,HMDC0201,Business Economics and Financial Accounting,Mid Sem,https://v1.nitj.ac.in/erp/academic_repository/uploads/s8AyBJN1iFHU60GR.pdf,
January-June 2026,B.Tech,2024,MATHEMATICS AND COMPUTING,HMDC0201,Business Economics and Financial Accounting,End Sem,https://v1.nitj.ac.in/erp/academic_repository/uploads/EU5V20YZbSOtgBmD.pdf,
January-June 2026,B.Tech,2024,MATHEMATICS AND COMPUTING,MADC0102,Linear Algebra,Mid Sem,https://v1.nitj.ac.in/erp/academic_repository/uploads/dYK8T5Lrg9Om6IPn.pdf,
January-June 2026,B.Tech,2024,MATHEMATICS AND COMPUTING,MADC0102,Linear Algebra,End Sem,https://v1.nitj.ac.in/erp/academic_repository/uploads/FxIboYs7SyuV9mq8.pdf,
January-June 2026,B.Tech,2024,MATHEMATICS AND COMPUTING,MCDC0202,Matrix Computation,Mid Sem,https://v1.nitj.ac.in/erp/academic_repository/uploads/UwxeXj9gDJfWd8sL.pdf,
January-June 2026,B.Tech,2024,MATHEMATICS AND COMPUTING,MCDC0202,Matrix Computation,End Sem,https://v1.nitj.ac.in/erp/academic_repository/uploads/0EHrU4tqcDFoxR9y.pdf,
January-June 2026,B.Tech,2024,MATHEMATICS AND COMPUTING,MCDC0204,Discrete Mathematics,Mid Sem,https://v1.nitj.ac.in/erp/academic_repository/uploads/gATqHBoCdVy6atz3.pdf,
January-June 2026,B.Tech,2024,MATHEMATICS AND COMPUTING,MCDC0204,Discrete Mathematics,End Sem,https://v1.nitj.ac.in/erp/academic_repository/uploads/Azh4scitvkHg7BJL.pdf,
January-June 2026,B.Tech,2024,MATHEMATICS AND COMPUTING,MCDC0206,Statistical Learning,Mid Sem,https://v1.nitj.ac.in/erp/academic_repository/uploads/htBvIFYGuaAzOrl8.pdf,
January-June 2026,B.Tech,2024,MATHEMATICS AND COMPUTING,MCDC0206,Statistical Learning,End Sem,https://v1.nitj.ac.in/erp/academic_repository/uploads/FKaLQTp4ZVC51Ydz.pdf,
January-June 2026,B.Tech,2024,MATHEMATICS AND COMPUTING,MCDC0208,Advanced Algorithms,Mid Sem,https://v1.nitj.ac.in/erp/academic_repository/uploads/dwfZqPItW2SV9uFs.pdf,
January-June 2026,B.Tech,2024,MATHEMATICS AND COMPUTING,MCDC0208,Advanced Algorithms,End Sem,https://v1.nitj.ac.in/erp/academic_repository/uploads/0XNZBMfOGEpj6yTQ.pdf,
January-June 2026,B.Tech,2024,MATHEMATICS AND COMPUTING,MCDC0210,Data Base Management Systems,Mid Sem,https://v1.nitj.ac.in/erp/academic_repository/uploads/dHGyS79EJqFilsk1.pdf,
January-June 2026,B.Tech,2024,MATHEMATICS AND COMPUTING,MCDC0210,Data Base Management Systems,End Sem,https://v1.nitj.ac.in/erp/academic_repository/uploads/NWaJzjL5IlcDxwgk.pdf,
January-June 2026,B.Tech,2024,MECHANICAL ENGINEERING,MEDC0202,I C Engines and Gas Turbines,Mid Sem,https://v1.nitj.ac.in/erp/academic_repository/uploads/Gm25KDCdtkE0Yf8J.pdf,
January-June 2026,B.Tech,2024,MECHANICAL ENGINEERING,MEDC0202,I C Engines and Gas Turbines,End Sem,https://v1.nitj.ac.in/erp/academic_repository/uploads/sL8jKDuqQMUp12k6.pdf,
January-June 2026,B.Tech,2024,MECHANICAL ENGINEERING,MEDC0204,Basics of Mechanical Design,Mid Sem,https://v1.nitj.ac.in/erp/academic_repository/uploads/wi4H93FYIoEmTMCK.pdf,
January-June 2026,B.Tech,2024,MECHANICAL ENGINEERING,MEDC0204,Basics of Mechanical Design,End Sem,https://v1.nitj.ac.in/erp/academic_repository/uploads/ygBfWJHEY0Fz1seK.pdf,
January-June 2026,B.Tech,2024,MECHANICAL ENGINEERING,MEDC0206,Manufacturing Technology,Mid Sem,https://v1.nitj.ac.in/erp/academic_repository/uploads/Lw1BMp2UsI7vukDW.pdf,
January-June 2026,B.Tech,2024,MECHANICAL ENGINEERING,MEDC0206,Manufacturing Technology,End Sem,https://v1.nitj.ac.in/erp/academic_repository/uploads/ZwRh7gXSYHlFyzdL.pdf,
January-June 2026,B.Tech,2024,MECHANICAL ENGINEERING,MEDC0208,Fluid Flow Analysis,Mid Sem,https://v1.nitj.ac.in/erp/academic_repository/uploads/aZoXjkVJgDd45Hzp.pdf,
January-June 2026,B.Tech,2024,MECHANICAL ENGINEERING,MEDC0208,Fluid Flow Analysis,End Sem,https://v1.nitj.ac.in/erp/academic_repository/uploads/ug8yqRMT9kCFXcp0.pdf,
January-June 2026,B.Tech,2024,MECHANICAL ENGINEERING,MEDC0210,Materials Engineering & Technology,Mid Sem,https://v1.nitj.ac.in/erp/academic_repository/uploads/U21zyHJD7Z0CvOpd.pdf,
January-June 2026,B.Tech,2024,MECHANICAL ENGINEERING,MEDC0210,Materials Engineering & Technology,End Sem,https://v1.nitj.ac.in/erp/academic_repository/uploads/NJvkRAQx3KrLo0qF.pdf,
January-June 2026,B.Tech,2024,MECHANICAL ENGINEERING,MEDC0212,Dynamics of Machines,Mid Sem,https://v1.nitj.ac.in/erp/academic_repository/uploads/jU3leZ7XKwyS9IF2.pdf,
January-June 2026,B.Tech,2024,MECHANICAL ENGINEERING,MEDC0212,Dynamics of Machines,End Sem,https://v1.nitj.ac.in/erp/academic_repository/uploads/BI3RDHpQbxo17aiP.pdf,
January-June 2026,B.Tech,2024,MECHANICAL ENGINEERING,MEDC0214,Numerical Methods in Mechanical Engineering,Mid Sem,https://v1.nitj.ac.in/erp/academic_repository/uploads/ugB48XKAJRZfCDtr.pdf,
January-June 2026,B.Tech,2024,MECHANICAL ENGINEERING,MEDC0214,Numerical Methods in Mechanical Engineering,End Sem,https://v1.nitj.ac.in/erp/academic_repository/uploads/5B4UIkWRGacMsATS.pdf,
January-June 2026,B.Tech,2024,TEXTILE TECHNOLOGY,TTDC0202,Yarn Formation-II,Mid Sem,https://v1.nitj.ac.in/erp/academic_repository/uploads/dDkKBstFe6Z94LCM.pdf,
January-June 2026,B.Tech,2024,TEXTILE TECHNOLOGY,TTDC0202,Yarn Formation-II,End Sem,https://v1.nitj.ac.in/erp/academic_repository/uploads/TExwBftbJ3v4zRDN.pdf,
January-June 2026,B.Tech,2024,TEXTILE TECHNOLOGY,TTDC0204,Fabric Formation Systems,Mid Sem,https://v1.nitj.ac.in/erp/academic_repository/uploads/hpAzRMay3UYod0Tc.pdf,
January-June 2026,B.Tech,2024,TEXTILE TECHNOLOGY,TTDC0204,Fabric Formation Systems,End Sem,https://v1.nitj.ac.in/erp/academic_repository/uploads/0fpaFWmSIEtJGuY5.pdf,
January-June 2026,B.Tech,2024,TEXTILE TECHNOLOGY,TTDC0206,Printing and Finishing,Mid Sem,https://v1.nitj.ac.in/erp/academic_repository/uploads/0N6sjWXeGruOwiQt.pdf,
January-June 2026,B.Tech,2024,TEXTILE TECHNOLOGY,TTDC0206,Printing and Finishing,End Sem,https://v1.nitj.ac.in/erp/academic_repository/uploads/YOLSjPCoEfiWMGTv.pdf,
January-June 2026,B.Tech,2024,TEXTILE TECHNOLOGY,TTDC0208,Knitting Technology,Mid Sem,https://v1.nitj.ac.in/erp/academic_repository/uploads/TOSzc7njtbdH2hAB.pdf,
January-June 2026,B.Tech,2024,TEXTILE TECHNOLOGY,TTDC0208,Knitting Technology,End Sem,https://v1.nitj.ac.in/erp/academic_repository/uploads/WDoIsc1b5q6PzRjr.pdf,
January-June 2026,B.Tech,2024,TEXTILE TECHNOLOGY,TTDC0210,Statistical Quality Control in Textile,Mid Sem,https://v1.nitj.ac.in/erp/academic_repository/uploads/tjHlF48gLVep6YJE.pdf,
January-June 2026,B.Tech,2024,TEXTILE TECHNOLOGY,TTDC0210,Statistical Quality Control in Textile,End Sem,https://v1.nitj.ac.in/erp/academic_repository/uploads/Bj2xC5NqdAwZM9Xm.pdf,
January-June 2026,B.Tech,2024,ELECTRONICS AND VLSI ENGINEERING,CSDC0202,Database Management System,Mid Sem,https://v1.nitj.ac.in/erp/academic_repository/uploads/rGPm3LcsDTKS9vOq.pdf,
January-June 2026,B.Tech,2024,ELECTRONICS AND VLSI ENGINEERING,CSDC0202,Database Management System,End Sem,https://v1.nitj.ac.in/erp/academic_repository/uploads/fqD2ExQNPpydglk1.pdf,
January-June 2026,B.Tech,2024,ELECTRONICS AND VLSI ENGINEERING,ECDC0204,Analog Integrated Circuits,Mid Sem,https://v1.nitj.ac.in/erp/academic_repository/uploads/vWCr9Q3BMPEzSGis.pdf,
January-June 2026,B.Tech,2024,ELECTRONICS AND VLSI ENGINEERING,ECDC0204,Analog Integrated Circuits,End Sem,https://v1.nitj.ac.in/erp/academic_repository/uploads/7d9fsBtrZ0gNIJoc.pdf,
January-June 2026,B.Tech,2024,ELECTRONICS AND VLSI ENGINEERING,ECDC0208,VLSI Circuit Design,Mid Sem,https://v1.nitj.ac.in/erp/academic_repository/uploads/eJU8gAzhYDmEsKB6.pdf,
January-June 2026,B.Tech,2024,ELECTRONICS AND VLSI ENGINEERING,ECDC0208,VLSI Circuit Design,End Sem,https://v1.nitj.ac.in/erp/academic_repository/uploads/69qL5ZsAKGfHwehQ.pdf,
January-June 2026,B.Tech,2024,ELECTRONICS AND VLSI ENGINEERING,ECDC0212,Low Power VLSI Design,Mid Sem,https://v1.nitj.ac.in/erp/academic_repository/uploads/4F9gIz2nyCVtN053.pdf,
January-June 2026,B.Tech,2024,ELECTRONICS AND VLSI ENGINEERING,ECDC0212,Low Power VLSI Design,End Sem,https://v1.nitj.ac.in/erp/academic_repository/uploads/b21uzty7rSJ3ehRQ.pdf,
January-June 2026,B.Tech,2024,ELECTRONICS AND VLSI ENGINEERING,ECDC0216,Computer Organization and System Architecture,Mid Sem,https://v1.nitj.ac.in/erp/academic_repository/uploads/4LIWZ10dxy6mR7MS.pdf,
January-June 2026,B.Tech,2024,ELECTRONICS AND VLSI ENGINEERING,ECDC0216,Computer Organization and System Architecture,End Sem,https://v1.nitj.ac.in/erp/academic_repository/uploads/iqZ3L9tFA5GkvjYV.pdf,
January-June 2026,B.Tech,2023,BIO TECHNOLOGY,BTDC0302,Bioinformatics,Mid Sem,https://v1.nitj.ac.in/erp/academic_repository/uploads/rBWv2g0b7QJSOYpN.pdf,
January-June 2026,B.Tech,2023,BIO TECHNOLOGY,BTDC0302,Bioinformatics,End Sem,https://v1.nitj.ac.in/erp/academic_repository/uploads/S1NU9HTjkt4QWqCK.pdf,
January-June 2026,B.Tech,2023,BIO TECHNOLOGY,BTDC0304,Biological Waste Treatment,Mid Sem,https://v1.nitj.ac.in/erp/academic_repository/uploads/Xz1BJ94lwAcOkFtg.pdf,
January-June 2026,B.Tech,2023,BIO TECHNOLOGY,BTDC0304,Biological Waste Treatment,End Sem,https://v1.nitj.ac.in/erp/academic_repository/uploads/MqNmvIjlH7bu4dKx.pdf,
January-June 2026,B.Tech,2023,BIO TECHNOLOGY,BTDC0306,Analytical Methods in Biotechnology,Mid Sem,https://v1.nitj.ac.in/erp/academic_repository/uploads/cILYERqiw9pbFgnP.pdf,
January-June 2026,B.Tech,2023,BIO TECHNOLOGY,BTDC0306,Analytical Methods in Biotechnology,End Sem,https://v1.nitj.ac.in/erp/academic_repository/uploads/I4aF72qleE0Uwj6A.pdf,
January-June 2026,B.Tech,2023,BIO TECHNOLOGY,BTDC0308,Protein Engineering,Mid Sem,https://v1.nitj.ac.in/erp/academic_repository/uploads/tvXUN5kKVAlmZw8g.pdf,
January-June 2026,B.Tech,2023,BIO TECHNOLOGY,BTDC0308,Protein Engineering,End Sem,https://v1.nitj.ac.in/erp/academic_repository/uploads/X7MHWwGgnYNmuLUP.pdf,
January-June 2026,B.Tech,2023,BIO TECHNOLOGY,BTDE0306,Stem Cell Engineering,Mid Sem,https://v1.nitj.ac.in/erp/academic_repository/uploads/D65ZVPLGto7RpIgj.pdf,
January-June 2026,B.Tech,2023,BIO TECHNOLOGY,BTDE0306,Stem Cell Engineering,End Sem,https://v1.nitj.ac.in/erp/academic_repository/uploads/dwHDSNUWFpO1r39z.pdf,
January-June 2026,B.Tech,2023,CIVIL ENGINEERING,CEDC0302,Construction Project Management,Mid Sem,https://v1.nitj.ac.in/erp/academic_repository/uploads/fV0ArpGoJ2nP36vg.pdf,
January-June 2026,B.Tech,2023,CIVIL ENGINEERING,CEDC0302,Construction Project Management,End Sem,https://v1.nitj.ac.in/erp/academic_repository/uploads/uHeBoATEtrdFnZIy.pdf,
January-June 2026,B.Tech,2023,CIVIL ENGINEERING,CEDC0304,Design of Concrete Structures II,Mid Sem,https://v1.nitj.ac.in/erp/academic_repository/uploads/bjczQfwUC28xEd9s.pdf,
January-June 2026,B.Tech,2023,CIVIL ENGINEERING,CEDC0304,Design of Concrete Structures II,End Sem,https://v1.nitj.ac.in/erp/academic_repository/uploads/eSflULQBm94pT1Kv.pdf,
January-June 2026,B.Tech,2023,CIVIL ENGINEERING,CEDC0306,Seismic Analysis and Design of Structures,Mid Sem,https://v1.nitj.ac.in/erp/academic_repository/uploads/RXHpEiNT0JOyvSrx.pdf,
January-June 2026,B.Tech,2023,CIVIL ENGINEERING,CEDC0306,Seismic Analysis and Design of Structures,End Sem,https://v1.nitj.ac.in/erp/academic_repository/uploads/ovtHRlrz4D7BahbO.pdf,
January-June 2026,B.Tech,2023,CIVIL ENGINEERING,CEDC0308,Geosynthetics and Reinforced Soil Structures,Mid Sem,https://v1.nitj.ac.in/erp/academic_repository/uploads/o2QbsMBV5vpcZYAh.pdf,
January-June 2026,B.Tech,2023,CIVIL ENGINEERING,CEDC0308,Geosynthetics and Reinforced Soil Structures,End Sem,https://v1.nitj.ac.in/erp/academic_repository/uploads/wzpjcWn8g5AuqHQl.pdf,
January-June 2026,B.Tech,2023,CIVIL ENGINEERING,CEDE0305,Advanced Construction Practices,Mid Sem,https://v1.nitj.ac.in/erp/academic_repository/uploads/UQKZHxzWA3O6iMuw.pdf,
January-June 2026,B.Tech,2023,CIVIL ENGINEERING,CEDE0305,Advanced Construction Practices,End Sem,https://v1.nitj.ac.in/erp/academic_repository/uploads/UVIrxQ8OtyvEekld.pdf,
January-June 2026,B.Tech,2023,CIVIL ENGINEERING,CEDE0310,Disaster Management,Mid Sem,https://v1.nitj.ac.in/erp/academic_repository/uploads/RUZfodizPprexckV.pdf,
January-June 2026,B.Tech,2023,CIVIL ENGINEERING,CEDE0310,Disaster Management,End Sem,https://v1.nitj.ac.in/erp/academic_repository/uploads/q4aPl7ywMVESApQ6.pdf,
January-June 2026,B.Tech,2023,CIVIL ENGINEERING,CEGE0305,Advanced Construction Practices,Mid Sem,https://v1.nitj.ac.in/erp/academic_repository/uploads/T8DpN2CB6tbHsVkF.pdf,
January-June 2026,B.Tech,2023,CIVIL ENGINEERING,CEGE0305,Advanced Construction Practices,End Sem,https://v1.nitj.ac.in/erp/academic_repository/uploads/0IqBVgrmFG9P2KZY.pdf,
January-June 2026,B.Tech,2023,CIVIL ENGINEERING,CEGE0310,Disaster Management,Mid Sem,https://v1.nitj.ac.in/erp/academic_repository/uploads/DENupwBJ1OxaPlj2.pdf,
January-June 2026,B.Tech,2023,CIVIL ENGINEERING,CEGE0310,Disaster Management,End Sem,https://v1.nitj.ac.in/erp/academic_repository/uploads/IS5gvYHzGkc2jrU9.pdf,
January-June 2026,B.Tech,2023,CHEMICAL ENGINEERING,CHDC0302,Transport Phenomenon,Mid Sem,https://v1.nitj.ac.in/erp/academic_repository/uploads/rSPYTFkN0QRlqiUd.pdf,
January-June 2026,B.Tech,2023,CHEMICAL ENGINEERING,CHDC0302,Transport Phenomenon,End Sem,https://v1.nitj.ac.in/erp/academic_repository/uploads/6SXasWnKLYxeFuCj.pdf,
January-June 2026,B.Tech,2023,CHEMICAL ENGINEERING,CHDC0304,Process Equipment Design,Mid Sem,https://v1.nitj.ac.in/erp/academic_repository/uploads/dEMGI2s5UBr0oCLN.pdf,
January-June 2026,B.Tech,2023,CHEMICAL ENGINEERING,CHDC0304,Process Equipment Design,End Sem,https://v1.nitj.ac.in/erp/academic_repository/uploads/WAJyrpof5vKHN2h0.pdf,
January-June 2026,B.Tech,2023,CHEMICAL ENGINEERING,CHDC0306,Modelling and Simulation,Mid Sem,https://v1.nitj.ac.in/erp/academic_repository/uploads/6ziJ7BwVAZE2MG0N.pdf,
January-June 2026,B.Tech,2023,CHEMICAL ENGINEERING,CHDC0306,Modelling and Simulation,End Sem,https://v1.nitj.ac.in/erp/academic_repository/uploads/21JjyZN36fMdE0Hk.pdf,
January-June 2026,B.Tech,2023,CHEMICAL ENGINEERING,CHDC0308,Industrial Safety and Hazards Management,Mid Sem,https://v1.nitj.ac.in/erp/academic_repository/uploads/Yurj68eBDQhzWfst.pdf,
January-June 2026,B.Tech,2023,CHEMICAL ENGINEERING,CHDC0308,Industrial Safety and Hazards Management,End Sem,https://v1.nitj.ac.in/erp/academic_repository/uploads/HzsRnpXJP4LjyFtl.pdf,
January-June 2026,B.Tech,2023,CHEMICAL ENGINEERING,CHDC0310,Process Engineering and Economics,Mid Sem,https://v1.nitj.ac.in/erp/academic_repository/uploads/4h7Rg6WzoJ8sjaiD.pdf,
January-June 2026,B.Tech,2023,CHEMICAL ENGINEERING,CHDC0310,Process Engineering and Economics,End Sem,https://v1.nitj.ac.in/erp/academic_repository/uploads/vgWGMjZuSQ6ibY24.pdf,
January-June 2026,B.Tech,2023,CHEMICAL ENGINEERING,CHDEGE0353,Biomass Conversion Processes,Mid Sem,https://v1.nitj.ac.in/erp/academic_repository/uploads/3fWTAGF1Kx79gXb0.pdf,
January-June 2026,B.Tech,2023,CHEMICAL ENGINEERING,CHDEGE0353,Biomass Conversion Processes,End Sem,https://v1.nitj.ac.in/erp/academic_repository/uploads/9UrRGFbBMx8m7HtT.pdf,
January-June 2026,B.Tech,2023,CHEMICAL ENGINEERING,CHDEGE0362,Process Intensification (DE-II),Mid Sem,https://v1.nitj.ac.in/erp/academic_repository/uploads/g2xCdGh1cjYMrUDZ.pdf,
January-June 2026,B.Tech,2023,CHEMICAL ENGINEERING,CHDEGE0362,Process Intensification (DE-II),End Sem,https://v1.nitj.ac.in/erp/academic_repository/uploads/Gyto2COXqMYgvcAn.pdf,
January-June 2026,B.Tech,2023,CHEMICAL ENGINEERING,CHGE0353,Biomass Conversion Processes,Mid Sem,https://v1.nitj.ac.in/erp/academic_repository/uploads/gJXGklLtcfT5xMmZ.pdf,
January-June 2026,B.Tech,2023,CHEMICAL ENGINEERING,CHGE0353,Biomass Conversion Processes,End Sem,https://v1.nitj.ac.in/erp/academic_repository/uploads/bFjBPigrMVCxHhGO.pdf,
January-June 2026,B.Tech,2023,COMPUTER SCIENCE AND ENGINEERING,CSDC0302,Computer Graphics and Image Processing,Mid Sem,https://v1.nitj.ac.in/erp/academic_repository/uploads/fJUzmTFKZ0q5NW3r.pdf,
January-June 2026,B.Tech,2023,COMPUTER SCIENCE AND ENGINEERING,CSDC0302,Computer Graphics and Image Processing,End Sem,https://v1.nitj.ac.in/erp/academic_repository/uploads/KA4u86SMflHyqXbj.pdf,
January-June 2026,B.Tech,2023,COMPUTER SCIENCE AND ENGINEERING,CSDC0304,Information Security Systems,Mid Sem,https://v1.nitj.ac.in/erp/academic_repository/uploads/zpAtjybkiR78lE6Y.pdf,
January-June 2026,B.Tech,2023,COMPUTER SCIENCE AND ENGINEERING,CSDC0304,Information Security Systems,End Sem,https://v1.nitj.ac.in/erp/academic_repository/uploads/HBVjKsTArXkeU2mE.pdf,
January-June 2026,B.Tech,2023,COMPUTER SCIENCE AND ENGINEERING,CSDC0306,Machine Learning,Mid Sem,https://v1.nitj.ac.in/erp/academic_repository/uploads/chU6z9fNaFSdE2iC.pdf,
January-June 2026,B.Tech,2023,COMPUTER SCIENCE AND ENGINEERING,CSDC0306,Machine Learning,End Sem,https://v1.nitj.ac.in/erp/academic_repository/uploads/jdAmyPtXYFlBD3aR.pdf,
January-June 2026,B.Tech,2023,COMPUTER SCIENCE AND ENGINEERING,CSDC0308,Software Engineering,Mid Sem,https://v1.nitj.ac.in/erp/academic_repository/uploads/Qf9YwmhvZKXlER1i.pdf,
January-June 2026,B.Tech,2023,COMPUTER SCIENCE AND ENGINEERING,CSDC0308,Software Engineering,End Sem,https://v1.nitj.ac.in/erp/academic_repository/uploads/qJZWptKhyDnd20rf.pdf,
January-June 2026,B.Tech,2023,COMPUTER SCIENCE AND ENGINEERING,CSDE0308,Android Programming and Mobile Applications Development,Mid Sem,https://v1.nitj.ac.in/erp/academic_repository/uploads/o0cTbmp31zyCfsZB.pdf,
January-June 2026,B.Tech,2023,COMPUTER SCIENCE AND ENGINEERING,CSDE0308,Android Programming and Mobile Applications Development,End Sem,https://v1.nitj.ac.in/erp/academic_repository/uploads/auCnzSN3dgIHOeYR.pdf,
January-June 2026,B.Tech,2023,COMPUTER SCIENCE AND ENGINEERING,CSDE0310,Software Project Management,Mid Sem,https://v1.nitj.ac.in/erp/academic_repository/uploads/zQLkDW3Ni6sICtlU.pdf,
January-June 2026,B.Tech,2023,COMPUTER SCIENCE AND ENGINEERING,CSDE0310,Software Project Management,End Sem,https://v1.nitj.ac.in/erp/academic_repository/uploads/Yek9nwbJs45ui8Dz.pdf,
January-June 2026,B.Tech,2023,COMPUTER SCIENCE AND ENGINEERING,CSGE0308,Android Programming and Mobile Applications Development,Mid Sem,https://v1.nitj.ac.in/erp/academic_repository/uploads/pD2MFg0slGbefAzV.pdf,
January-June 2026,B.Tech,2023,COMPUTER SCIENCE AND ENGINEERING,CSGE0308,Android Programming and Mobile Applications Development,End Sem,https://v1.nitj.ac.in/erp/academic_repository/uploads/y6LkIVZq5tGjD08A.pdf,
January-June 2026,B.Tech,2023,COMPUTER SCIENCE AND ENGINEERING,CSGE0310,Software Project Management,Mid Sem,https://v1.nitj.ac.in/erp/academic_repository/uploads/go6eNK4wQX0BYqCG.pdf,
January-June 2026,B.Tech,2023,COMPUTER SCIENCE AND ENGINEERING,CSGE0310,Software Project Management,End Sem,https://v1.nitj.ac.in/erp/academic_repository/uploads/w0GRq4FkWva5IUPL.pdf,
January-June 2026,B.Tech,2023,DATA SCIENCE AND ENGINEERING,CSDC0304,Information Security Systems,Mid Sem,https://v1.nitj.ac.in/erp/academic_repository/uploads/iS9r4Wl1gYGTFtke.pdf,
January-June 2026,B.Tech,2023,DATA SCIENCE AND ENGINEERING,CSDC0304,Information Security Systems,End Sem,https://v1.nitj.ac.in/erp/academic_repository/uploads/75xUCcLTnq2lrwZB.pdf,
January-June 2026,B.Tech,2023,DATA SCIENCE AND ENGINEERING,CSDC0306,Machine Learning,Mid Sem,https://v1.nitj.ac.in/erp/academic_repository/uploads/skH6VAOxde8IrEtZ.pdf,
January-June 2026,B.Tech,2023,DATA SCIENCE AND ENGINEERING,CSDC0306,Machine Learning,End Sem,https://v1.nitj.ac.in/erp/academic_repository/uploads/NcrJh7xkBXUgoD1a.pdf,
January-June 2026,B.Tech,2023,DATA SCIENCE AND ENGINEERING,CSDC0308,Software Engineering,Mid Sem,https://v1.nitj.ac.in/erp/academic_repository/uploads/IfFpmb2djTqsM9aQ.pdf,
January-June 2026,B.Tech,2023,DATA SCIENCE AND ENGINEERING,CSDC0308,Software Engineering,End Sem,https://v1.nitj.ac.in/erp/academic_repository/uploads/vPgBmpqS4GiHRQMF.pdf,
January-June 2026,B.Tech,2023,DATA SCIENCE AND ENGINEERING,CSDC0310,Deep Learning,Mid Sem,https://v1.nitj.ac.in/erp/academic_repository/uploads/wue0WpGlR3vz6m2E.pdf,
January-June 2026,B.Tech,2023,DATA SCIENCE AND ENGINEERING,CSDC0310,Deep Learning,End Sem,https://v1.nitj.ac.in/erp/academic_repository/uploads/BI2ATQyEP5L6eqpv.pdf,
January-June 2026,B.Tech,2023,DATA SCIENCE AND ENGINEERING,CSDE0308,Android Programming and Mobile Applications Development,Mid Sem,https://v1.nitj.ac.in/erp/academic_repository/uploads/pBPlvHIU6OWnzik3.pdf,
January-June 2026,B.Tech,2023,DATA SCIENCE AND ENGINEERING,CSDE0308,Android Programming and Mobile Applications Development,End Sem,https://v1.nitj.ac.in/erp/academic_repository/uploads/xWCcgw3QBaJfX6MY.pdf,
January-June 2026,B.Tech,2023,DATA SCIENCE AND ENGINEERING,CSDE0310,Software Project Management,Mid Sem,https://v1.nitj.ac.in/erp/academic_repository/uploads/KCM6RQtwb0NHLPu9.pdf,
January-June 2026,B.Tech,2023,DATA SCIENCE AND ENGINEERING,CSDE0310,Software Project Management,End Sem,https://v1.nitj.ac.in/erp/academic_repository/uploads/741XYGc2e9LkMlBT.pdf,
January-June 2026,B.Tech,2023,ELECTRONICS AND COMMUNICATION ENGINEERING,ECDC0302,Microwave Engineering,Mid Sem,https://v1.nitj.ac.in/erp/academic_repository/uploads/bas1m7ch4W8PVA0X.pdf,
January-June 2026,B.Tech,2023,ELECTRONICS AND COMMUNICATION ENGINEERING,ECDC0302,Microwave Engineering,End Sem,https://v1.nitj.ac.in/erp/academic_repository/uploads/Qx9TSJbauDW1hydg.pdf,
January-June 2026,B.Tech,2023,ELECTRONICS AND COMMUNICATION ENGINEERING,ECDC0304,Digital Design with HDL,Mid Sem,https://v1.nitj.ac.in/erp/academic_repository/uploads/Jlx8y379tH0SKTzb.pdf,
January-June 2026,B.Tech,2023,ELECTRONICS AND COMMUNICATION ENGINEERING,ECDC0304,Digital Design with HDL,End Sem,https://v1.nitj.ac.in/erp/academic_repository/uploads/nsEBFSQqp6NCgGAe.pdf,
January-June 2026,B.Tech,2023,ELECTRONICS AND COMMUNICATION ENGINEERING,ECDC0306,Control System,Mid Sem,https://v1.nitj.ac.in/erp/academic_repository/uploads/B8DY9nZW6v0xdKr1.pdf,
January-June 2026,B.Tech,2023,ELECTRONICS AND COMMUNICATION ENGINEERING,ECDC0306,Control System,End Sem,https://v1.nitj.ac.in/erp/academic_repository/uploads/w8JGbp9sahDHL5Ef.pdf,
January-June 2026,B.Tech,2023,ELECTRONICS AND COMMUNICATION ENGINEERING,ECDC0308,Advanced Mobile Communication,Mid Sem,https://v1.nitj.ac.in/erp/academic_repository/uploads/48uDeNadtQTfnb2U.pdf,
January-June 2026,B.Tech,2023,ELECTRONICS AND COMMUNICATION ENGINEERING,ECDC0308,Advanced Mobile Communication,End Sem,https://v1.nitj.ac.in/erp/academic_repository/uploads/pxQhSFNuDTMPsfEy.pdf,
January-June 2026,B.Tech,2023,ELECTRONICS AND COMMUNICATION ENGINEERING,ECDE0351,Machine Learning for ECE Applications,Mid Sem,https://v1.nitj.ac.in/erp/academic_repository/uploads/rEycD8l3LCnPMiGt.pdf,
January-June 2026,B.Tech,2023,ELECTRONICS AND COMMUNICATION ENGINEERING,ECDE0351,Machine Learning for ECE Applications,End Sem,https://v1.nitj.ac.in/erp/academic_repository/uploads/y6Kz7k4sPScIMExH.pdf,
January-June 2026,B.Tech,2023,ELECTRONICS AND COMMUNICATION ENGINEERING,ECDE0353,FPGA and ASIC,Mid Sem,https://v1.nitj.ac.in/erp/academic_repository/uploads/a7EdJUsOPuVey0NL.pdf,
January-June 2026,B.Tech,2023,ELECTRONICS AND COMMUNICATION ENGINEERING,ECDE0353,FPGA and ASIC,End Sem,https://v1.nitj.ac.in/erp/academic_repository/uploads/IsXO5WjeVF2y0mEx.pdf,
January-June 2026,B.Tech,2023,ELECTRONICS AND COMMUNICATION ENGINEERING,ECDE0453,Unmanned Aerial Systems Technology,Mid Sem,https://v1.nitj.ac.in/erp/academic_repository/uploads/ymfqrzi3u9B1Gd2P.pdf,
January-June 2026,B.Tech,2023,ELECTRONICS AND COMMUNICATION ENGINEERING,ECDE0453,Unmanned Aerial Systems Technology,End Sem,https://v1.nitj.ac.in/erp/academic_repository/uploads/TRcunhS6roX70ytU.pdf,
January-June 2026,B.Tech,2023,ELECTRONICS AND COMMUNICATION ENGINEERING,ECGE0351,Machine Learning for ECE Applications,Mid Sem,https://v1.nitj.ac.in/erp/academic_repository/uploads/ADjfeOiGpw7WhMPY.pdf,
January-June 2026,B.Tech,2023,ELECTRONICS AND COMMUNICATION ENGINEERING,ECGE0351,Machine Learning for ECE Applications,End Sem,https://v1.nitj.ac.in/erp/academic_repository/uploads/V8kYCpfLAjngusm3.pdf,
January-June 2026,B.Tech,2023,ELECTRONICS AND COMMUNICATION ENGINEERING,ECGE0453,Unmanned Aerial Systems Technology,Mid Sem,https://v1.nitj.ac.in/erp/academic_repository/uploads/hGnaXp9TKgzZbdPB.pdf,
January-June 2026,B.Tech,2023,ELECTRONICS AND COMMUNICATION ENGINEERING,ECGE0453,Unmanned Aerial Systems Technology,End Sem,https://v1.nitj.ac.in/erp/academic_repository/uploads/uZA5IQ89bzgPVCeR.pdf,
January-June 2026,B.Tech,2023,ELECTRICAL ENGINEERING,EEDC0312,Power System Analysis,Mid Sem,https://v1.nitj.ac.in/erp/academic_repository/uploads/HfmUajynNlbWFD1o.pdf,
January-June 2026,B.Tech,2023,ELECTRICAL ENGINEERING,EEDC0312,Power System Analysis,End Sem,https://v1.nitj.ac.in/erp/academic_repository/uploads/IT1Vd4muflLJqNQ3.pdf,
January-June 2026,B.Tech,2023,ELECTRICAL ENGINEERING,EEDC0314,High Voltage Engineering,Mid Sem,https://v1.nitj.ac.in/erp/academic_repository/uploads/rfonXWRDIcGM1Fdj.pdf,
January-June 2026,B.Tech,2023,ELECTRICAL ENGINEERING,EEDC0314,High Voltage Engineering,End Sem,https://v1.nitj.ac.in/erp/academic_repository/uploads/w0cPnmHqbsOVoft7.pdf,
January-June 2026,B.Tech,2023,ELECTRICAL ENGINEERING,EEDC0316,Switchgear and Protection,Mid Sem,https://v1.nitj.ac.in/erp/academic_repository/uploads/xGS5sDTK1XwLqVuC.pdf,
January-June 2026,B.Tech,2023,ELECTRICAL ENGINEERING,EEDC0316,Switchgear and Protection,End Sem,https://v1.nitj.ac.in/erp/academic_repository/uploads/eZ5i9XlFI8y1LRzO.pdf,
January-June 2026,B.Tech,2023,ELECTRICAL ENGINEERING,EEDC0318,Electric Drives,Mid Sem,https://v1.nitj.ac.in/erp/academic_repository/uploads/eKFq9Z4WsAlpPQzc.pdf,
January-June 2026,B.Tech,2023,ELECTRICAL ENGINEERING,EEDC0318,Electric Drives,End Sem,https://v1.nitj.ac.in/erp/academic_repository/uploads/6sAfJEIqczCBnX1P.pdf,
January-June 2026,B.Tech,2023,ELECTRICAL ENGINEERING,EEDE0354,Smart Grid Technology,Mid Sem,https://v1.nitj.ac.in/erp/academic_repository/uploads/c8kyLXbPaQNl3x1H.pdf,
January-June 2026,B.Tech,2023,ELECTRICAL ENGINEERING,EEDE0354,Smart Grid Technology,End Sem,https://v1.nitj.ac.in/erp/academic_repository/uploads/hkzptYDA80agdXPE.pdf,
January-June 2026,B.Tech,2023,HUMANITIES AND MANAGEMENT (Open Elective),HMGE0409,Entrepreneurship Development and Management,Mid Sem,https://v1.nitj.ac.in/erp/academic_repository/uploads/UVPshtJgGi0643rw.pdf,
January-June 2026,B.Tech,2023,HUMANITIES AND MANAGEMENT (Open Elective),HMGE0409,Entrepreneurship Development and Management,End Sem,https://v1.nitj.ac.in/erp/academic_repository/uploads/WGXFUNI6M12n3OHT.pdf,
January-June 2026,B.Tech,2023,HUMANITIES AND MANAGEMENT (Open Elective),HMGE0413,Human Resource Management,Mid Sem,https://v1.nitj.ac.in/erp/academic_repository/uploads/FHUvDp40AMGxBkoh.pdf,
January-June 2026,B.Tech,2023,HUMANITIES AND MANAGEMENT (Open Elective),HMGE0413,Human Resource Management,End Sem,https://v1.nitj.ac.in/erp/academic_repository/uploads/scVD4RjvBY0Zqz6h.pdf,
January-June 2026,B.Tech,2023,INSTRUMENTATION AND CONTROL ENGINEERING,ICDC0302,Process Automation and Robotics,Mid Sem,https://v1.nitj.ac.in/erp/academic_repository/uploads/xFk3DUPIuNtzrVd5.pdf,
January-June 2026,B.Tech,2023,INSTRUMENTATION AND CONTROL ENGINEERING,ICDC0302,Process Automation and Robotics,End Sem,https://v1.nitj.ac.in/erp/academic_repository/uploads/1D7k3POwGNjnpWx4.pdf,
January-June 2026,B.Tech,2023,INSTRUMENTATION AND CONTROL ENGINEERING,ICDC0304,Data Acquisition and Telemetry,Mid Sem,https://v1.nitj.ac.in/erp/academic_repository/uploads/dbNpitOzBwk2u4n7.pdf,
January-June 2026,B.Tech,2023,INSTRUMENTATION AND CONTROL ENGINEERING,ICDC0304,Data Acquisition and Telemetry,End Sem,https://v1.nitj.ac.in/erp/academic_repository/uploads/sVPxBgJCIGRF5KaX.pdf,
January-June 2026,B.Tech,2023,INSTRUMENTATION AND CONTROL ENGINEERING,ICDC0306,"PLC, DCS and SCADA",Mid Sem,https://v1.nitj.ac.in/erp/academic_repository/uploads/RjIHdmVh1Oy67GSY.pdf,
January-June 2026,B.Tech,2023,INSTRUMENTATION AND CONTROL ENGINEERING,ICDC0306,"PLC, DCS and SCADA",End Sem,https://v1.nitj.ac.in/erp/academic_repository/uploads/oMEqIJ512Qj9zADZ.pdf,
January-June 2026,B.Tech,2023,INSTRUMENTATION AND CONTROL ENGINEERING,ICDC0308,Virtual Instrumentation System,Mid Sem,https://v1.nitj.ac.in/erp/academic_repository/uploads/2xd6vFXztJ9GMNoV.pdf,
January-June 2026,B.Tech,2023,INSTRUMENTATION AND CONTROL ENGINEERING,ICDC0308,Virtual Instrumentation System,End Sem,https://v1.nitj.ac.in/erp/academic_repository/uploads/cJOEogT6lvQCrAP1.pdf,
January-June 2026,B.Tech,2023,INSTRUMENTATION AND CONTROL ENGINEERING,ICDC0310,Biomedical Instrumentation,Mid Sem,https://v1.nitj.ac.in/erp/academic_repository/uploads/qWCY6Hz2EgJMNGxi.pdf,
January-June 2026,B.Tech,2023,INSTRUMENTATION AND CONTROL ENGINEERING,ICDC0310,Biomedical Instrumentation,End Sem,https://v1.nitj.ac.in/erp/academic_repository/uploads/Gew6kV1PcgJj9ZTX.pdf,
January-June 2026,B.Tech,2023,INSTRUMENTATION AND CONTROL ENGINEERING,ICDE0302,Advanced Process Control,Mid Sem,https://v1.nitj.ac.in/erp/academic_repository/uploads/G7RjIVZi5omNsJOl.pdf,
January-June 2026,B.Tech,2023,INSTRUMENTATION AND CONTROL ENGINEERING,ICDE0302,Advanced Process Control,End Sem,https://v1.nitj.ac.in/erp/academic_repository/uploads/af4yF1H6DKuGhIMd.pdf,
January-June 2026,B.Tech,2023,INDUSTRIAL AND PRODUCTION ENGINEERING,IPDC0302,Facilities Planning and Design,Mid Sem,https://v1.nitj.ac.in/erp/academic_repository/uploads/5eEylU6SxghtIzrO.pdf,
January-June 2026,B.Tech,2023,INDUSTRIAL AND PRODUCTION ENGINEERING,IPDC0302,Facilities Planning and Design,End Sem,https://v1.nitj.ac.in/erp/academic_repository/uploads/0HxkGfTImOroFgqs.pdf,
January-June 2026,B.Tech,2023,INDUSTRIAL AND PRODUCTION ENGINEERING,IPDC0304,Supply Chain Management,Mid Sem,https://v1.nitj.ac.in/erp/academic_repository/uploads/VfsPCBiOKLlp3QXH.pdf,
January-June 2026,B.Tech,2023,INDUSTRIAL AND PRODUCTION ENGINEERING,IPDC0304,Supply Chain Management,End Sem,https://v1.nitj.ac.in/erp/academic_repository/uploads/KfS1Rrwm0e2qzbNk.pdf,
January-June 2026,B.Tech,2023,INDUSTRIAL AND PRODUCTION ENGINEERING,IPDC0306,Modelling and Simulation,Mid Sem,https://v1.nitj.ac.in/erp/academic_repository/uploads/sC42tiL350DAJONe.pdf,
January-June 2026,B.Tech,2023,INDUSTRIAL AND PRODUCTION ENGINEERING,IPDC0306,Modelling and Simulation,End Sem,https://v1.nitj.ac.in/erp/academic_repository/uploads/swrSZkAEY0vTtojy.pdf,
January-June 2026,B.Tech,2023,INDUSTRIAL AND PRODUCTION ENGINEERING,IPDC0308,Project Management,Mid Sem,https://v1.nitj.ac.in/erp/academic_repository/uploads/rCKXeGg8EfhOSMHU.pdf,
January-June 2026,B.Tech,2023,INDUSTRIAL AND PRODUCTION ENGINEERING,IPDC0308,Project Management,End Sem,https://v1.nitj.ac.in/erp/academic_repository/uploads/VN6ugiyWqDLsKIZn.pdf,
January-June 2026,B.Tech,2023,INDUSTRIAL AND PRODUCTION ENGINEERING,IPDC0312,Computer Integrated Manufacturing and Robotics,Mid Sem,https://v1.nitj.ac.in/erp/academic_repository/uploads/3jr1OWucqDKCTw6b.pdf,
January-June 2026,B.Tech,2023,INDUSTRIAL AND PRODUCTION ENGINEERING,IPDC0312,Computer Integrated Manufacturing and Robotics,End Sem,https://v1.nitj.ac.in/erp/academic_repository/uploads/QkZ4tvJXlLe0G1u2.pdf,
January-June 2026,B.Tech,2023,INDUSTRIAL AND PRODUCTION ENGINEERING,IPDE0312,Engineering Economy,Mid Sem,https://v1.nitj.ac.in/erp/academic_repository/uploads/pSDls9P1NKUzijXM.pdf,
January-June 2026,B.Tech,2023,INDUSTRIAL AND PRODUCTION ENGINEERING,IPDE0312,Engineering Economy,End Sem,https://v1.nitj.ac.in/erp/academic_repository/uploads/56rR8g9t3mxdKGfC.pdf,
January-June 2026,B.Tech,2023,INDUSTRIAL AND PRODUCTION ENGINEERING,IPGE0312,Engineering Economy,Mid Sem,https://v1.nitj.ac.in/erp/academic_repository/uploads/UR6iW2uX8ZOIpkvB.pdf,
January-June 2026,B.Tech,2023,INDUSTRIAL AND PRODUCTION ENGINEERING,IPGE0312,Engineering Economy,End Sem,https://v1.nitj.ac.in/erp/academic_repository/uploads/uVW7x5gnI3E1Fcb9.pdf,
January-June 2026,B.Tech,2023,INFORMATION TECHNOLOGY,ITDC0302,Distributed System and Cloud Computing,Mid Sem,https://v1.nitj.ac.in/erp/academic_repository/uploads/rSsC3m8ZNgALwp9q.pdf,
January-June 2026,B.Tech,2023,INFORMATION TECHNOLOGY,ITDC0302,Distributed System and Cloud Computing,End Sem,https://v1.nitj.ac.in/erp/academic_repository/uploads/P1ci5NMC9XTbRkej.pdf,
January-June 2026,B.Tech,2023,INFORMATION TECHNOLOGY,ITDC0304,Full Stack Web Development,Mid Sem,https://v1.nitj.ac.in/erp/academic_repository/uploads/KM0z3pvgLU9J4xYw.pdf,
January-June 2026,B.Tech,2023,INFORMATION TECHNOLOGY,ITDC0304,Full Stack Web Development,End Sem,https://v1.nitj.ac.in/erp/academic_repository/uploads/AvHNVBXnfjoZEJQc.pdf,
January-June 2026,B.Tech,2023,INFORMATION TECHNOLOGY,ITDC0306,Big Data Analytics,Mid Sem,https://v1.nitj.ac.in/erp/academic_repository/uploads/lpqY80TihQbwWy95.pdf,
January-June 2026,B.Tech,2023,INFORMATION TECHNOLOGY,ITDC0306,Big Data Analytics,End Sem,https://v1.nitj.ac.in/erp/academic_repository/uploads/jkZMNmJFzAXnD8QC.pdf,
January-June 2026,B.Tech,2023,INFORMATION TECHNOLOGY,ITDC0308,Machine Learning,Mid Sem,https://v1.nitj.ac.in/erp/academic_repository/uploads/nmCkYA1DQ2cxa0hG.pdf,
January-June 2026,B.Tech,2023,INFORMATION TECHNOLOGY,ITDC0308,Machine Learning,End Sem,https://v1.nitj.ac.in/erp/academic_repository/uploads/n2O6PD0VFbMHSKzI.pdf,
January-June 2026,B.Tech,2023,INFORMATION TECHNOLOGY,ITDC0310,Principal of Programming Languages,Mid Sem,https://v1.nitj.ac.in/erp/academic_repository/uploads/dQbIVUyHcX0MD7eB.pdf,
January-June 2026,B.Tech,2023,INFORMATION TECHNOLOGY,ITDC0310,Principal of Programming Languages,End Sem,https://v1.nitj.ac.in/erp/academic_repository/uploads/IPNg8dh3Y6VBC9lR.pdf,
January-June 2026,B.Tech,2023,INFORMATION TECHNOLOGY,ITDE0352,Mobile Communication,Mid Sem,https://v1.nitj.ac.in/erp/academic_repository/uploads/p8erfX6xDU37aht1.pdf,
January-June 2026,B.Tech,2023,INFORMATION TECHNOLOGY,ITDE0352,Mobile Communication,End Sem,https://v1.nitj.ac.in/erp/academic_repository/uploads/wfUPqkoQG584ZuYO.pdf,
January-June 2026,B.Tech,2023,INFORMATION TECHNOLOGY,ITDE0356,Business Intelligence,Mid Sem,https://v1.nitj.ac.in/erp/academic_repository/uploads/k3KBw5VocuQ7iNx4.pdf,
January-June 2026,B.Tech,2023,INFORMATION TECHNOLOGY,ITDE0356,Business Intelligence,End Sem,https://v1.nitj.ac.in/erp/academic_repository/uploads/d0gGmoZsaDhPAQYU.pdf,
January-June 2026,B.Tech,2023,INFORMATION TECHNOLOGY,ITGE0356,Business Intelligence,Mid Sem,https://v1.nitj.ac.in/erp/academic_repository/uploads/OSMCXTG59qmfLva0.pdf,
January-June 2026,B.Tech,2023,INFORMATION TECHNOLOGY,ITGE0356,Business Intelligence,End Sem,https://v1.nitj.ac.in/erp/academic_repository/uploads/kn2T49i6VRKbOPsL.pdf,
January-June 2026,B.Tech,2023,MECHANICAL ENGINEERING,MEDC0302,Automobile Engineering,Mid Sem,https://v1.nitj.ac.in/erp/academic_repository/uploads/zeJq1bnhO0fFHDXi.pdf,
January-June 2026,B.Tech,2023,MECHANICAL ENGINEERING,MEDC0302,Automobile Engineering,End Sem,https://v1.nitj.ac.in/erp/academic_repository/uploads/AvQ9VyE5xq8ja7BJ.pdf,
January-June 2026,B.Tech,2023,MECHANICAL ENGINEERING,MEDC0304,Refrigeration and Air Conditioning,Mid Sem,https://v1.nitj.ac.in/erp/academic_repository/uploads/rz8Q0svwHUW5AqGK.pdf,
January-June 2026,B.Tech,2023,MECHANICAL ENGINEERING,MEDC0304,Refrigeration and Air Conditioning,End Sem,https://v1.nitj.ac.in/erp/academic_repository/uploads/lNEoROKv5DIy2YwT.pdf,
January-June 2026,B.Tech,2023,MECHANICAL ENGINEERING,MEDC0306,Turbo Machinery,Mid Sem,https://v1.nitj.ac.in/erp/academic_repository/uploads/MEjH4UoPu0y1Ttmq.pdf,
January-June 2026,B.Tech,2023,MECHANICAL ENGINEERING,MEDC0306,Turbo Machinery,End Sem,https://v1.nitj.ac.in/erp/academic_repository/uploads/TzhFgS1bX0LCNEO2.pdf,
January-June 2026,B.Tech,2023,MECHANICAL ENGINEERING,MEDC0308,Advanced Manufacturing Technology,Mid Sem,https://v1.nitj.ac.in/erp/academic_repository/uploads/n2P0xpU9E18KMdiz.pdf,
January-June 2026,B.Tech,2023,MECHANICAL ENGINEERING,MEDC0308,Advanced Manufacturing Technology,End Sem,https://v1.nitj.ac.in/erp/academic_repository/uploads/gyG4rJ8M6sUTxpXD.pdf,
January-June 2026,B.Tech,2023,MECHANICAL ENGINEERING,MEDC0310,Vibrations & Control,Mid Sem,https://v1.nitj.ac.in/erp/academic_repository/uploads/mSaiRNW6C1nIfq8V.pdf,
January-June 2026,B.Tech,2023,MECHANICAL ENGINEERING,MEDC0310,Vibrations & Control,End Sem,https://v1.nitj.ac.in/erp/academic_repository/uploads/Mubmtf0xKGUQ4HaY.pdf,
January-June 2026,B.Tech,2023,MECHANICAL ENGINEERING,MEDE0306,Introduction to Finite Element Methods,Mid Sem,https://v1.nitj.ac.in/erp/academic_repository/uploads/yhg2e36rsl4KoZ9n.pdf,
January-June 2026,B.Tech,2023,MECHANICAL ENGINEERING,MEDE0306,Introduction to Finite Element Methods,End Sem,https://v1.nitj.ac.in/erp/academic_repository/uploads/uf8lLTt921YMJepD.pdf,
January-June 2026,B.Tech,2023,MECHANICAL ENGINEERING,MEDE0316,Occupational Safety and Environment,Mid Sem,https://v1.nitj.ac.in/erp/academic_repository/uploads/tblPeRrQTX5EOuf1.pdf,
January-June 2026,B.Tech,2023,MECHANICAL ENGINEERING,MEDE0316,Occupational Safety and Environment,End Sem,https://v1.nitj.ac.in/erp/academic_repository/uploads/FLkRyC1VaBMIKWc5.pdf,
January-June 2026,B.Tech,2023,MECHANICAL ENGINEERING,MEDE0320,Production Management,Mid Sem,https://v1.nitj.ac.in/erp/academic_repository/uploads/bFwEy5L4ZTUmk3DR.pdf,
January-June 2026,B.Tech,2023,MECHANICAL ENGINEERING,MEDE0320,Production Management,End Sem,https://v1.nitj.ac.in/erp/academic_repository/uploads/kNup3J6m7sjHxVFf.pdf,
January-June 2026,B.Tech,2023,MECHANICAL ENGINEERING,MEGE0306,Introduction to Finite Element Methods,Mid Sem,https://v1.nitj.ac.in/erp/academic_repository/uploads/3MBk4E01KuQRUvzt.pdf,
January-June 2026,B.Tech,2023,MECHANICAL ENGINEERING,MEGE0306,Introduction to Finite Element Methods,End Sem,https://v1.nitj.ac.in/erp/academic_repository/uploads/GthdHceaxFoyQMmB.pdf,
January-June 2026,B.Tech,2023,TEXTILE TECHNOLOGY,HMDC0302,Entrepreneurship Development and Management,Mid Sem,https://v1.nitj.ac.in/erp/academic_repository/uploads/eqVNz1YS3tK6faTm.pdf,
January-June 2026,B.Tech,2023,TEXTILE TECHNOLOGY,HMDC0302,Entrepreneurship Development and Management,End Sem,https://v1.nitj.ac.in/erp/academic_repository/uploads/pyYLGw8Nlfm75b0Q.pdf,
January-June 2026,B.Tech,2023,TEXTILE TECHNOLOGY,TTDC0302,Garment Manufacturing Technologies,Mid Sem,https://v1.nitj.ac.in/erp/academic_repository/uploads/KhFQH164f9yJmsrz.pdf,
January-June 2026,B.Tech,2023,TEXTILE TECHNOLOGY,TTDC0302,Garment Manufacturing Technologies,End Sem,https://v1.nitj.ac.in/erp/academic_repository/uploads/fLzie3y7UrKm9Zal.pdf,
January-June 2026,B.Tech,2023,TEXTILE TECHNOLOGY,TTDC0304,Technical Textiles,Mid Sem,https://v1.nitj.ac.in/erp/academic_repository/uploads/LI73ANmXoeE9C2OB.pdf,
January-June 2026,B.Tech,2023,TEXTILE TECHNOLOGY,TTDC0304,Technical Textiles,End Sem,https://v1.nitj.ac.in/erp/academic_repository/uploads/UBRcLqe9xlXMZG3O.pdf,
January-June 2026,B.Tech,2023,TEXTILE TECHNOLOGY,TTDC0306,Industrial Textiles,Mid Sem,https://v1.nitj.ac.in/erp/academic_repository/uploads/XaugfEVJADW2zm7p.pdf,
January-June 2026,B.Tech,2023,TEXTILE TECHNOLOGY,TTDC0306,Industrial Textiles,End Sem,https://v1.nitj.ac.in/erp/academic_repository/uploads/7S6frkeaX9DOGgZQ.pdf,
January-June 2026,B.Tech,2023,TEXTILE TECHNOLOGY,TTDC0308,Mill Management and Maintenance,Mid Sem,https://v1.nitj.ac.in/erp/academic_repository/uploads/hSWfGQNV3KalsPE4.pdf,
January-June 2026,B.Tech,2023,TEXTILE TECHNOLOGY,TTDC0308,Mill Management and Maintenance,End Sem,https://v1.nitj.ac.in/erp/academic_repository/uploads/yiSOu7zULwcKR4jn.pdf,
January-June 2026,B.Tech,2023,TEXTILE TECHNOLOGY,TTDE0301,Advances in Yarn Manufacturing,Mid Sem,https://v1.nitj.ac.in/erp/academic_repository/uploads/IXVLi3bTvpzeurhf.pdf,
January-June 2026,B.Tech,2023,TEXTILE TECHNOLOGY,TTDE0301,Advances in Yarn Manufacturing,End Sem,https://v1.nitj.ac.in/erp/academic_repository/uploads/HOMF941IGeq3Upn8.pdf,
January-June 2026,B.Tech,2023,TEXTILE TECHNOLOGY,TTDE0312,Machine Learning in Practice,Mid Sem,https://v1.nitj.ac.in/erp/academic_repository/uploads/a6GPDl3V51RIexA7.pdf,
January-June 2026,B.Tech,2023,TEXTILE TECHNOLOGY,TTDE0312,Machine Learning in Practice,End Sem,https://v1.nitj.ac.in/erp/academic_repository/uploads/Twk1LIfUBYvsNcHJ.pdf,
January-June 2026,B.Tech,2023,ELECTRONICS AND VLSI ENGINEERING,ECDC0304,Digital Design with HDL,Mid Sem,https://v1.nitj.ac.in/erp/academic_repository/uploads/Sd1IuTmD6W4aQH5Z.pdf,
January-June 2026,B.Tech,2023,ELECTRONICS AND VLSI ENGINEERING,ECDC0304,Digital Design with HDL,End Sem,https://v1.nitj.ac.in/erp/academic_repository/uploads/upKhwyLAEVYImSe3.pdf,
January-June 2026,B.Tech,2023,ELECTRONICS AND VLSI ENGINEERING,ECDC0306,Control System,Mid Sem,https://v1.nitj.ac.in/erp/academic_repository/uploads/1JEzCR6Sxb54nioa.pdf,
January-June 2026,B.Tech,2023,ELECTRONICS AND VLSI ENGINEERING,ECDC0306,Control System,End Sem,https://v1.nitj.ac.in/erp/academic_repository/uploads/PEHeMjK7lk05Dyoi.pdf,
January-June 2026,B.Tech,2023,ELECTRONICS AND VLSI ENGINEERING,ECDC0310,Semiconductor Device Characterizations,Mid Sem,https://v1.nitj.ac.in/erp/academic_repository/uploads/5JGp41gEzB6aQrsD.pdf,
January-June 2026,B.Tech,2023,ELECTRONICS AND VLSI ENGINEERING,ECDC0310,Semiconductor Device Characterizations,End Sem,https://v1.nitj.ac.in/erp/academic_repository/uploads/HbNhutZoflQyERAJ.pdf,
January-June 2026,B.Tech,2023,ELECTRONICS AND VLSI ENGINEERING,ECDC0312,VLSI Testing,Mid Sem,https://v1.nitj.ac.in/erp/academic_repository/uploads/rVh5aBHEqA7onQPt.pdf,
January-June 2026,B.Tech,2023,ELECTRONICS AND VLSI ENGINEERING,ECDC0312,VLSI Testing,End Sem,https://v1.nitj.ac.in/erp/academic_repository/uploads/Y20yoX8VEstNhiuB.pdf,
January-June 2026,B.Tech,2023,ELECTRONICS AND VLSI ENGINEERING,ECDC0314,RF Circuits and Antenna Design,Mid Sem,https://v1.nitj.ac.in/erp/academic_repository/uploads/ScAe1N0kXMD36PFm.pdf,
January-June 2026,B.Tech,2023,ELECTRONICS AND VLSI ENGINEERING,ECDC0314,RF Circuits and Antenna Design,End Sem,https://v1.nitj.ac.in/erp/academic_repository/uploads/tcoN9IZA1lhXjRJ7.pdf,
January-June 2026,B.Tech,2023,ELECTRONICS AND VLSI ENGINEERING,ECDE0351,Machine Learning for ECE Applications,Mid Sem,https://v1.nitj.ac.in/erp/academic_repository/uploads/PHjVQWvrwZ5G3DfY.pdf,
January-June 2026,B.Tech,2023,ELECTRONICS AND VLSI ENGINEERING,ECDE0351,Machine Learning for ECE Applications,End Sem,https://v1.nitj.ac.in/erp/academic_repository/uploads/UF2XpZG9HuczkMtn.pdf,
January-June 2026,B.Tech,2023,ELECTRONICS AND VLSI ENGINEERING,ECDE0353,FPGA and ASIC,Mid Sem,https://v1.nitj.ac.in/erp/academic_repository/uploads/W5wqAiedOhXVMs1j.pdf,
January-June 2026,B.Tech,2023,ELECTRONICS AND VLSI ENGINEERING,ECDE0353,FPGA and ASIC,End Sem,https://v1.nitj.ac.in/erp/academic_repository/uploads/klRcw6xvZXnNhOV9.pdf,
January-June 2026,B.Tech,2023,ELECTRONICS AND VLSI ENGINEERING,ECDE0453,Unmanned Aerial Systems Technology,Mid Sem,https://v1.nitj.ac.in/erp/academic_repository/uploads/GrRSYb15F80uda6H.pdf,
January-June 2026,B.Tech,2023,ELECTRONICS AND VLSI ENGINEERING,ECDE0453,Unmanned Aerial Systems Technology,End Sem,https://v1.nitj.ac.in/erp/academic_repository/uploads/KRfIhow0LA3Dim7y.pdf,
January-June 2026,B.Tech,2022,BIO TECHNOLOGY,BTOE-404,Biosensor,Mid Sem,https://v1.nitj.ac.in/erp/academic_repository/uploads/djvkz6weYJbpCnI0.pdf,
January-June 2026,B.Tech,2022,BIO TECHNOLOGY,BTOE-404,Biosensor,End Sem,https://v1.nitj.ac.in/erp/academic_repository/uploads/xO14ALDl6oT7Mvd3.pdf,
January-June 2026,B.Tech,2022,BIO TECHNOLOGY,BTPC-402,Food Process Biotechnology,Mid Sem,https://v1.nitj.ac.in/erp/academic_repository/uploads/YQqZ2XGBzL7HoIEK.pdf,
January-June 2026,B.Tech,2022,BIO TECHNOLOGY,BTPC-402,Food Process Biotechnology,End Sem,https://v1.nitj.ac.in/erp/academic_repository/uploads/K15LAVuq8ClR0hjJ.pdf,
January-June 2026,B.Tech,2022,BIO TECHNOLOGY,BTPE-428,Bioenergy and Bioresource Technology,Mid Sem,https://v1.nitj.ac.in/erp/academic_repository/uploads/A08dkVYJHCsDpunB.pdf,
January-June 2026,B.Tech,2022,BIO TECHNOLOGY,BTPE-428,Bioenergy and Bioresource Technology,End Sem,https://v1.nitj.ac.in/erp/academic_repository/uploads/tS3aHr5X8sNn6V9I.pdf,
January-June 2026,B.Tech,2022,BIO TECHNOLOGY,BTPE-430,Biosensors and Biotechnology,Mid Sem,https://v1.nitj.ac.in/erp/academic_repository/uploads/c1y2g65UfXIT4VSs.pdf,
January-June 2026,B.Tech,2022,BIO TECHNOLOGY,BTPE-430,Biosensors and Biotechnology,End Sem,https://v1.nitj.ac.in/erp/academic_repository/uploads/XwYLAk7soyJTdfFv.pdf,
January-June 2026,B.Tech,2022,BIO TECHNOLOGY,BTPE-432,BIOPROCESS SAFETY AND BIOETHICS,Mid Sem,https://v1.nitj.ac.in/erp/academic_repository/uploads/PJ4hltXznMWOHeig.pdf,
January-June 2026,B.Tech,2022,BIO TECHNOLOGY,BTPE-432,BIOPROCESS SAFETY AND BIOETHICS,End Sem,https://v1.nitj.ac.in/erp/academic_repository/uploads/BGdulyShr80sOFQW.pdf,
January-June 2026,B.Tech,2022,CIVIL ENGINEERING,CEOE-475,Earthquake Disaster and Mitigation,Mid Sem,https://v1.nitj.ac.in/erp/academic_repository/uploads/efEmXQaD3JLpTPM5.pdf,
January-June 2026,B.Tech,2022,CIVIL ENGINEERING,CEOE-475,Earthquake Disaster and Mitigation,End Sem,https://v1.nitj.ac.in/erp/academic_repository/uploads/yXuwxcblNITPDt5i.pdf,
January-June 2026,B.Tech,2022,CIVIL ENGINEERING,CEPC-402,Estimating and Costing,Mid Sem,https://v1.nitj.ac.in/erp/academic_repository/uploads/ozi5Z6tIRSrUfKeH.pdf,
January-June 2026,B.Tech,2022,CIVIL ENGINEERING,CEPC-402,Estimating and Costing,End Sem,https://v1.nitj.ac.in/erp/academic_repository/uploads/G0aSqfyx7UklhMdY.pdf,
January-June 2026,B.Tech,2022,CIVIL ENGINEERING,CEPE-432,Bridge Engineering,Mid Sem,https://v1.nitj.ac.in/erp/academic_repository/uploads/QeFVu2mx1OaDGE5K.pdf,
January-June 2026,B.Tech,2022,CIVIL ENGINEERING,CEPE-432,Bridge Engineering,End Sem,https://v1.nitj.ac.in/erp/academic_repository/uploads/YtjqTrugCNOm7vlP.pdf,
January-June 2026,B.Tech,2022,CIVIL ENGINEERING,CEPE-434,Soil Dynamics,Mid Sem,https://v1.nitj.ac.in/erp/academic_repository/uploads/EmkHVZfDyB7K2Rsn.pdf,
January-June 2026,B.Tech,2022,CIVIL ENGINEERING,CEPE-434,Soil Dynamics,End Sem,https://v1.nitj.ac.in/erp/academic_repository/uploads/a0UoTsKqSRyV4zYv.pdf,
January-June 2026,B.Tech,2022,CIVIL ENGINEERING,CEPE-436,Hydro Power Engineering,Mid Sem,https://v1.nitj.ac.in/erp/academic_repository/uploads/YkspePcXMht6bU7u.pdf,
January-June 2026,B.Tech,2022,CIVIL ENGINEERING,CEPE-436,Hydro Power Engineering,End Sem,https://v1.nitj.ac.in/erp/academic_repository/uploads/MWxA1KzpvUbdu7f9.pdf,
January-June 2026,B.Tech,2022,CIVIL ENGINEERING,CEPE-440,Ground Improvement and Ground Engineering,Mid Sem,https://v1.nitj.ac.in/erp/academic_repository/uploads/nK3XMUtJ7O2YENsP.pdf,
January-June 2026,B.Tech,2022,CIVIL ENGINEERING,CEPE-440,Ground Improvement and Ground Engineering,End Sem,https://v1.nitj.ac.in/erp/academic_repository/uploads/gs1kWBnq9foXzdbv.pdf,
January-June 2026,B.Tech,2022,CIVIL ENGINEERING,CEPE-444,Quantitative Methods in Civil Engineering,Mid Sem,https://v1.nitj.ac.in/erp/academic_repository/uploads/4GvdytARS2795xuV.pdf,
January-June 2026,B.Tech,2022,CIVIL ENGINEERING,CEPE-444,Quantitative Methods in Civil Engineering,End Sem,https://v1.nitj.ac.in/erp/academic_repository/uploads/m6QZvW9TBxRoEsfc.pdf,
January-June 2026,B.Tech,2022,CIVIL ENGINEERING,CEPE-446,Advanced Environmental Engineering,Mid Sem,https://v1.nitj.ac.in/erp/academic_repository/uploads/wIZUEGS1iT98FYWX.pdf,
January-June 2026,B.Tech,2022,CIVIL ENGINEERING,CEPE-446,Advanced Environmental Engineering,End Sem,https://v1.nitj.ac.in/erp/academic_repository/uploads/p34Vrla0FMqWjJAh.pdf,
January-June 2026,B.Tech,2022,CIVIL ENGINEERING,CEPE-448,Advanced Civil Engineering Materials,Mid Sem,https://v1.nitj.ac.in/erp/academic_repository/uploads/5ZpUfObAksRcGWi3.pdf,
January-June 2026,B.Tech,2022,CIVIL ENGINEERING,CEPE-448,Advanced Civil Engineering Materials,End Sem,https://v1.nitj.ac.in/erp/academic_repository/uploads/bqWDKARLXQaeI8pS.pdf,
January-June 2026,B.Tech,2022,CIVIL ENGINEERING,CEPE-450,Fluvial Hydrodynamics,Mid Sem,https://v1.nitj.ac.in/erp/academic_repository/uploads/Wer610PN8S7V3nIx.pdf,
January-June 2026,B.Tech,2022,CIVIL ENGINEERING,CEPE-450,Fluvial Hydrodynamics,End Sem,https://v1.nitj.ac.in/erp/academic_repository/uploads/pXzE7YldKaMinr9C.pdf,
January-June 2026,B.Tech,2022,CIVIL ENGINEERING,CEPE-454,Highway Construction and Maintenance,Mid Sem,https://v1.nitj.ac.in/erp/academic_repository/uploads/WMN6l5R2HGAjvXZU.pdf,
January-June 2026,B.Tech,2022,CIVIL ENGINEERING,CEPE-454,Highway Construction and Maintenance,End Sem,https://v1.nitj.ac.in/erp/academic_repository/uploads/kAt6SvHqD8x3p2ig.pdf,
January-June 2026,B.Tech,2022,,PDFE0123,Chetna Club,Mid Sem,https://v1.nitj.ac.in/erp/academic_repository/uploads/vUqyFY0WuO6rd8Gp.pdf,
January-June 2026,B.Tech,2022,,PDFE0123,Chetna Club,End Sem,https://v1.nitj.ac.in/erp/academic_repository/uploads/CJEQbkK5olcIXU4g.pdf,
January-June 2026,B.Tech,2022,CHEMICAL ENGINEERING,CHOE-401,Hydrocarbon Engineering,Mid Sem,https://v1.nitj.ac.in/erp/academic_repository/uploads/ESbDJCykw8A4a1me.pdf,
January-June 2026,B.Tech,2022,CHEMICAL ENGINEERING,CHOE-401,Hydrocarbon Engineering,End Sem,https://v1.nitj.ac.in/erp/academic_repository/uploads/AwIT8UcDK0EfmPyR.pdf,
January-June 2026,B.Tech,2022,CHEMICAL ENGINEERING,CHPC-402,Modeling and Simulation,Mid Sem,https://v1.nitj.ac.in/erp/academic_repository/uploads/sIUra6lQc5AKiqOu.pdf,
January-June 2026,B.Tech,2022,CHEMICAL ENGINEERING,CHPC-402,Modeling and Simulation,End Sem,https://v1.nitj.ac.in/erp/academic_repository/uploads/wZkcgab0R2tOlomd.pdf,
January-June 2026,B.Tech,2022,CHEMICAL ENGINEERING,CHPE-456,Industrial Environmental Management,Mid Sem,https://v1.nitj.ac.in/erp/academic_repository/uploads/sv0PuNFI1TUxXgo3.pdf,
January-June 2026,B.Tech,2022,CHEMICAL ENGINEERING,CHPE-456,Industrial Environmental Management,End Sem,https://v1.nitj.ac.in/erp/academic_repository/uploads/jn84YPo1GAZigqbC.pdf,
January-June 2026,B.Tech,2022,CHEMICAL ENGINEERING,CHPE-462,Catalysis,Mid Sem,https://v1.nitj.ac.in/erp/academic_repository/uploads/QFmY3Is8eM7jp6rw.pdf,
January-June 2026,B.Tech,2022,CHEMICAL ENGINEERING,CHPE-462,Catalysis,End Sem,https://v1.nitj.ac.in/erp/academic_repository/uploads/4GP13nxXQae8ckgO.pdf,
January-June 2026,B.Tech,2022,CHEMICAL ENGINEERING,CHPE-464,Process Instrumentation and Analytical Methods,Mid Sem,https://v1.nitj.ac.in/erp/academic_repository/uploads/LUYOpBGPc9FbW43y.pdf,
January-June 2026,B.Tech,2022,CHEMICAL ENGINEERING,CHPE-464,Process Instrumentation and Analytical Methods,End Sem,https://v1.nitj.ac.in/erp/academic_repository/uploads/xX4UHoBLETDc09uZ.pdf,
January-June 2026,B.Tech,2022,CHEMICAL ENGINEERING,CHPE-465,Introduction to Colloids and Interfacial Science and Engineering,Mid Sem,https://v1.nitj.ac.in/erp/academic_repository/uploads/HKBlGpMR5TSD3VCk.pdf,
January-June 2026,B.Tech,2022,CHEMICAL ENGINEERING,CHPE-465,Introduction to Colloids and Interfacial Science and Engineering,End Sem,https://v1.nitj.ac.in/erp/academic_repository/uploads/YhWkvjPuAyteDfX1.pdf,
January-June 2026,B.Tech,2022,CHEMICAL ENGINEERING,CHPE-466,Fluidization Engineering,Mid Sem,https://v1.nitj.ac.in/erp/academic_repository/uploads/pqAeXkyfRHcbuS8G.pdf,
January-June 2026,B.Tech,2022,CHEMICAL ENGINEERING,CHPE-466,Fluidization Engineering,End Sem,https://v1.nitj.ac.in/erp/academic_repository/uploads/GTWFEeQ4BioYN0ZI.pdf,
January-June 2026,B.Tech,2022,CHEMICAL ENGINEERING,CHPE-467,Fertilizer Technology,Mid Sem,https://v1.nitj.ac.in/erp/academic_repository/uploads/szjKtkFrED3TlIpy.pdf,
January-June 2026,B.Tech,2022,CHEMICAL ENGINEERING,CHPE-467,Fertilizer Technology,End Sem,https://v1.nitj.ac.in/erp/academic_repository/uploads/vPkbM1LuZi9IGWmH.pdf,
January-June 2026,B.Tech,2022,COMPUTER SCIENCE AND ENGINEERING,CSOE-006,Soft Computing Techniques,Mid Sem,https://v1.nitj.ac.in/erp/academic_repository/uploads/T8qSBzUCwfONm15Y.pdf,
January-June 2026,B.Tech,2022,COMPUTER SCIENCE AND ENGINEERING,CSOE-006,Soft Computing Techniques,End Sem,https://v1.nitj.ac.in/erp/academic_repository/uploads/O60kG1K4nQgth5l7.pdf,
January-June 2026,B.Tech,2022,COMPUTER SCIENCE AND ENGINEERING,CSPC-402,Software Project Management,Mid Sem,https://v1.nitj.ac.in/erp/academic_repository/uploads/v8iRAUGJb1XYKjkQ.pdf,
January-June 2026,B.Tech,2022,COMPUTER SCIENCE AND ENGINEERING,CSPC-402,Software Project Management,End Sem,https://v1.nitj.ac.in/erp/academic_repository/uploads/C5vnBuJVIeFWErfp.pdf,
January-June 2026,B.Tech,2022,COMPUTER SCIENCE AND ENGINEERING,CSPE-436,Distributed System,Mid Sem,https://v1.nitj.ac.in/erp/academic_repository/uploads/fWJI0n9sd3F61h8u.pdf,
January-June 2026,B.Tech,2022,COMPUTER SCIENCE AND ENGINEERING,CSPE-436,Distributed System,End Sem,https://v1.nitj.ac.in/erp/academic_repository/uploads/b46i3GrnlZ5SQofU.pdf,
January-June 2026,B.Tech,2022,COMPUTER SCIENCE AND ENGINEERING,CSPE-444,Soft Computing,Mid Sem,https://v1.nitj.ac.in/erp/academic_repository/uploads/cBY1fi0VHDOlUsPe.pdf,
January-June 2026,B.Tech,2022,COMPUTER SCIENCE AND ENGINEERING,CSPE-444,Soft Computing,End Sem,https://v1.nitj.ac.in/erp/academic_repository/uploads/fmIthivQuSkGaXM5.pdf,
January-June 2026,B.Tech,2022,COMPUTER SCIENCE AND ENGINEERING,CSPE-452,Principles of Deep Learning,Mid Sem,https://v1.nitj.ac.in/erp/academic_repository/uploads/bW5MPy2mnFQr07aL.pdf,
January-June 2026,B.Tech,2022,COMPUTER SCIENCE AND ENGINEERING,CSPE-452,Principles of Deep Learning,End Sem,https://v1.nitj.ac.in/erp/academic_repository/uploads/PxjwychO3pdIu0C1.pdf,
January-June 2026,B.Tech,2022,ELECTRONICS AND COMMUNICATION ENGINEERING,ECOE-474,Internet of Things Architecture and Protocols,Mid Sem,https://v1.nitj.ac.in/erp/academic_repository/uploads/1xPOBDsigE08tGIV.pdf,
January-June 2026,B.Tech,2022,ELECTRONICS AND COMMUNICATION ENGINEERING,ECOE-474,Internet of Things Architecture and Protocols,End Sem,https://v1.nitj.ac.in/erp/academic_repository/uploads/N6BqlaX8YhFnsyMr.pdf,
January-June 2026,B.Tech,2022,ELECTRONICS AND COMMUNICATION ENGINEERING,ECPC-404,Microelectronics,Mid Sem,https://v1.nitj.ac.in/erp/academic_repository/uploads/B6NkfnysLE0YHlOR.pdf,
January-June 2026,B.Tech,2022,ELECTRONICS AND COMMUNICATION ENGINEERING,ECPC-404,Microelectronics,End Sem,https://v1.nitj.ac.in/erp/academic_repository/uploads/2rp9QYeyNZiWSKJT.pdf,
January-June 2026,B.Tech,2022,ELECTRONICS AND COMMUNICATION ENGINEERING,ECPE-436,Smart Antennas,Mid Sem,https://v1.nitj.ac.in/erp/academic_repository/uploads/HCFcV4Nk2thev0wz.pdf,
January-June 2026,B.Tech,2022,ELECTRONICS AND COMMUNICATION ENGINEERING,ECPE-436,Smart Antennas,End Sem,https://v1.nitj.ac.in/erp/academic_repository/uploads/Ga3g6XkNLcHiSBTF.pdf,
January-June 2026,B.Tech,2022,ELECTRONICS AND COMMUNICATION ENGINEERING,ECPE-440,Analog IC Design,Mid Sem,https://v1.nitj.ac.in/erp/academic_repository/uploads/PCMzlaXwB93G0uK8.pdf,
January-June 2026,B.Tech,2022,ELECTRONICS AND COMMUNICATION ENGINEERING,ECPE-440,Analog IC Design,End Sem,https://v1.nitj.ac.in/erp/academic_repository/uploads/xktm7Y2Ky1TWQZDV.pdf,
January-June 2026,B.Tech,2022,ELECTRONICS AND COMMUNICATION ENGINEERING,ECPE-446,Optical Communication Systems & Networks,Mid Sem,https://v1.nitj.ac.in/erp/academic_repository/uploads/WKIRqwVQMu4aFPXf.pdf,
January-June 2026,B.Tech,2022,ELECTRONICS AND COMMUNICATION ENGINEERING,ECPE-446,Optical Communication Systems & Networks,End Sem,https://v1.nitj.ac.in/erp/academic_repository/uploads/Mvacj4wbk5sXHI2E.pdf,
January-June 2026,B.Tech,2022,ELECTRONICS AND COMMUNICATION ENGINEERING,ECPE-448,Radar & Satellite Communication,Mid Sem,https://v1.nitj.ac.in/erp/academic_repository/uploads/NyEIGUml06WbjqRA.pdf,
January-June 2026,B.Tech,2022,ELECTRONICS AND COMMUNICATION ENGINEERING,ECPE-448,Radar & Satellite Communication,End Sem,https://v1.nitj.ac.in/erp/academic_repository/uploads/0o7FCrp5GZ3D8UdK.pdf,
January-June 2026,B.Tech,2022,ELECTRONICS AND COMMUNICATION ENGINEERING,ECPE-476,Gamification,Mid Sem,https://v1.nitj.ac.in/erp/academic_repository/uploads/ZjzpLwT9HJyB5Pt3.pdf,
January-June 2026,B.Tech,2022,ELECTRONICS AND COMMUNICATION ENGINEERING,ECPE-476,Gamification,End Sem,https://v1.nitj.ac.in/erp/academic_repository/uploads/qEeCJwUAftWr6jK1.pdf,
January-June 2026,B.Tech,2022,ELECTRICAL ENGINEERING,EEPC-404,Flexible AC Transmission System,Mid Sem,https://v1.nitj.ac.in/erp/academic_repository/uploads/6Y5zwGBQO791TZJb.pdf,
January-June 2026,B.Tech,2022,ELECTRICAL ENGINEERING,EEPC-404,Flexible AC Transmission System,End Sem,https://v1.nitj.ac.in/erp/academic_repository/uploads/dLoIkf3XrAlgKTpZ.pdf,
January-June 2026,B.Tech,2022,ELECTRICAL ENGINEERING,EEPE-452,Discrete Control System,Mid Sem,https://v1.nitj.ac.in/erp/academic_repository/uploads/Im1Jq4rAut9wkKg6.pdf,
January-June 2026,B.Tech,2022,ELECTRICAL ENGINEERING,EEPE-452,Discrete Control System,End Sem,https://v1.nitj.ac.in/erp/academic_repository/uploads/nR6L9tkudJ1magZw.pdf,
January-June 2026,B.Tech,2022,ELECTRICAL ENGINEERING,EEPE-454,Distributed Generation,Mid Sem,https://v1.nitj.ac.in/erp/academic_repository/uploads/4DkxHlm0ZIUePz6C.pdf,
January-June 2026,B.Tech,2022,ELECTRICAL ENGINEERING,EEPE-454,Distributed Generation,End Sem,https://v1.nitj.ac.in/erp/academic_repository/uploads/xw81t9hP5gnIyLZN.pdf,
January-June 2026,B.Tech,2022,ELECTRICAL ENGINEERING,EEPE-460,Electrical Machine Design,Mid Sem,https://v1.nitj.ac.in/erp/academic_repository/uploads/swf6TM3XYlcy1RkA.pdf,
January-June 2026,B.Tech,2022,ELECTRICAL ENGINEERING,EEPE-460,Electrical Machine Design,End Sem,https://v1.nitj.ac.in/erp/academic_repository/uploads/wR74ChAJ8qMofP0X.pdf,
January-June 2026,B.Tech,2022,HUMANITIES AND MANAGEMENT (Open Elective),HMOE-422,Financial Management,Mid Sem,https://v1.nitj.ac.in/erp/academic_repository/uploads/LRKAjsDCwnqN6fxT.pdf,
January-June 2026,B.Tech,2022,HUMANITIES AND MANAGEMENT (Open Elective),HMOE-422,Financial Management,End Sem,https://v1.nitj.ac.in/erp/academic_repository/uploads/3GrjtUkxiZBsgL1P.pdf,
January-June 2026,B.Tech,2022,INSTRUMENTATION AND CONTROL ENGINEERING,ICPC-402,Advanced Process Control,Mid Sem,https://v1.nitj.ac.in/erp/academic_repository/uploads/5tT28XnAMNy4eGf3.pdf,
January-June 2026,B.Tech,2022,INSTRUMENTATION AND CONTROL ENGINEERING,ICPC-402,Advanced Process Control,End Sem,https://v1.nitj.ac.in/erp/academic_repository/uploads/esV45Xa3UnYz2TM8.pdf,
January-June 2026,B.Tech,2022,INSTRUMENTATION AND CONTROL ENGINEERING,ICPE-456,Soft Computing,Mid Sem,https://v1.nitj.ac.in/erp/academic_repository/uploads/KNXVwMg9crY1qx5G.pdf,
January-June 2026,B.Tech,2022,INSTRUMENTATION AND CONTROL ENGINEERING,ICPE-456,Soft Computing,End Sem,https://v1.nitj.ac.in/erp/academic_repository/uploads/8ZVMc47HmLXn39aG.pdf,
January-June 2026,B.Tech,2022,INSTRUMENTATION AND CONTROL ENGINEERING,ICPE-457,Optimization Techniques,Mid Sem,https://v1.nitj.ac.in/erp/academic_repository/uploads/XqkoiIEVKQwPLF1b.pdf,
January-June 2026,B.Tech,2022,INSTRUMENTATION AND CONTROL ENGINEERING,ICPE-457,Optimization Techniques,End Sem,https://v1.nitj.ac.in/erp/academic_repository/uploads/i5Em8kGzICPTxK3y.pdf,
January-June 2026,B.Tech,2022,INSTRUMENTATION AND CONTROL ENGINEERING,ICPE-458,Advanced Sensors,Mid Sem,https://v1.nitj.ac.in/erp/academic_repository/uploads/nydD7XcVlKgrIhzH.pdf,
January-June 2026,B.Tech,2022,INSTRUMENTATION AND CONTROL ENGINEERING,ICPE-458,Advanced Sensors,End Sem,https://v1.nitj.ac.in/erp/academic_repository/uploads/tSGEJXin9NWfr4oA.pdf,
January-June 2026,B.Tech,2022,INSTRUMENTATION AND CONTROL ENGINEERING,ICPE-459,Digital Image Processing,Mid Sem,https://v1.nitj.ac.in/erp/academic_repository/uploads/lfdnij7U81vsG0mO.pdf,
January-June 2026,B.Tech,2022,INSTRUMENTATION AND CONTROL ENGINEERING,ICPE-459,Digital Image Processing,End Sem,https://v1.nitj.ac.in/erp/academic_repository/uploads/6GJ1gTzZBCEHpieK.pdf,
January-June 2026,B.Tech,2022,INSTRUMENTATION AND CONTROL ENGINEERING,ICPE-460,Operation Research,Mid Sem,https://v1.nitj.ac.in/erp/academic_repository/uploads/EmDqx0VAdMOZctRI.pdf,
January-June 2026,B.Tech,2022,INSTRUMENTATION AND CONTROL ENGINEERING,ICPE-460,Operation Research,End Sem,https://v1.nitj.ac.in/erp/academic_repository/uploads/k7ZUiQWF0Ttmd6e2.pdf,
January-June 2026,B.Tech,2022,INSTRUMENTATION AND CONTROL ENGINEERING,ICPE-461,Instrumentation System Design,Mid Sem,https://v1.nitj.ac.in/erp/academic_repository/uploads/TahpDcFuvYioP9mV.pdf,
January-June 2026,B.Tech,2022,INSTRUMENTATION AND CONTROL ENGINEERING,ICPE-461,Instrumentation System Design,End Sem,https://v1.nitj.ac.in/erp/academic_repository/uploads/ZY4ViJsNPIkTXxQb.pdf,
January-June 2026,B.Tech,2022,INDUSTRIAL AND PRODUCTION ENGINEERING,IPOE-422,Operations Research,Mid Sem,https://v1.nitj.ac.in/erp/academic_repository/uploads/az7OS86T3CjVBybe.pdf,
January-June 2026,B.Tech,2022,INDUSTRIAL AND PRODUCTION ENGINEERING,IPOE-422,Operations Research,End Sem,https://v1.nitj.ac.in/erp/academic_repository/uploads/uFTtls2cxZ4R8zSW.pdf,
January-June 2026,B.Tech,2022,INDUSTRIAL AND PRODUCTION ENGINEERING,IPPC-402,Project Management,Mid Sem,https://v1.nitj.ac.in/erp/academic_repository/uploads/C7daQfy6MRBNzFrL.pdf,
January-June 2026,B.Tech,2022,INDUSTRIAL AND PRODUCTION ENGINEERING,IPPC-402,Project Management,End Sem,https://v1.nitj.ac.in/erp/academic_repository/uploads/PMGn9ADc4QC7jX61.pdf,
January-June 2026,B.Tech,2022,INDUSTRIAL AND PRODUCTION ENGINEERING,IPPE-432,Maintenance and Reliability Engineering,Mid Sem,https://v1.nitj.ac.in/erp/academic_repository/uploads/8zp6uIe4OigMnFbK.pdf,
January-June 2026,B.Tech,2022,INDUSTRIAL AND PRODUCTION ENGINEERING,IPPE-432,Maintenance and Reliability Engineering,End Sem,https://v1.nitj.ac.in/erp/academic_repository/uploads/kDzAL95vYboGaIdi.pdf,
January-June 2026,B.Tech,2022,INDUSTRIAL AND PRODUCTION ENGINEERING,IPPE-456,Total Quality Management,Mid Sem,https://v1.nitj.ac.in/erp/academic_repository/uploads/9GhvBKVdMw8r5HFq.pdf,
January-June 2026,B.Tech,2022,INDUSTRIAL AND PRODUCTION ENGINEERING,IPPE-456,Total Quality Management,End Sem,https://v1.nitj.ac.in/erp/academic_repository/uploads/4qHF56dLiNaUT1jg.pdf,
January-June 2026,B.Tech,2022,INDUSTRIAL AND PRODUCTION ENGINEERING,IPPE-461,"Lean, Six-Sigma and Theory of Constraints",Mid Sem,https://v1.nitj.ac.in/erp/academic_repository/uploads/Cj6kLow74M8ycFg5.pdf,
January-June 2026,B.Tech,2022,INDUSTRIAL AND PRODUCTION ENGINEERING,IPPE-461,"Lean, Six-Sigma and Theory of Constraints",End Sem,https://v1.nitj.ac.in/erp/academic_repository/uploads/9MzZ0EPTH5KDS1u3.pdf,
January-June 2026,B.Tech,2022,INFORMATION TECHNOLOGY,ITPC-402,Decision Support Systems Methodology,Mid Sem,https://v1.nitj.ac.in/erp/academic_repository/uploads/pw4BtzF1lEcGW6vf.pdf,
January-June 2026,B.Tech,2022,INFORMATION TECHNOLOGY,ITPC-402,Decision Support Systems Methodology,End Sem,https://v1.nitj.ac.in/erp/academic_repository/uploads/ip0OVyWbo2lzvUag.pdf,
January-June 2026,B.Tech,2022,INFORMATION TECHNOLOGY,ITPE-051,Advance Concepts in Operating System,Mid Sem,https://v1.nitj.ac.in/erp/academic_repository/uploads/EyeDcIBqYFHC647w.pdf,
January-June 2026,B.Tech,2022,INFORMATION TECHNOLOGY,ITPE-051,Advance Concepts in Operating System,End Sem,https://v1.nitj.ac.in/erp/academic_repository/uploads/Zu4ySI5lFdrKU1Hc.pdf,
January-June 2026,B.Tech,2022,INFORMATION TECHNOLOGY,ITPE-055,Software Project Management Concepts,Mid Sem,https://v1.nitj.ac.in/erp/academic_repository/uploads/vPqyfukz4QKnjEBL.pdf,
January-June 2026,B.Tech,2022,INFORMATION TECHNOLOGY,ITPE-055,Software Project Management Concepts,End Sem,https://v1.nitj.ac.in/erp/academic_repository/uploads/iqQ1ftJbDFUovdhl.pdf,
January-June 2026,B.Tech,2022,INFORMATION TECHNOLOGY,ITPE-056,Agile Software Development,Mid Sem,https://v1.nitj.ac.in/erp/academic_repository/uploads/ZUfdAEzxvqoWDY4G.pdf,
January-June 2026,B.Tech,2022,INFORMATION TECHNOLOGY,ITPE-056,Agile Software Development,End Sem,https://v1.nitj.ac.in/erp/academic_repository/uploads/6KBHIXp7dNlETYA1.pdf,
January-June 2026,B.Tech,2022,MECHANICAL ENGINEERING,MEPE-402,Combustion Generated Pollution and Control,Mid Sem,https://v1.nitj.ac.in/erp/academic_repository/uploads/FUDsfw38VaQEpZgP.pdf,
January-June 2026,B.Tech,2022,MECHANICAL ENGINEERING,MEPE-402,Combustion Generated Pollution and Control,End Sem,https://v1.nitj.ac.in/erp/academic_repository/uploads/Mi3KWUEawdtjY1IJ.pdf,
January-June 2026,B.Tech,2022,MECHANICAL ENGINEERING,MEPE-407,Energy Management,Mid Sem,https://v1.nitj.ac.in/erp/academic_repository/uploads/wD6o3CIPyURQJAWZ.pdf,
January-June 2026,B.Tech,2022,MECHANICAL ENGINEERING,MEPE-407,Energy Management,End Sem,https://v1.nitj.ac.in/erp/academic_repository/uploads/3RD1zbpOhwvZ0dLe.pdf,
January-June 2026,B.Tech,2022,MECHANICAL ENGINEERING,MEPE-410,Introduction to Finite Element Methods,Mid Sem,https://v1.nitj.ac.in/erp/academic_repository/uploads/y234ZDgRmG89oQcV.pdf,
January-June 2026,B.Tech,2022,MECHANICAL ENGINEERING,MEPE-410,Introduction to Finite Element Methods,End Sem,https://v1.nitj.ac.in/erp/academic_repository/uploads/2GLvmfMXSiAkH103.pdf,
January-June 2026,B.Tech,2022,MECHANICAL ENGINEERING,MEPE-418,Next Generation Automotive Mobility Engineering,Mid Sem,https://v1.nitj.ac.in/erp/academic_repository/uploads/jMCe6yO14DwH5Eto.pdf,
January-June 2026,B.Tech,2022,MECHANICAL ENGINEERING,MEPE-418,Next Generation Automotive Mobility Engineering,End Sem,https://v1.nitj.ac.in/erp/academic_repository/uploads/kaQHzXD8ecLlUifh.pdf,
January-June 2026,B.Tech,2022,MECHANICAL ENGINEERING,MEPE-423,Robotics: Mechanics and Control,Mid Sem,https://v1.nitj.ac.in/erp/academic_repository/uploads/NiJz40v1XImBxrEe.pdf,
January-June 2026,B.Tech,2022,MECHANICAL ENGINEERING,MEPE-423,Robotics: Mechanics and Control,End Sem,https://v1.nitj.ac.in/erp/academic_repository/uploads/Yin4AO5T93s2Hmu7.pdf,
January-June 2026,B.Tech,2022,MECHANICAL ENGINEERING,MEPE-431,Welding and Allied Processes,Mid Sem,https://v1.nitj.ac.in/erp/academic_repository/uploads/DjzSHCpTeGrb82NM.pdf,
January-June 2026,B.Tech,2022,MECHANICAL ENGINEERING,MEPE-431,Welding and Allied Processes,End Sem,https://v1.nitj.ac.in/erp/academic_repository/uploads/Ls8BHcviz06yS5Ol.pdf,
January-June 2026,B.Tech,2022,MECHANICAL ENGINEERING,MEPE-432,Refrigeration Systems and Components Design,Mid Sem,https://v1.nitj.ac.in/erp/academic_repository/uploads/xh9yazYRTt27mHOJ.pdf,
January-June 2026,B.Tech,2022,MECHANICAL ENGINEERING,MEPE-432,Refrigeration Systems and Components Design,End Sem,https://v1.nitj.ac.in/erp/academic_repository/uploads/dJO2oMxRE1hYfyi4.pdf,
January-June 2026,B.Tech,2022,MECHANICAL ENGINEERING,MEPE-433,Integrated Energy Systems,Mid Sem,https://v1.nitj.ac.in/erp/academic_repository/uploads/1nHgeGIvpxQY4NLo.pdf,
January-June 2026,B.Tech,2022,MECHANICAL ENGINEERING,MEPE-433,Integrated Energy Systems,End Sem,https://v1.nitj.ac.in/erp/academic_repository/uploads/WpfJmPwz4g1ixNQV.pdf,
January-June 2026,B.Tech,2022,MECHANICAL ENGINEERING,MEPE-443,Multi-Phase Flow and Heat Transfer,Mid Sem,https://v1.nitj.ac.in/erp/academic_repository/uploads/QclYt5hdFAVvHyTb.pdf,
January-June 2026,B.Tech,2022,MECHANICAL ENGINEERING,MEPE-443,Multi-Phase Flow and Heat Transfer,End Sem,https://v1.nitj.ac.in/erp/academic_repository/uploads/7davszlNC8RwYSXO.pdf,
January-June 2026,B.Tech,2022,TEXTILE TECHNOLOGY,TTPC-402,Technical Textiles,Mid Sem,https://v1.nitj.ac.in/erp/academic_repository/uploads/orKvjfkcdO0MGC12.pdf,
January-June 2026,B.Tech,2022,TEXTILE TECHNOLOGY,TTPC-402,Technical Textiles,End Sem,https://v1.nitj.ac.in/erp/academic_repository/uploads/CDWtZkwNjvL2X3J0.pdf,
January-June 2026,B.Tech,2022,TEXTILE TECHNOLOGY,TTPE-421,Characterization of Fibre and Polymers,Mid Sem,https://v1.nitj.ac.in/erp/academic_repository/uploads/nqXFCSAwrHGPzy8D.pdf,
January-June 2026,B.Tech,2022,TEXTILE TECHNOLOGY,TTPE-421,Characterization of Fibre and Polymers,End Sem,https://v1.nitj.ac.in/erp/academic_repository/uploads/Fa9GNqmDhjERUSPY.pdf,
January-June 2026,B.Tech,2022,TEXTILE TECHNOLOGY,TTPE-425,Apparel Marketing and Merchandising,Mid Sem,https://v1.nitj.ac.in/erp/academic_repository/uploads/0V4gkE9yMfveBSd3.pdf,
January-June 2026,B.Tech,2022,TEXTILE TECHNOLOGY,TTPE-425,Apparel Marketing and Merchandising,End Sem,https://v1.nitj.ac.in/erp/academic_repository/uploads/bWtLc4FuR7hmqik3.pdf,
January-June 2026,B.Tech,2022,TEXTILE TECHNOLOGY,TTPE-427,Textile Process Simulation and Modeling,Mid Sem,https://v1.nitj.ac.in/erp/academic_repository/uploads/nZ6roQXPtEx7Dmv3.pdf,
January-June 2026,B.Tech,2022,TEXTILE TECHNOLOGY,TTPE-427,Textile Process Simulation and Modeling,End Sem,https://v1.nitj.ac.in/erp/academic_repository/uploads/PW1DdTbZXj2Hi74s.pdf,
January-June 2026,B.Tech,2022,TEXTILE TECHNOLOGY,TTPE-430,Quality Control in Chemical Processing,Mid Sem,https://v1.nitj.ac.in/erp/academic_repository/uploads/G0sJTWcNb7enEwpP.pdf,
January-June 2026,B.Tech,2022,TEXTILE TECHNOLOGY,TTPE-430,Quality Control in Chemical Processing,End Sem,https://v1.nitj.ac.in/erp/academic_repository/uploads/HdBYEFX6NjACgqQ3.pdf,
January-June 2026,B.Tech,2022,TEXTILE TECHNOLOGY,TTPE-435,Advances in Knitting Technology,Mid Sem,https://v1.nitj.ac.in/erp/academic_repository/uploads/U7aMmg8CZrSePtb3.pdf,
January-June 2026,B.Tech,2022,TEXTILE TECHNOLOGY,TTPE-435,Advances in Knitting Technology,End Sem,https://v1.nitj.ac.in/erp/academic_repository/uploads/uYrWIcJEpgKGyTPS.pdf,
January-June 2026,B.Tech,2022,TEXTILE TECHNOLOGY,TTPE-437,Bioprocessing of Textiles,Mid Sem,https://v1.nitj.ac.in/erp/academic_repository/uploads/qRilmgeWQfGnJ8Xv.pdf,
January-June 2026,B.Tech,2022,TEXTILE TECHNOLOGY,TTPE-437,Bioprocessing of Textiles,End Sem,https://v1.nitj.ac.in/erp/academic_repository/uploads/T3x9mWZeuIpUlFkr.pdf,
January-June 2026,B.Tech (Minor),2024,,AIMI0202,Foundations and Concepts of Deep Learning,Mid Sem,https://v1.nitj.ac.in/erp/academic_repository/uploads/eU2Dc7JuGfxBdM0j.pdf,
January-June 2026,B.Tech (Minor),2024,,AIMI0202,Foundations and Concepts of Deep Learning,End Sem,https://v1.nitj.ac.in/erp/academic_repository/uploads/VAcRy2DzhbfpNJse.pdf,
January-June 2026,B.Tech (Minor),2024,COMPUTER SCIENCE AND ENGINEERING,CSMI0202,Relational Database Management System,Mid Sem,https://v1.nitj.ac.in/erp/academic_repository/uploads/6sECB87cm0fNWUMV.pdf,
January-June 2026,B.Tech (Minor),2024,COMPUTER SCIENCE AND ENGINEERING,CSMI0202,Relational Database Management System,End Sem,https://v1.nitj.ac.in/erp/academic_repository/uploads/fu4gRaOwIF7JE3kD.pdf,
January-June 2026,B.Tech (Minor),2024,,UASMI202,Unmanned Aerial Systems Design and Operations,Mid Sem,https://v1.nitj.ac.in/erp/academic_repository/uploads/3DCuwSFamrKIMNLn.pdf,
January-June 2026,B.Tech (Minor),2024,,UASMI202,Unmanned Aerial Systems Design and Operations,End Sem,https://v1.nitj.ac.in/erp/academic_repository/uploads/AHMLCp45JVPU2DEY.pdf,
January-June 2026,B.Tech (Minor),2023,COMPUTER SCIENCE AND ENGINEERING,CSMI0302,Operating System and Networking Essentials,Mid Sem,https://v1.nitj.ac.in/erp/academic_repository/uploads/Vf1Jd9hK5k6GrpLI.pdf,
January-June 2026,B.Tech (Minor),2023,COMPUTER SCIENCE AND ENGINEERING,CSMI0302,Operating System and Networking Essentials,End Sem,https://v1.nitj.ac.in/erp/academic_repository/uploads/mcOiyWajZdLnN9tk.pdf,
January-June 2026,B.Tech (Minor),2022,COMPUTER SCIENCE AND ENGINEERING,CSMI-402,Data Analytics,Mid Sem,https://v1.nitj.ac.in/erp/academic_repository/uploads/Q36H58epPWb10NCY.pdf,
January-June 2026,B.Tech (Minor),2022,COMPUTER SCIENCE AND ENGINEERING,CSMI-402,Data Analytics,End Sem,https://v1.nitj.ac.in/erp/academic_repository/uploads/JPndL7byBMHZCuYI.pdf,
January-June 2026,M.Sc.,2025,CHEMISTRY,CY-502,Quantum Chemistry,Mid Sem,https://v1.nitj.ac.in/erp/academic_repository/uploads/f7tR3Pa4KSNXUd0A.pdf,
January-June 2026,M.Sc.,2025,CHEMISTRY,CY-502,Quantum Chemistry,End Sem,https://v1.nitj.ac.in/erp/academic_repository/uploads/7le3rR5Vnkx6BQCS.pdf,
January-June 2026,M.Sc.,2025,CHEMISTRY,CY-504,Pharmaceutical Chemistry,Mid Sem,https://v1.nitj.ac.in/erp/academic_repository/uploads/kKRjVX90vq5D8WoO.pdf,
January-June 2026,M.Sc.,2025,CHEMISTRY,CY-504,Pharmaceutical Chemistry,End Sem,https://v1.nitj.ac.in/erp/academic_repository/uploads/aEm2nzHV4j9WLdbu.pdf,
January-June 2026,M.Sc.,2025,CHEMISTRY,CY-506,"Surface Chemistry, Adsorption and Catalysis",Mid Sem,https://v1.nitj.ac.in/erp/academic_repository/uploads/HfdOKAYrC742klTy.pdf,
January-June 2026,M.Sc.,2025,CHEMISTRY,CY-506,"Surface Chemistry, Adsorption and Catalysis",End Sem,https://v1.nitj.ac.in/erp/academic_repository/uploads/Ai9c1HZUquG62woz.pdf,
January-June 2026,M.Sc.,2025,CHEMISTRY,CY-508,Principles of Organic Synthesis,Mid Sem,https://v1.nitj.ac.in/erp/academic_repository/uploads/xkJhZr7yD6uXs5WE.pdf,
January-June 2026,M.Sc.,2025,CHEMISTRY,CY-508,Principles of Organic Synthesis,End Sem,https://v1.nitj.ac.in/erp/academic_repository/uploads/I3zqvxwaYDbOhKF0.pdf,
January-June 2026,M.Sc.,2025,CHEMISTRY,CY-510,Symmetry and Group Theory,Mid Sem,https://v1.nitj.ac.in/erp/academic_repository/uploads/lSRyKumNwzVPLrbo.pdf,
January-June 2026,M.Sc.,2025,CHEMISTRY,CY-510,Symmetry and Group Theory,End Sem,https://v1.nitj.ac.in/erp/academic_repository/uploads/mSWMijKshXG2DOIP.pdf,
January-June 2026,M.Sc.,2025,CHEMISTRY,CY-512,Molecular Spectroscopy,Mid Sem,https://v1.nitj.ac.in/erp/academic_repository/uploads/GLVX2SOUFMeZnrqa.pdf,
January-June 2026,M.Sc.,2025,CHEMISTRY,CY-512,Molecular Spectroscopy,End Sem,https://v1.nitj.ac.in/erp/academic_repository/uploads/40JaKmVAZXPWUux2.pdf,
January-June 2026,M.Sc.,2025,MATHEMATICS,MA-502,Topology,Mid Sem,https://v1.nitj.ac.in/erp/academic_repository/uploads/SVuBJdQPUlOo7WX3.pdf,
January-June 2026,M.Sc.,2025,MATHEMATICS,MA-502,Topology,End Sem,https://v1.nitj.ac.in/erp/academic_repository/uploads/cCLxkiUTjeA4tV5I.pdf,
January-June 2026,M.Sc.,2025,MATHEMATICS,MA-504,Mathematical Statistics,Mid Sem,https://v1.nitj.ac.in/erp/academic_repository/uploads/t8OaKzsQchw3ZNk7.pdf,
January-June 2026,M.Sc.,2025,MATHEMATICS,MA-504,Mathematical Statistics,End Sem,https://v1.nitj.ac.in/erp/academic_repository/uploads/KIUqRe5iCf0a3Nud.pdf,
January-June 2026,M.Sc.,2025,MATHEMATICS,MA-506,Numerical Analysis,Mid Sem,https://v1.nitj.ac.in/erp/academic_repository/uploads/LZt8EpwqVcTAo0SN.pdf,
January-June 2026,M.Sc.,2025,MATHEMATICS,MA-506,Numerical Analysis,End Sem,https://v1.nitj.ac.in/erp/academic_repository/uploads/J5xIOjHB8z2pqrl3.pdf,
January-June 2026,M.Sc.,2025,MATHEMATICS,MA-508,Opeations Research-I,Mid Sem,https://v1.nitj.ac.in/erp/academic_repository/uploads/XLfCPIa2rEF3kTg6.pdf,
January-June 2026,M.Sc.,2025,MATHEMATICS,MA-508,Opeations Research-I,End Sem,https://v1.nitj.ac.in/erp/academic_repository/uploads/MHwTniAg5heQGsa8.pdf,
January-June 2026,M.Sc.,2025,MATHEMATICS,MA-510,Complex Analysis,Mid Sem,https://v1.nitj.ac.in/erp/academic_repository/uploads/Iky5nWqdoRtZgSl9.pdf,
January-June 2026,M.Sc.,2025,MATHEMATICS,MA-510,Complex Analysis,End Sem,https://v1.nitj.ac.in/erp/academic_repository/uploads/aC6prBKm37wfF1kZ.pdf,
January-June 2026,M.Sc.,2025,PHYSICS,PH-502,Quantum Mechanics-I,Mid Sem,https://v1.nitj.ac.in/erp/academic_repository/uploads/Xgyx4UeHpP5CLo1Y.pdf,
January-June 2026,M.Sc.,2025,PHYSICS,PH-502,Quantum Mechanics-I,End Sem,https://v1.nitj.ac.in/erp/academic_repository/uploads/fePKByzdGX9MI4Tr.pdf,
January-June 2026,M.Sc.,2025,PHYSICS,PH-504,Solid State Physics-I,Mid Sem,https://v1.nitj.ac.in/erp/academic_repository/uploads/b9FGe3cygmEl8tkU.pdf,
January-June 2026,M.Sc.,2025,PHYSICS,PH-504,Solid State Physics-I,End Sem,https://v1.nitj.ac.in/erp/academic_repository/uploads/dUpJGrBmS0nxk5NZ.pdf,
January-June 2026,M.Sc.,2025,PHYSICS,PH-506,Statistical Physics,Mid Sem,https://v1.nitj.ac.in/erp/academic_repository/uploads/RYB9DT4ruZjeNKEF.pdf,
January-June 2026,M.Sc.,2025,PHYSICS,PH-506,Statistical Physics,End Sem,https://v1.nitj.ac.in/erp/academic_repository/uploads/r2ysKcQ75hjuxWIJ.pdf,
January-June 2026,M.Sc.,2025,PHYSICS,PH-508,Electrodynamics,Mid Sem,https://v1.nitj.ac.in/erp/academic_repository/uploads/RyD8O0u71lY4PZEr.pdf,
January-June 2026,M.Sc.,2025,PHYSICS,PH-508,Electrodynamics,End Sem,https://v1.nitj.ac.in/erp/academic_repository/uploads/ptSO5FuARflYDqGx.pdf,
January-June 2026,M.Sc.,2025,PHYSICS,PH-526,Nuclear Instrumentation,Mid Sem,https://v1.nitj.ac.in/erp/academic_repository/uploads/cpgBRnfMKDVjtoQi.pdf,
January-June 2026,M.Sc.,2025,PHYSICS,PH-526,Nuclear Instrumentation,End Sem,https://v1.nitj.ac.in/erp/academic_repository/uploads/AjIyvOhuomHPZDsQ.pdf,
January-June 2026,M.Sc.,2025,PHYSICS,PH-528,Nanostructured Materials,Mid Sem,https://v1.nitj.ac.in/erp/academic_repository/uploads/l8T1vJC0VENf5Rub.pdf,
January-June 2026,M.Sc.,2025,PHYSICS,PH-528,Nanostructured Materials,End Sem,https://v1.nitj.ac.in/erp/academic_repository/uploads/RVNr3oSqQyMunh5f.pdf,
January-June 2026,M.Sc.,2024,CHEMISTRY,CY-518,Frontiers in Physical Chemistry,Mid Sem,https://v1.nitj.ac.in/erp/academic_repository/uploads/HMTKS8knmlghPy57.pdf,
January-June 2026,M.Sc.,2024,CHEMISTRY,CY-518,Frontiers in Physical Chemistry,End Sem,https://v1.nitj.ac.in/erp/academic_repository/uploads/oBnYTfzyHaZkjre8.pdf,
January-June 2026,M.Sc.,2024,CHEMISTRY,CY-520,Interdisciplinary Topics in Chemistry,Mid Sem,https://v1.nitj.ac.in/erp/academic_repository/uploads/KOSXAQjhUMNxIBrb.pdf,
January-June 2026,M.Sc.,2024,CHEMISTRY,CY-520,Interdisciplinary Topics in Chemistry,End Sem,https://v1.nitj.ac.in/erp/academic_repository/uploads/jBoqrAtGkUv6ZN4J.pdf,
January-June 2026,M.Sc.,2024,CHEMISTRY,CY-522,Frontiers in Organic Chemistry,Mid Sem,https://v1.nitj.ac.in/erp/academic_repository/uploads/RPMm3XauQBdyGfUS.pdf,
January-June 2026,M.Sc.,2024,CHEMISTRY,CY-522,Frontiers in Organic Chemistry,End Sem,https://v1.nitj.ac.in/erp/academic_repository/uploads/qkyrhaf3J07ow2Kj.pdf,
January-June 2026,M.Sc.,2024,CHEMISTRY,CY-525,Bioinorganic Chemistry,Mid Sem,https://v1.nitj.ac.in/erp/academic_repository/uploads/ih72rNzHeZYyjV8F.pdf,
January-June 2026,M.Sc.,2024,CHEMISTRY,CY-525,Bioinorganic Chemistry,End Sem,https://v1.nitj.ac.in/erp/academic_repository/uploads/jlFrvbG5u2BEDHZo.pdf,
January-June 2026,M.Sc.,2024,CHEMISTRY,CY-527,Advanced Inorganic Chemistry II,Mid Sem,https://v1.nitj.ac.in/erp/academic_repository/uploads/lq92jMtFihQOkbHc.pdf,
January-June 2026,M.Sc.,2024,CHEMISTRY,CY-527,Advanced Inorganic Chemistry II,End Sem,https://v1.nitj.ac.in/erp/academic_repository/uploads/hWt2NDVg91qroGHA.pdf,
January-June 2026,M.Sc.,2024,MATHEMATICS,MA-514,Differential Geometry,Mid Sem,https://v1.nitj.ac.in/erp/academic_repository/uploads/2sZ0ODoBPaCRYVEp.pdf,
January-June 2026,M.Sc.,2024,MATHEMATICS,MA-514,Differential Geometry,End Sem,https://v1.nitj.ac.in/erp/academic_repository/uploads/RBFa9MGpfmK4sirA.pdf,
January-June 2026,M.Sc.,2024,MATHEMATICS,MA-516,Real Analysis-II,Mid Sem,https://v1.nitj.ac.in/erp/academic_repository/uploads/apYywOJN1smSM0jF.pdf,
January-June 2026,M.Sc.,2024,MATHEMATICS,MA-516,Real Analysis-II,End Sem,https://v1.nitj.ac.in/erp/academic_repository/uploads/jTXoW6ikYcFVHJD1.pdf,
January-June 2026,M.Sc.,2024,MATHEMATICS,MA-517,Mathematical Methods,Mid Sem,https://v1.nitj.ac.in/erp/academic_repository/uploads/GeVuzsjZ3OKN2MvF.pdf,
January-June 2026,M.Sc.,2024,MATHEMATICS,MA-517,Mathematical Methods,End Sem,https://v1.nitj.ac.in/erp/academic_repository/uploads/egayE9nNp4MZswBv.pdf,
January-June 2026,M.Sc.,2024,MATHEMATICS,MA-528,Finite Element Method for Partial Differential Equations,Mid Sem,https://v1.nitj.ac.in/erp/academic_repository/uploads/Lh5kqsBQrE9SGDAd.pdf,
January-June 2026,M.Sc.,2024,MATHEMATICS,MA-528,Finite Element Method for Partial Differential Equations,End Sem,https://v1.nitj.ac.in/erp/academic_repository/uploads/qPhNs69GoifbM0p4.pdf,
January-June 2026,M.Sc.,2024,PHYSICS,PH-510,Particle Physics,Mid Sem,https://v1.nitj.ac.in/erp/academic_repository/uploads/DZRjQIv2HXzaSpOt.pdf,
January-June 2026,M.Sc.,2024,PHYSICS,PH-510,Particle Physics,End Sem,https://v1.nitj.ac.in/erp/academic_repository/uploads/NbonZi3c1deFC8ST.pdf,
January-June 2026,M.Sc.,2024,PHYSICS,PH-512,Atomic and Molecular Spectroscopy,Mid Sem,https://v1.nitj.ac.in/erp/academic_repository/uploads/8maRc2LVrIvFlGOk.pdf,
January-June 2026,M.Sc.,2024,PHYSICS,PH-512,Atomic and Molecular Spectroscopy,End Sem,https://v1.nitj.ac.in/erp/academic_repository/uploads/Ra5fj34shFe6gYCD.pdf,
January-June 2026,M.Sc.,2024,PHYSICS,PH-542,Nuclear Accelerator and Radiation Physics,Mid Sem,https://v1.nitj.ac.in/erp/academic_repository/uploads/ZsNLhlDPH7RqjBK5.pdf,
January-June 2026,M.Sc.,2024,PHYSICS,PH-542,Nuclear Accelerator and Radiation Physics,End Sem,https://v1.nitj.ac.in/erp/academic_repository/uploads/L4RnSCu7T1ebi9sE.pdf,
January-June 2026,M.Sc.,2024,PHYSICS,PH-548,Quantum Field Theory,Mid Sem,https://v1.nitj.ac.in/erp/academic_repository/uploads/jmQsdKCuPavxA9t8.pdf,
January-June 2026,M.Sc.,2024,PHYSICS,PH-548,Quantum Field Theory,End Sem,https://v1.nitj.ac.in/erp/academic_repository/uploads/KLs9lT2qUc8ndDFg.pdf,
January-June 2026,M.Tech,2025,ARTIFICIAL INTELLIGENCE,AI-502,Computer Vision and Natural Language Processing,Mid Sem,https://v1.nitj.ac.in/erp/academic_repository/uploads/xE9vkPLlgArMZaJp.pdf,
January-June 2026,M.Tech,2025,ARTIFICIAL INTELLIGENCE,AI-502,Computer Vision and Natural Language Processing,End Sem,https://v1.nitj.ac.in/erp/academic_repository/uploads/JPrMH3UsSOkRAeca.pdf,
January-June 2026,M.Tech,2025,ARTIFICIAL INTELLIGENCE,AI-504,Foundations of Deep Learning,Mid Sem,https://v1.nitj.ac.in/erp/academic_repository/uploads/y1WXIcj0bUiQ69dE.pdf,
January-June 2026,M.Tech,2025,ARTIFICIAL INTELLIGENCE,AI-504,Foundations of Deep Learning,End Sem,https://v1.nitj.ac.in/erp/academic_repository/uploads/zn8C3swMEqOQj7mh.pdf,
January-June 2026,M.Tech,2025,ARTIFICIAL INTELLIGENCE,AI-506,Concurrent Programming,Mid Sem,https://v1.nitj.ac.in/erp/academic_repository/uploads/DmVO8rxHdJLpT6QY.pdf,
January-June 2026,M.Tech,2025,ARTIFICIAL INTELLIGENCE,AI-506,Concurrent Programming,End Sem,https://v1.nitj.ac.in/erp/academic_repository/uploads/NwQ4qairDtl3uTmA.pdf,
January-June 2026,M.Tech,2025,ARTIFICIAL INTELLIGENCE,AI-508,Reinforcement Learning,Mid Sem,https://v1.nitj.ac.in/erp/academic_repository/uploads/WqPwUTxXQH0lb8Os.pdf,
January-June 2026,M.Tech,2025,ARTIFICIAL INTELLIGENCE,AI-508,Reinforcement Learning,End Sem,https://v1.nitj.ac.in/erp/academic_repository/uploads/AJUIQXomYZnS4O0k.pdf,
January-June 2026,M.Tech,2025,ARTIFICIAL INTELLIGENCE,AI-612,Advanced AI for Unstructured Data and Strategic Analytics,Mid Sem,https://v1.nitj.ac.in/erp/academic_repository/uploads/mB2PaF8VGnRKN6Cq.pdf,
January-June 2026,M.Tech,2025,ARTIFICIAL INTELLIGENCE,AI-612,Advanced AI for Unstructured Data and Strategic Analytics,End Sem,https://v1.nitj.ac.in/erp/academic_repository/uploads/XdvYToamkbyC8JNi.pdf,
January-June 2026,M.Tech,2025,ARTIFICIAL INTELLIGENCE,AI-614,Advanced Data Engineering for AI System,Mid Sem,https://v1.nitj.ac.in/erp/academic_repository/uploads/enjcLI4EG19ludOz.pdf,
January-June 2026,M.Tech,2025,ARTIFICIAL INTELLIGENCE,AI-614,Advanced Data Engineering for AI System,End Sem,https://v1.nitj.ac.in/erp/academic_repository/uploads/SIV8e5NrAWFmMgB1.pdf,
January-June 2026,M.Tech,2025,ARTIFICIAL INTELLIGENCE,AI-622,Large Language Models,Mid Sem,https://v1.nitj.ac.in/erp/academic_repository/uploads/mPUh7vDpBQO8YTxF.pdf,
January-June 2026,M.Tech,2025,ARTIFICIAL INTELLIGENCE,AI-622,Large Language Models,End Sem,https://v1.nitj.ac.in/erp/academic_repository/uploads/0Xb8gSHpyqAutB3M.pdf,
January-June 2026,M.Tech,2025,ARTIFICIAL INTELLIGENCE,AI-624,Agentic AI,Mid Sem,https://v1.nitj.ac.in/erp/academic_repository/uploads/nEQwaSo9l7ZtfvpO.pdf,
January-June 2026,M.Tech,2025,ARTIFICIAL INTELLIGENCE,AI-624,Agentic AI,End Sem,https://v1.nitj.ac.in/erp/academic_repository/uploads/7fyPw9bYWDM4NXzB.pdf,
January-June 2026,M.Tech,2025,BIOTECHNOLOGY,BT-502,r-DNA Technology,Mid Sem,https://v1.nitj.ac.in/erp/academic_repository/uploads/pznOreuhysiK0fV4.pdf,
January-June 2026,M.Tech,2025,BIOTECHNOLOGY,BT-502,r-DNA Technology,End Sem,https://v1.nitj.ac.in/erp/academic_repository/uploads/hg9YloNbVWnzXKT5.pdf,
January-June 2026,M.Tech,2025,BIOTECHNOLOGY,BT-504,Bioinformatics,Mid Sem,https://v1.nitj.ac.in/erp/academic_repository/uploads/RtHixnMAVCrP957S.pdf,
January-June 2026,M.Tech,2025,BIOTECHNOLOGY,BT-504,Bioinformatics,End Sem,https://v1.nitj.ac.in/erp/academic_repository/uploads/LgtvJcqRzE2lWBdw.pdf,
January-June 2026,M.Tech,2025,BIOTECHNOLOGY,BT-506,Environmental Biotechnology,Mid Sem,https://v1.nitj.ac.in/erp/academic_repository/uploads/2ZroBOijk49GRhYM.pdf,
January-June 2026,M.Tech,2025,BIOTECHNOLOGY,BT-506,Environmental Biotechnology,End Sem,https://v1.nitj.ac.in/erp/academic_repository/uploads/G9ZMy1Y6UtsKXPLd.pdf,
January-June 2026,M.Tech,2025,BIOTECHNOLOGY,BT-508,Bioprocess Equipment Design and Economics,Mid Sem,https://v1.nitj.ac.in/erp/academic_repository/uploads/SeQu8I7iRt2b5sUn.pdf,
January-June 2026,M.Tech,2025,BIOTECHNOLOGY,BT-508,Bioprocess Equipment Design and Economics,End Sem,https://v1.nitj.ac.in/erp/academic_repository/uploads/ES0yuwfOqCGAFVB6.pdf,
January-June 2026,M.Tech,2025,BIOTECHNOLOGY,BT-522,Metabolic Engineering,Mid Sem,https://v1.nitj.ac.in/erp/academic_repository/uploads/fmBukWzR8VJSEbsi.pdf,
January-June 2026,M.Tech,2025,BIOTECHNOLOGY,BT-522,Metabolic Engineering,End Sem,https://v1.nitj.ac.in/erp/academic_repository/uploads/ve7fWtoG0PFlAuqd.pdf,
January-June 2026,M.Tech,2025,BIOTECHNOLOGY,BT-530,Nano Biotechnology and Nano Science,Mid Sem,https://v1.nitj.ac.in/erp/academic_repository/uploads/pHP0DBmNrcX1ZCjv.pdf,
January-June 2026,M.Tech,2025,BIOTECHNOLOGY,BT-530,Nano Biotechnology and Nano Science,End Sem,https://v1.nitj.ac.in/erp/academic_repository/uploads/bUhK8P06JkTpEDe1.pdf,
January-June 2026,M.Tech,2025,COMPUTER SCIENCE AND ENGINEERING,CS0502,Big Data Analytics,Mid Sem,https://v1.nitj.ac.in/erp/academic_repository/uploads/yWsO70DoZa5vLjb8.pdf,
January-June 2026,M.Tech,2025,COMPUTER SCIENCE AND ENGINEERING,CS0502,Big Data Analytics,End Sem,https://v1.nitj.ac.in/erp/academic_repository/uploads/j9t6FegiNKSAlxw0.pdf,
January-June 2026,M.Tech,2025,COMPUTER SCIENCE AND ENGINEERING,CS0504,Deep Learning,Mid Sem,https://v1.nitj.ac.in/erp/academic_repository/uploads/xKI8n5DrlEXyb3Wz.pdf,
January-June 2026,M.Tech,2025,COMPUTER SCIENCE AND ENGINEERING,CS0504,Deep Learning,End Sem,https://v1.nitj.ac.in/erp/academic_repository/uploads/as2hDfS5APHcWNCO.pdf,
January-June 2026,M.Tech,2025,COMPUTER SCIENCE AND ENGINEERING,CS0505,Machine Learning,Mid Sem,https://v1.nitj.ac.in/erp/academic_repository/uploads/xfyjsemItO9Quh5M.pdf,
January-June 2026,M.Tech,2025,COMPUTER SCIENCE AND ENGINEERING,CS0505,Machine Learning,End Sem,https://v1.nitj.ac.in/erp/academic_repository/uploads/RkbQmT17dvogM2hY.pdf,
January-June 2026,M.Tech,2025,COMPUTER SCIENCE AND ENGINEERING,CS0507,Cryptography,Mid Sem,https://v1.nitj.ac.in/erp/academic_repository/uploads/y34aHernNd8E1XWt.pdf,
January-June 2026,M.Tech,2025,COMPUTER SCIENCE AND ENGINEERING,CS0507,Cryptography,End Sem,https://v1.nitj.ac.in/erp/academic_repository/uploads/9zGmNRFIMw3Ccsy0.pdf,
January-June 2026,M.Tech,2025,COMPUTER SCIENCE AND ENGINEERING,CS0518,Computer Vision,Mid Sem,https://v1.nitj.ac.in/erp/academic_repository/uploads/MFJrWqcNdI6tY812.pdf,
January-June 2026,M.Tech,2025,COMPUTER SCIENCE AND ENGINEERING,CS0518,Computer Vision,End Sem,https://v1.nitj.ac.in/erp/academic_repository/uploads/Y1luiOmHoqAkJ7Bd.pdf,
January-June 2026,M.Tech,2025,COMPUTER SCIENCE AND ENGINEERING,CS0523,Soft Computing,Mid Sem,https://v1.nitj.ac.in/erp/academic_repository/uploads/xzi2EpvyFDAlVc7O.pdf,
January-June 2026,M.Tech,2025,COMPUTER SCIENCE AND ENGINEERING,CS0523,Soft Computing,End Sem,https://v1.nitj.ac.in/erp/academic_repository/uploads/BXxHQIpPiTmqfUC1.pdf,
January-June 2026,M.Tech,2025,COMPUTER SCIENCE AND ENGINEERING,CS0528,Human Computer Interaction,Mid Sem,https://v1.nitj.ac.in/erp/academic_repository/uploads/of0QR7b6Spn1ud4J.pdf,
January-June 2026,M.Tech,2025,COMPUTER SCIENCE AND ENGINEERING,CS0528,Human Computer Interaction,End Sem,https://v1.nitj.ac.in/erp/academic_repository/uploads/JrobdUPcDQmzWutp.pdf,
January-June 2026,M.Tech,2025,DATA ANALYTICS,IT-502,Machine Learning Techniques,Mid Sem,https://v1.nitj.ac.in/erp/academic_repository/uploads/NsGmoi0fStyAgkJ8.pdf,
January-June 2026,M.Tech,2025,DATA ANALYTICS,IT-502,Machine Learning Techniques,End Sem,https://v1.nitj.ac.in/erp/academic_repository/uploads/kcp8mMnDWT3LVbto.pdf,
January-June 2026,M.Tech,2025,DATA ANALYTICS,IT-504,Natural Language Processing,Mid Sem,https://v1.nitj.ac.in/erp/academic_repository/uploads/WFHXnGmfVQPM2pjc.pdf,
January-June 2026,M.Tech,2025,DATA ANALYTICS,IT-504,Natural Language Processing,End Sem,https://v1.nitj.ac.in/erp/academic_repository/uploads/eDFmuQnlTV0RvUxr.pdf,
January-June 2026,M.Tech,2025,DATA ANALYTICS,IT-506,Social Networking and Mining,Mid Sem,https://v1.nitj.ac.in/erp/academic_repository/uploads/6AI1m7iE3goCx2NV.pdf,
January-June 2026,M.Tech,2025,DATA ANALYTICS,IT-506,Social Networking and Mining,End Sem,https://v1.nitj.ac.in/erp/academic_repository/uploads/itJzEV1NfvGhgUYa.pdf,
January-June 2026,M.Tech,2025,DATA ANALYTICS,IT-522,Data Science Programming,Mid Sem,https://v1.nitj.ac.in/erp/academic_repository/uploads/gJRT7YKxz5SdAuUc.pdf,
January-June 2026,M.Tech,2025,DATA ANALYTICS,IT-522,Data Science Programming,End Sem,https://v1.nitj.ac.in/erp/academic_repository/uploads/mp89hnWqsNXM4Zcx.pdf,
January-June 2026,M.Tech,2025,DATA ANALYTICS,IT-529,Image and Video Analysis,Mid Sem,https://v1.nitj.ac.in/erp/academic_repository/uploads/Y8UyFcTrkopJ5gtv.pdf,
January-June 2026,M.Tech,2025,DATA ANALYTICS,IT-529,Image and Video Analysis,End Sem,https://v1.nitj.ac.in/erp/academic_repository/uploads/92hK5JlbC3YwvyrF.pdf,
January-June 2026,M.Tech,2025,DATA ANALYTICS,IT-532,Business Intelligence,Mid Sem,https://v1.nitj.ac.in/erp/academic_repository/uploads/rZPqlnQOXFJvIAg5.pdf,
January-June 2026,M.Tech,2025,DATA ANALYTICS,IT-532,Business Intelligence,End Sem,https://v1.nitj.ac.in/erp/academic_repository/uploads/1X36fwF4nmT2BGDC.pdf,
January-June 2026,M.Tech,2025,DESIGN ENGINEERING,ME-502,Advanced Machine Design,Mid Sem,https://v1.nitj.ac.in/erp/academic_repository/uploads/N9lU7hpSZrmaKgzH.pdf,
January-June 2026,M.Tech,2025,DESIGN ENGINEERING,ME-502,Advanced Machine Design,End Sem,https://v1.nitj.ac.in/erp/academic_repository/uploads/7xABCZEXK5QmaWFM.pdf,
January-June 2026,M.Tech,2025,DESIGN ENGINEERING,ME-504,System Dynamics and Control,Mid Sem,https://v1.nitj.ac.in/erp/academic_repository/uploads/wRhAIJKa6N3vQiPX.pdf,
January-June 2026,M.Tech,2025,DESIGN ENGINEERING,ME-504,System Dynamics and Control,End Sem,https://v1.nitj.ac.in/erp/academic_repository/uploads/LgMhowZVD4Q0WbeB.pdf,
January-June 2026,M.Tech,2025,DESIGN ENGINEERING,ME-506,Mechanical Vibrations,Mid Sem,https://v1.nitj.ac.in/erp/academic_repository/uploads/mUYGHdRW37zXf6PI.pdf,
January-June 2026,M.Tech,2025,DESIGN ENGINEERING,ME-506,Mechanical Vibrations,End Sem,https://v1.nitj.ac.in/erp/academic_repository/uploads/ItncdYwTXOH27G5q.pdf,
January-June 2026,M.Tech,2025,DESIGN ENGINEERING,ME-508,Design and Optimizations,Mid Sem,https://v1.nitj.ac.in/erp/academic_repository/uploads/uO8bN7SkH2xfgh9T.pdf,
January-June 2026,M.Tech,2025,DESIGN ENGINEERING,ME-508,Design and Optimizations,End Sem,https://v1.nitj.ac.in/erp/academic_repository/uploads/X0LH9Qk2IYltOyWZ.pdf,
January-June 2026,M.Tech,2025,DESIGN ENGINEERING,ME-540,Tribology,Mid Sem,https://v1.nitj.ac.in/erp/academic_repository/uploads/gc5aAHjXp9ekQI2h.pdf,
January-June 2026,M.Tech,2025,DESIGN ENGINEERING,ME-540,Tribology,End Sem,https://v1.nitj.ac.in/erp/academic_repository/uploads/fmUPJaEktynBuOz9.pdf,
January-June 2026,M.Tech,2025,DESIGN ENGINEERING,ME-545,Welding and Allied Processes,Mid Sem,https://v1.nitj.ac.in/erp/academic_repository/uploads/RUF12in7OYSVPbhN.pdf,
January-June 2026,M.Tech,2025,DESIGN ENGINEERING,ME-545,Welding and Allied Processes,End Sem,https://v1.nitj.ac.in/erp/academic_repository/uploads/hFKGWy9852J6LmTU.pdf,
January-June 2026,M.Tech,2025,DATA SCIENCE AND ENGINEERING,CS0502,Big Data Analytics,Mid Sem,https://v1.nitj.ac.in/erp/academic_repository/uploads/5fINg8VSLlYEAecR.pdf,
January-June 2026,M.Tech,2025,DATA SCIENCE AND ENGINEERING,CS0502,Big Data Analytics,End Sem,https://v1.nitj.ac.in/erp/academic_repository/uploads/4mjU18vRzgfWLSCq.pdf,
January-June 2026,M.Tech,2025,DATA SCIENCE AND ENGINEERING,CS0504,Deep Learning,Mid Sem,https://v1.nitj.ac.in/erp/academic_repository/uploads/29EIPtCjQ65ZDRs8.pdf,
January-June 2026,M.Tech,2025,DATA SCIENCE AND ENGINEERING,CS0504,Deep Learning,End Sem,https://v1.nitj.ac.in/erp/academic_repository/uploads/45Ig9au3v0EDK61F.pdf,
January-June 2026,M.Tech,2025,DATA SCIENCE AND ENGINEERING,CS0506,Data Engineering and Visualization,Mid Sem,https://v1.nitj.ac.in/erp/academic_repository/uploads/J7CHAcNzxpdfrT0n.pdf,
January-June 2026,M.Tech,2025,DATA SCIENCE AND ENGINEERING,CS0506,Data Engineering and Visualization,End Sem,https://v1.nitj.ac.in/erp/academic_repository/uploads/8TRFLxPW6cqrIMNX.pdf,
January-June 2026,M.Tech,2025,DATA SCIENCE AND ENGINEERING,CS0508,Optimization Techniques for Data Science,Mid Sem,https://v1.nitj.ac.in/erp/academic_repository/uploads/UaSIZXjDmRHN2BgT.pdf,
January-June 2026,M.Tech,2025,DATA SCIENCE AND ENGINEERING,CS0508,Optimization Techniques for Data Science,End Sem,https://v1.nitj.ac.in/erp/academic_repository/uploads/bkv16yPeufzl9tXr.pdf,
January-June 2026,M.Tech,2025,DATA SCIENCE AND ENGINEERING,CS0518,Computer Vision,Mid Sem,https://v1.nitj.ac.in/erp/academic_repository/uploads/4La1iVBprSz6fqO7.pdf,
January-June 2026,M.Tech,2025,DATA SCIENCE AND ENGINEERING,CS0518,Computer Vision,End Sem,https://v1.nitj.ac.in/erp/academic_repository/uploads/BktTyG5x1SDpr48u.pdf,
January-June 2026,M.Tech,2025,DATA SCIENCE AND ENGINEERING,CS0528,Human Computer Interaction,Mid Sem,https://v1.nitj.ac.in/erp/academic_repository/uploads/M7tzksegKnOqBYru.pdf,
January-June 2026,M.Tech,2025,DATA SCIENCE AND ENGINEERING,CS0528,Human Computer Interaction,End Sem,https://v1.nitj.ac.in/erp/academic_repository/uploads/OQ4TYKBVEIiaNyDe.pdf,
January-June 2026,M.Tech,2025,DATA SCIENCE AND ENGINEERING,CS0544,Business Intelligence,Mid Sem,https://v1.nitj.ac.in/erp/academic_repository/uploads/Aw1d4bzG2uEpYsDK.pdf,
January-June 2026,M.Tech,2025,DATA SCIENCE AND ENGINEERING,CS0544,Business Intelligence,End Sem,https://v1.nitj.ac.in/erp/academic_repository/uploads/438jyDAutdVwRnav.pdf,
January-June 2026,M.Tech,2025,ENERGY AND ENVIRONMENTAL ENGINEERING,CHEE-502,Computational Techniques in Energy and Environmental Engineering,Mid Sem,https://v1.nitj.ac.in/erp/academic_repository/uploads/fDusKA1kVTMRobYn.pdf,
January-June 2026,M.Tech,2025,ENERGY AND ENVIRONMENTAL ENGINEERING,CHEE-502,Computational Techniques in Energy and Environmental Engineering,End Sem,https://v1.nitj.ac.in/erp/academic_repository/uploads/NCpQT8rXkRefIbPh.pdf,
January-June 2026,M.Tech,2025,ENERGY AND ENVIRONMENTAL ENGINEERING,CHEE-504,Renewable Energy Technologies,Mid Sem,https://v1.nitj.ac.in/erp/academic_repository/uploads/mrV4ugc5PdoR2bKy.pdf,
January-June 2026,M.Tech,2025,ENERGY AND ENVIRONMENTAL ENGINEERING,CHEE-504,Renewable Energy Technologies,End Sem,https://v1.nitj.ac.in/erp/academic_repository/uploads/f508y9qLbQIKFUtk.pdf,
January-June 2026,M.Tech,2025,ENERGY AND ENVIRONMENTAL ENGINEERING,CHEE-506,Air Pollution Control Engineering,Mid Sem,https://v1.nitj.ac.in/erp/academic_repository/uploads/WYUg29O7ytE40Zuz.pdf,
January-June 2026,M.Tech,2025,ENERGY AND ENVIRONMENTAL ENGINEERING,CHEE-506,Air Pollution Control Engineering,End Sem,https://v1.nitj.ac.in/erp/academic_repository/uploads/ZVfIOlRAU2mGvraj.pdf,
January-June 2026,M.Tech,2025,ENERGY AND ENVIRONMENTAL ENGINEERING,CHEE-554,Industrial Environmental Management,Mid Sem,https://v1.nitj.ac.in/erp/academic_repository/uploads/cvkBoYCOQ5RgITyf.pdf,
January-June 2026,M.Tech,2025,ENERGY AND ENVIRONMENTAL ENGINEERING,CHEE-554,Industrial Environmental Management,End Sem,https://v1.nitj.ac.in/erp/academic_repository/uploads/XcSLArltH2uMZJCk.pdf,
January-June 2026,M.Tech,2025,ENERGY AND ENVIRONMENTAL ENGINEERING,CHEE-559,Energy management and audit,Mid Sem,https://v1.nitj.ac.in/erp/academic_repository/uploads/AkNKYBRcjhZxenpu.pdf,
January-June 2026,M.Tech,2025,ENERGY AND ENVIRONMENTAL ENGINEERING,CHEE-559,Energy management and audit,End Sem,https://v1.nitj.ac.in/erp/academic_repository/uploads/Q8xvDEAoINh3d9R7.pdf,
January-June 2026,M.Tech,2025,ENERGY AND ENVIRONMENTAL ENGINEERING,CHEE-569,Polymer Technology,Mid Sem,https://v1.nitj.ac.in/erp/academic_repository/uploads/6KhAy9PWmDskRT3r.pdf,
January-June 2026,M.Tech,2025,ENERGY AND ENVIRONMENTAL ENGINEERING,CHEE-569,Polymer Technology,End Sem,https://v1.nitj.ac.in/erp/academic_repository/uploads/GsvPVOuWKQxUSYje.pdf,
January-June 2026,M.Tech,2025,ELECTRIC VEHICLE DESIGN,EEEV-502,Embedded Systems,Mid Sem,https://v1.nitj.ac.in/erp/academic_repository/uploads/J4IdMtsF23zecg0o.pdf,
January-June 2026,M.Tech,2025,ELECTRIC VEHICLE DESIGN,EEEV-502,Embedded Systems,End Sem,https://v1.nitj.ac.in/erp/academic_repository/uploads/wOsjMGomYV1Bzf0h.pdf,
January-June 2026,M.Tech,2025,ELECTRIC VEHICLE DESIGN,EEEV-504,Battery and Battery Management System,Mid Sem,https://v1.nitj.ac.in/erp/academic_repository/uploads/n4UflHNAwKy3BSPM.pdf,
January-June 2026,M.Tech,2025,ELECTRIC VEHICLE DESIGN,EEEV-504,Battery and Battery Management System,End Sem,https://v1.nitj.ac.in/erp/academic_repository/uploads/tUZHBDhCeMufkob7.pdf,
January-June 2026,M.Tech,2025,ELECTRIC VEHICLE DESIGN,EEEV-506,Advanced Control System for Electric Vehicles,Mid Sem,https://v1.nitj.ac.in/erp/academic_repository/uploads/2tIdheFTuaw7jL5Q.pdf,
January-June 2026,M.Tech,2025,ELECTRIC VEHICLE DESIGN,EEEV-506,Advanced Control System for Electric Vehicles,End Sem,https://v1.nitj.ac.in/erp/academic_repository/uploads/7stFxkSDr4bhjdvT.pdf,
January-June 2026,M.Tech,2025,ELECTRIC VEHICLE DESIGN,EEEV-508,Special Electrical Machines and Control,Mid Sem,https://v1.nitj.ac.in/erp/academic_repository/uploads/Vb52g4iWtQczj1lu.pdf,
January-June 2026,M.Tech,2025,ELECTRIC VEHICLE DESIGN,EEEV-508,Special Electrical Machines and Control,End Sem,https://v1.nitj.ac.in/erp/academic_repository/uploads/fmNLK6h8eikl1gyZ.pdf,
January-June 2026,M.Tech,2025,ELECTRIC VEHICLE DESIGN,EEEV-560,Introduction to Data Analytics,Mid Sem,https://v1.nitj.ac.in/erp/academic_repository/uploads/t3a8z6XOhJruLUxy.pdf,
January-June 2026,M.Tech,2025,ELECTRIC VEHICLE DESIGN,EEEV-560,Introduction to Data Analytics,End Sem,https://v1.nitj.ac.in/erp/academic_repository/uploads/Uiwbn2TeFZPQN7LO.pdf,
January-June 2026,M.Tech,2025,ELECTRIC VEHICLE DESIGN,EEEV-561,Virtual Instrumentation,Mid Sem,https://v1.nitj.ac.in/erp/academic_repository/uploads/PUylR405pcortIuf.pdf,
January-June 2026,M.Tech,2025,ELECTRIC VEHICLE DESIGN,EEEV-561,Virtual Instrumentation,End Sem,https://v1.nitj.ac.in/erp/academic_repository/uploads/Gq8NWeidyjZmc4I9.pdf,
January-June 2026,M.Tech,2025,GEOTECHNICAL ENGINEERING AND INFRASTRUCTURE DESIGN,CE-525,Analysis and Design of Bridge Substructures,Mid Sem,https://v1.nitj.ac.in/erp/academic_repository/uploads/ZTQyqhC2i17aSj98.pdf,
January-June 2026,M.Tech,2025,GEOTECHNICAL ENGINEERING AND INFRASTRUCTURE DESIGN,CE-525,Analysis and Design of Bridge Substructures,End Sem,https://v1.nitj.ac.in/erp/academic_repository/uploads/sMiIlhRfKcEZTPQ2.pdf,
January-June 2026,M.Tech,2025,GEOTECHNICAL ENGINEERING AND INFRASTRUCTURE DESIGN,CE-533,Solid and Hazardous Waste Management,Mid Sem,https://v1.nitj.ac.in/erp/academic_repository/uploads/Z9RqvQ1X7xbYwen4.pdf,
January-June 2026,M.Tech,2025,GEOTECHNICAL ENGINEERING AND INFRASTRUCTURE DESIGN,CE-533,Solid and Hazardous Waste Management,End Sem,https://v1.nitj.ac.in/erp/academic_repository/uploads/PFgAmb52sRNU1V7f.pdf,
January-June 2026,M.Tech,2025,GEOTECHNICAL ENGINEERING AND INFRASTRUCTURE DESIGN,CE-542,FEM in Geotechnical Engineering,Mid Sem,https://v1.nitj.ac.in/erp/academic_repository/uploads/WyTIkKVAcxgnBv7m.pdf,
January-June 2026,M.Tech,2025,GEOTECHNICAL ENGINEERING AND INFRASTRUCTURE DESIGN,CE-542,FEM in Geotechnical Engineering,End Sem,https://v1.nitj.ac.in/erp/academic_repository/uploads/TR1ckAWa3o7MUQps.pdf,
January-June 2026,M.Tech,2025,GEOTECHNICAL ENGINEERING AND INFRASTRUCTURE DESIGN,CE-544,Tunnel design,Mid Sem,https://v1.nitj.ac.in/erp/academic_repository/uploads/VuFrxgIBJL3GYqUc.pdf,
January-June 2026,M.Tech,2025,GEOTECHNICAL ENGINEERING AND INFRASTRUCTURE DESIGN,CE-544,Tunnel design,End Sem,https://v1.nitj.ac.in/erp/academic_repository/uploads/yNJuqHFzw57XIhWQ.pdf,
January-June 2026,M.Tech,2025,GEOTECHNICAL ENGINEERING AND INFRASTRUCTURE DESIGN,CE-566,Pavement Geotechnics and Material,Mid Sem,https://v1.nitj.ac.in/erp/academic_repository/uploads/rMneuz8BJNvtWCjH.pdf,
January-June 2026,M.Tech,2025,GEOTECHNICAL ENGINEERING AND INFRASTRUCTURE DESIGN,CE-566,Pavement Geotechnics and Material,End Sem,https://v1.nitj.ac.in/erp/academic_repository/uploads/MuVvPRQ31hrsXyAm.pdf,
January-June 2026,M.Tech,2025,GEOTECHNICAL ENGINEERING AND INFRASTRUCTURE DESIGN,CE-576,Soil Sturcture Interaction,Mid Sem,https://v1.nitj.ac.in/erp/academic_repository/uploads/1mcHTBj76sxteUFw.pdf,
January-June 2026,M.Tech,2025,GEOTECHNICAL ENGINEERING AND INFRASTRUCTURE DESIGN,CE-576,Soil Sturcture Interaction,End Sem,https://v1.nitj.ac.in/erp/academic_repository/uploads/aZbhyFt46UzeLTWE.pdf,
January-June 2026,M.Tech,2025,INDUSTRIAL ENGINEERING AND DATA ANALYTICS,IEA-502,Data Analytics,Mid Sem,https://v1.nitj.ac.in/erp/academic_repository/uploads/nrKMkFbvSGe4LYP7.pdf,
January-June 2026,M.Tech,2025,INDUSTRIAL ENGINEERING AND DATA ANALYTICS,IEA-502,Data Analytics,End Sem,https://v1.nitj.ac.in/erp/academic_repository/uploads/giBluQO7Kb4ptZNV.pdf,
January-June 2026,M.Tech,2025,INDUSTRIAL ENGINEERING AND DATA ANALYTICS,IEA-504,Deep Learning,Mid Sem,https://v1.nitj.ac.in/erp/academic_repository/uploads/JS0WKrInOEm5XUVu.pdf,
January-June 2026,M.Tech,2025,INDUSTRIAL ENGINEERING AND DATA ANALYTICS,IEA-504,Deep Learning,End Sem,https://v1.nitj.ac.in/erp/academic_repository/uploads/JOTDgRsXfqxBcA4W.pdf,
January-June 2026,M.Tech,2025,INDUSTRIAL ENGINEERING AND DATA ANALYTICS,IEA-506,Logistics & Supply Chain Management,Mid Sem,https://v1.nitj.ac.in/erp/academic_repository/uploads/PlKQiqDy6CUjIY23.pdf,
January-June 2026,M.Tech,2025,INDUSTRIAL ENGINEERING AND DATA ANALYTICS,IEA-506,Logistics & Supply Chain Management,End Sem,https://v1.nitj.ac.in/erp/academic_repository/uploads/WnDo8OuY4chGzKZA.pdf,
January-June 2026,M.Tech,2025,INDUSTRIAL ENGINEERING AND DATA ANALYTICS,IEA-528,Operations Management,Mid Sem,https://v1.nitj.ac.in/erp/academic_repository/uploads/LHpBbXvlfkGIFWP4.pdf,
January-June 2026,M.Tech,2025,INDUSTRIAL ENGINEERING AND DATA ANALYTICS,IEA-528,Operations Management,End Sem,https://v1.nitj.ac.in/erp/academic_repository/uploads/Yb3tX1iMdCT8wvWB.pdf,
January-June 2026,M.Tech,2025,INDUSTRIAL ENGINEERING AND DATA ANALYTICS,IEA-541,Visualization and Big Data Analytics,Mid Sem,https://v1.nitj.ac.in/erp/academic_repository/uploads/IyXlorwhUuNqG0c8.pdf,
January-June 2026,M.Tech,2025,INDUSTRIAL ENGINEERING AND DATA ANALYTICS,IEA-541,Visualization and Big Data Analytics,End Sem,https://v1.nitj.ac.in/erp/academic_repository/uploads/Sfylw0C38u6G71ob.pdf,
January-June 2026,M.Tech,2025,INDUSTRIAL ENGINEERING AND DATA ANALYTICS,IEA-542,Data Structures and Programming Methodology,Mid Sem,https://v1.nitj.ac.in/erp/academic_repository/uploads/KQnNHGpkCr1IbJjh.pdf,
January-June 2026,M.Tech,2025,INDUSTRIAL ENGINEERING AND DATA ANALYTICS,IEA-542,Data Structures and Programming Methodology,End Sem,https://v1.nitj.ac.in/erp/academic_repository/uploads/Soch7B95qyDAGdNW.pdf,
January-June 2026,M.Tech,2025,COMPUTER SCIENCE AND ENGINEERING (INFORMATION SECURITY),CS0505,Machine Learning,Mid Sem,https://v1.nitj.ac.in/erp/academic_repository/uploads/KRvx4M2flPhGkT7S.pdf,
January-June 2026,M.Tech,2025,COMPUTER SCIENCE AND ENGINEERING (INFORMATION SECURITY),CS0505,Machine Learning,End Sem,https://v1.nitj.ac.in/erp/academic_repository/uploads/7mxZbDISvXzU2RYl.pdf,
January-June 2026,M.Tech,2025,COMPUTER SCIENCE AND ENGINEERING (INFORMATION SECURITY),CS0510,Ethical Hacking,Mid Sem,https://v1.nitj.ac.in/erp/academic_repository/uploads/amwRgEQFeqrPjXlJ.pdf,
January-June 2026,M.Tech,2025,COMPUTER SCIENCE AND ENGINEERING (INFORMATION SECURITY),CS0510,Ethical Hacking,End Sem,https://v1.nitj.ac.in/erp/academic_repository/uploads/gJCxXyfqKQ6A9mLp.pdf,
January-June 2026,M.Tech,2025,COMPUTER SCIENCE AND ENGINEERING (INFORMATION SECURITY),CS0511,Distributed Systems,Mid Sem,https://v1.nitj.ac.in/erp/academic_repository/uploads/CBugxWOc6GTkfiHy.pdf,
January-June 2026,M.Tech,2025,COMPUTER SCIENCE AND ENGINEERING (INFORMATION SECURITY),CS0511,Distributed Systems,End Sem,https://v1.nitj.ac.in/erp/academic_repository/uploads/xPastOoV79higLSp.pdf,
January-June 2026,M.Tech,2025,COMPUTER SCIENCE AND ENGINEERING (INFORMATION SECURITY),CS0512,Cyber Physical System Security,Mid Sem,https://v1.nitj.ac.in/erp/academic_repository/uploads/9MmlEIdLKP0Y1Ono.pdf,
January-June 2026,M.Tech,2025,COMPUTER SCIENCE AND ENGINEERING (INFORMATION SECURITY),CS0512,Cyber Physical System Security,End Sem,https://v1.nitj.ac.in/erp/academic_repository/uploads/ZXHanFcUBzAiRDVx.pdf,
January-June 2026,M.Tech,2025,COMPUTER SCIENCE AND ENGINEERING (INFORMATION SECURITY),CS0517,Cloud Computing and Communication,Mid Sem,https://v1.nitj.ac.in/erp/academic_repository/uploads/1dakwtx5BcLs6bSD.pdf,
January-June 2026,M.Tech,2025,COMPUTER SCIENCE AND ENGINEERING (INFORMATION SECURITY),CS0517,Cloud Computing and Communication,End Sem,https://v1.nitj.ac.in/erp/academic_repository/uploads/riMOq9kp5hdVbDQe.pdf,
January-June 2026,M.Tech,2025,COMPUTER SCIENCE AND ENGINEERING (INFORMATION SECURITY),CS0530,Malware Analysis,Mid Sem,https://v1.nitj.ac.in/erp/academic_repository/uploads/UcSqzkp4tKL7lwNi.pdf,
January-June 2026,M.Tech,2025,COMPUTER SCIENCE AND ENGINEERING (INFORMATION SECURITY),CS0530,Malware Analysis,End Sem,https://v1.nitj.ac.in/erp/academic_repository/uploads/DuVHUjQneirgLR3v.pdf,
January-June 2026,M.Tech,2025,MATHEMATICS AND COMPUTING,MTMC-502,Data Warehouse and Data Mining,Mid Sem,https://v1.nitj.ac.in/erp/academic_repository/uploads/ybXDJ5B7uYKptxo0.pdf,
January-June 2026,M.Tech,2025,MATHEMATICS AND COMPUTING,MTMC-502,Data Warehouse and Data Mining,End Sem,https://v1.nitj.ac.in/erp/academic_repository/uploads/Mfob2VhBi95IFOpY.pdf,
January-June 2026,M.Tech,2025,MATHEMATICS AND COMPUTING,MTMC-504,Linear Algebra,Mid Sem,https://v1.nitj.ac.in/erp/academic_repository/uploads/wzf3Js09TpNixPvL.pdf,
January-June 2026,M.Tech,2025,MATHEMATICS AND COMPUTING,MTMC-504,Linear Algebra,End Sem,https://v1.nitj.ac.in/erp/academic_repository/uploads/79hifSCLAb40aevJ.pdf,
January-June 2026,M.Tech,2025,MATHEMATICS AND COMPUTING,MTMC-506,Computational Complexity,Mid Sem,https://v1.nitj.ac.in/erp/academic_repository/uploads/7dqT48wBlPHitWmV.pdf,
January-June 2026,M.Tech,2025,MATHEMATICS AND COMPUTING,MTMC-506,Computational Complexity,End Sem,https://v1.nitj.ac.in/erp/academic_repository/uploads/ZqUrlLmR38ux9o4i.pdf,
January-June 2026,M.Tech,2025,MATHEMATICS AND COMPUTING,MTMC-508,Graph Theory and Combinations,Mid Sem,https://v1.nitj.ac.in/erp/academic_repository/uploads/Qjsr9CDwB1SpL3YV.pdf,
January-June 2026,M.Tech,2025,MATHEMATICS AND COMPUTING,MTMC-508,Graph Theory and Combinations,End Sem,https://v1.nitj.ac.in/erp/academic_repository/uploads/U1wZE5sbWyrkzG2e.pdf,
January-June 2026,M.Tech,2025,MATHEMATICS AND COMPUTING,MTMC-514,Numerical Solution of Differential Equation,Mid Sem,https://v1.nitj.ac.in/erp/academic_repository/uploads/NGf60gZr1UbHwpJW.pdf,
January-June 2026,M.Tech,2025,MATHEMATICS AND COMPUTING,MTMC-514,Numerical Solution of Differential Equation,End Sem,https://v1.nitj.ac.in/erp/academic_repository/uploads/pmRuqYh56LiUeBIM.pdf,
January-June 2026,M.Tech,2025,MATHEMATICS AND COMPUTING,MTMC-516,Sampling Distribution and Estimation Theory,Mid Sem,https://v1.nitj.ac.in/erp/academic_repository/uploads/MDNQkyiSoWT5PmX9.pdf,
January-June 2026,M.Tech,2025,MATHEMATICS AND COMPUTING,MTMC-516,Sampling Distribution and Estimation Theory,End Sem,https://v1.nitj.ac.in/erp/academic_repository/uploads/g0NvzcVqkZ4K5Oa6.pdf,
January-June 2026,M.Tech,2025,MACHINE INTELLIGENCE AND AUTOMATION,IC-602,Advanced Control System,Mid Sem,https://v1.nitj.ac.in/erp/academic_repository/uploads/IdHZs9wxfSCc6bvK.pdf,
January-June 2026,M.Tech,2025,MACHINE INTELLIGENCE AND AUTOMATION,IC-602,Advanced Control System,End Sem,https://v1.nitj.ac.in/erp/academic_repository/uploads/a1UqgnomjrbSHw84.pdf,
January-June 2026,M.Tech,2025,MACHINE INTELLIGENCE AND AUTOMATION,IC-604,Machine Vision and Image Analysis,Mid Sem,https://v1.nitj.ac.in/erp/academic_repository/uploads/CgcLz8BOEHXSo2Vx.pdf,
January-June 2026,M.Tech,2025,MACHINE INTELLIGENCE AND AUTOMATION,IC-604,Machine Vision and Image Analysis,End Sem,https://v1.nitj.ac.in/erp/academic_repository/uploads/VqhzEH58CrpNjiQb.pdf,
January-June 2026,M.Tech,2025,MACHINE INTELLIGENCE AND AUTOMATION,IC-606,Embedded System for Automation,Mid Sem,https://v1.nitj.ac.in/erp/academic_repository/uploads/yTCG5YIWUekOw1H8.pdf,
January-June 2026,M.Tech,2025,MACHINE INTELLIGENCE AND AUTOMATION,IC-606,Embedded System for Automation,End Sem,https://v1.nitj.ac.in/erp/academic_repository/uploads/IaTsMu4JynKWkqH6.pdf,
January-June 2026,M.Tech,2025,MACHINE INTELLIGENCE AND AUTOMATION,IC-608,Cyber Security for Industrial Control System (CSICS),Mid Sem,https://v1.nitj.ac.in/erp/academic_repository/uploads/tyHCV2RL6NxchElj.pdf,
January-June 2026,M.Tech,2025,MACHINE INTELLIGENCE AND AUTOMATION,IC-608,Cyber Security for Industrial Control System (CSICS),End Sem,https://v1.nitj.ac.in/erp/academic_repository/uploads/HNZg742FeS30TYpR.pdf,
January-June 2026,M.Tech,2025,MACHINE INTELLIGENCE AND AUTOMATION,IC-660,Innovation in Design Thinking,Mid Sem,https://v1.nitj.ac.in/erp/academic_repository/uploads/0VD2OLZi7doUnalf.pdf,
January-June 2026,M.Tech,2025,MACHINE INTELLIGENCE AND AUTOMATION,IC-660,Innovation in Design Thinking,End Sem,https://v1.nitj.ac.in/erp/academic_repository/uploads/0KB1XCeAyGjnQEPx.pdf,
January-June 2026,M.Tech,2025,MACHINE INTELLIGENCE AND AUTOMATION,IC-674,Machine Vision and Natural Language Processing,Mid Sem,https://v1.nitj.ac.in/erp/academic_repository/uploads/lD8jshAdOBUHmaZN.pdf,
January-June 2026,M.Tech,2025,MACHINE INTELLIGENCE AND AUTOMATION,IC-674,Machine Vision and Natural Language Processing,End Sem,https://v1.nitj.ac.in/erp/academic_repository/uploads/puyTOLoPRYHrJcwi.pdf,
January-June 2026,M.Tech,2025,RENEWABLE ENERGY,RE-502,Solar Thermal Technologies and Applications,Mid Sem,https://v1.nitj.ac.in/erp/academic_repository/uploads/eZlDyLaQSNpiWR8I.pdf,
January-June 2026,M.Tech,2025,RENEWABLE ENERGY,RE-502,Solar Thermal Technologies and Applications,End Sem,https://v1.nitj.ac.in/erp/academic_repository/uploads/hfGZ7rxSuKFyCcEb.pdf,
January-June 2026,M.Tech,2025,RENEWABLE ENERGY,RE-504,"Energy Conservation, Management & Audit",Mid Sem,https://v1.nitj.ac.in/erp/academic_repository/uploads/905e2YJbCUHASd4h.pdf,
January-June 2026,M.Tech,2025,RENEWABLE ENERGY,RE-504,"Energy Conservation, Management & Audit",End Sem,https://v1.nitj.ac.in/erp/academic_repository/uploads/K9h5nitNb0os7L6q.pdf,
January-June 2026,M.Tech,2025,RENEWABLE ENERGY,RE-506,Economics and Financing of Renewable Energy Systems,Mid Sem,https://v1.nitj.ac.in/erp/academic_repository/uploads/uxjWKmBlpDwITdcX.pdf,
January-June 2026,M.Tech,2025,RENEWABLE ENERGY,RE-506,Economics and Financing of Renewable Energy Systems,End Sem,https://v1.nitj.ac.in/erp/academic_repository/uploads/WUhHGYukLvNMmdSw.pdf,
January-June 2026,M.Tech,2025,RENEWABLE ENERGY,RE-508,Waste to Energy Conversion Processes,Mid Sem,https://v1.nitj.ac.in/erp/academic_repository/uploads/woaWPgO914yizRCb.pdf,
January-June 2026,M.Tech,2025,RENEWABLE ENERGY,RE-508,Waste to Energy Conversion Processes,End Sem,https://v1.nitj.ac.in/erp/academic_repository/uploads/sdujT60rHKvN1Lm9.pdf,
January-June 2026,M.Tech,2025,RENEWABLE ENERGY,RE-513,Fuel Cell and Hydrogen Energy,Mid Sem,https://v1.nitj.ac.in/erp/academic_repository/uploads/7sLKrEAi0D6P9Qye.pdf,
January-June 2026,M.Tech,2025,RENEWABLE ENERGY,RE-513,Fuel Cell and Hydrogen Energy,End Sem,https://v1.nitj.ac.in/erp/academic_repository/uploads/jclfGNC1voFZUiz3.pdf,
January-June 2026,M.Tech,2025,RENEWABLE ENERGY,RE-518,Energy Efficient Buildings,Mid Sem,https://v1.nitj.ac.in/erp/academic_repository/uploads/bCXFiuDfm8cYaTtL.pdf,
January-June 2026,M.Tech,2025,RENEWABLE ENERGY,RE-518,Energy Efficient Buildings,End Sem,https://v1.nitj.ac.in/erp/academic_repository/uploads/7TmJUVbwIcxkf9YD.pdf,
January-June 2026,M.Tech,2025,STRUCTURAL AND CONSTRUCTION ENGINEERING,CE-502,Advanced Reinforced Concrete Design,Mid Sem,https://v1.nitj.ac.in/erp/academic_repository/uploads/cP1Nv5hkiwT2IdYK.pdf,
January-June 2026,M.Tech,2025,STRUCTURAL AND CONSTRUCTION ENGINEERING,CE-502,Advanced Reinforced Concrete Design,End Sem,https://v1.nitj.ac.in/erp/academic_repository/uploads/Tjrzuy9xdCHZ1oeB.pdf,
January-June 2026,M.Tech,2025,STRUCTURAL AND CONSTRUCTION ENGINEERING,CE-504,Analysis and Design of Foundations,Mid Sem,https://v1.nitj.ac.in/erp/academic_repository/uploads/ptA6P70eQqZ1EjOG.pdf,
January-June 2026,M.Tech,2025,STRUCTURAL AND CONSTRUCTION ENGINEERING,CE-504,Analysis and Design of Foundations,End Sem,https://v1.nitj.ac.in/erp/academic_repository/uploads/HfTPs0aqtpA29Uu5.pdf,
January-June 2026,M.Tech,2025,STRUCTURAL AND CONSTRUCTION ENGINEERING,CE-506,Earthquake Resistant Design of Structures,Mid Sem,https://v1.nitj.ac.in/erp/academic_repository/uploads/EoM3hVkeC1iuQYW0.pdf,
January-June 2026,M.Tech,2025,STRUCTURAL AND CONSTRUCTION ENGINEERING,CE-506,Earthquake Resistant Design of Structures,End Sem,https://v1.nitj.ac.in/erp/academic_repository/uploads/kDEUvg4btyfPAXHw.pdf,
January-June 2026,M.Tech,2025,STRUCTURAL AND CONSTRUCTION ENGINEERING,CE-509,Quantitative Methods in Construction Management,Mid Sem,https://v1.nitj.ac.in/erp/academic_repository/uploads/pU5NBReqQKdYIh7b.pdf,
January-June 2026,M.Tech,2025,STRUCTURAL AND CONSTRUCTION ENGINEERING,CE-509,Quantitative Methods in Construction Management,End Sem,https://v1.nitj.ac.in/erp/academic_repository/uploads/1OPhRUg8Hya6ztk2.pdf,
January-June 2026,M.Tech,2025,STRUCTURAL AND CONSTRUCTION ENGINEERING,CE-526,Construction Methods and Equipment,Mid Sem,https://v1.nitj.ac.in/erp/academic_repository/uploads/Lc0N6xCsjVKFp4Hh.pdf,
January-June 2026,M.Tech,2025,STRUCTURAL AND CONSTRUCTION ENGINEERING,CE-526,Construction Methods and Equipment,End Sem,https://v1.nitj.ac.in/erp/academic_repository/uploads/Q78tNLdYRCsoPHin.pdf,
January-June 2026,M.Tech,2025,STRUCTURAL AND CONSTRUCTION ENGINEERING,CE-535,Recent Advances in Construction Materials,Mid Sem,https://v1.nitj.ac.in/erp/academic_repository/uploads/OtYwRvL9THZ1Kz2Q.pdf,
January-June 2026,M.Tech,2025,STRUCTURAL AND CONSTRUCTION ENGINEERING,CE-535,Recent Advances in Construction Materials,End Sem,https://v1.nitj.ac.in/erp/academic_repository/uploads/TM9x60hYDkreaLfw.pdf,
January-June 2026,M.Tech,2025,SIGNAL PROCESSING AND MACHINE LEARNING,EC-502,Applied Machine Learning,Mid Sem,https://v1.nitj.ac.in/erp/academic_repository/uploads/jX6Cn0cWgxHGFVAO.pdf,
January-June 2026,M.Tech,2025,SIGNAL PROCESSING AND MACHINE LEARNING,EC-502,Applied Machine Learning,End Sem,https://v1.nitj.ac.in/erp/academic_repository/uploads/5my7tckY2ve0JB8r.pdf,
January-June 2026,M.Tech,2025,SIGNAL PROCESSING AND MACHINE LEARNING,EC-504,Statistical Signal Processing,Mid Sem,https://v1.nitj.ac.in/erp/academic_repository/uploads/I81HiARrMeLgqva3.pdf,
January-June 2026,M.Tech,2025,SIGNAL PROCESSING AND MACHINE LEARNING,EC-504,Statistical Signal Processing,End Sem,https://v1.nitj.ac.in/erp/academic_repository/uploads/sSQMFnjiOU2flL3w.pdf,
January-June 2026,M.Tech,2025,SIGNAL PROCESSING AND MACHINE LEARNING,EC-608,Deep Learning,Mid Sem,https://v1.nitj.ac.in/erp/academic_repository/uploads/hI2QJHmnFyr16CG5.pdf,
January-June 2026,M.Tech,2025,SIGNAL PROCESSING AND MACHINE LEARNING,EC-608,Deep Learning,End Sem,https://v1.nitj.ac.in/erp/academic_repository/uploads/dkx5NFiXUQKe4T63.pdf,
January-June 2026,M.Tech,2025,SIGNAL PROCESSING AND MACHINE LEARNING,EC-627,Advanced Communication System,Mid Sem,https://v1.nitj.ac.in/erp/academic_repository/uploads/28tQgzPGjvfOKlb0.pdf,
January-June 2026,M.Tech,2025,SIGNAL PROCESSING AND MACHINE LEARNING,EC-627,Advanced Communication System,End Sem,https://v1.nitj.ac.in/erp/academic_repository/uploads/oyumxv0wV74IU1gG.pdf,
January-June 2026,M.Tech,2025,SIGNAL PROCESSING AND MACHINE LEARNING,EC-628,Adaptive Filter Theory,Mid Sem,https://v1.nitj.ac.in/erp/academic_repository/uploads/ZKJHI6nfxk7YTBc5.pdf,
January-June 2026,M.Tech,2025,SIGNAL PROCESSING AND MACHINE LEARNING,EC-628,Adaptive Filter Theory,End Sem,https://v1.nitj.ac.in/erp/academic_repository/uploads/h8T0gabzOLQ7x2cs.pdf,
January-June 2026,M.Tech,2025,SIGNAL PROCESSING AND MACHINE LEARNING,EC-629,ASIC and FPGA,Mid Sem,https://v1.nitj.ac.in/erp/academic_repository/uploads/hIsWV8H2iMCvJkQ0.pdf,
January-June 2026,M.Tech,2025,SIGNAL PROCESSING AND MACHINE LEARNING,EC-629,ASIC and FPGA,End Sem,https://v1.nitj.ac.in/erp/academic_repository/uploads/kzwu7hrCp9VbP3oJ.pdf,
January-June 2026,M.Tech,2025,TEXTILE ENGINEERING AND MANAGEMENT,TT-502,Structural Mechanics of Yarns,Mid Sem,https://v1.nitj.ac.in/erp/academic_repository/uploads/h7LFU2nkrluKyAP8.pdf,
January-June 2026,M.Tech,2025,TEXTILE ENGINEERING AND MANAGEMENT,TT-502,Structural Mechanics of Yarns,End Sem,https://v1.nitj.ac.in/erp/academic_repository/uploads/UHKxvSnfAiuka46r.pdf,
January-June 2026,M.Tech,2025,TEXTILE ENGINEERING AND MANAGEMENT,TT-504,Structural Mechanics of Fabrics,Mid Sem,https://v1.nitj.ac.in/erp/academic_repository/uploads/nrAloO1Q0xG8tWVM.pdf,
January-June 2026,M.Tech,2025,TEXTILE ENGINEERING AND MANAGEMENT,TT-504,Structural Mechanics of Fabrics,End Sem,https://v1.nitj.ac.in/erp/academic_repository/uploads/DIUoLBV2KxAsiSyz.pdf,
January-June 2026,M.Tech,2025,TEXTILE ENGINEERING AND MANAGEMENT,TT-506,Statistical Methods and Design of Experiment,Mid Sem,https://v1.nitj.ac.in/erp/academic_repository/uploads/J9FWRDG3VpnoK5xs.pdf,
January-June 2026,M.Tech,2025,TEXTILE ENGINEERING AND MANAGEMENT,TT-506,Statistical Methods and Design of Experiment,End Sem,https://v1.nitj.ac.in/erp/academic_repository/uploads/PxiKcLt82AX3ROUq.pdf,
January-June 2026,M.Tech,2025,TEXTILE ENGINEERING AND MANAGEMENT,TT-508,Production Management in Textiles,Mid Sem,https://v1.nitj.ac.in/erp/academic_repository/uploads/uJqIrln8K4PgDo5G.pdf,
January-June 2026,M.Tech,2025,TEXTILE ENGINEERING AND MANAGEMENT,TT-508,Production Management in Textiles,End Sem,https://v1.nitj.ac.in/erp/academic_repository/uploads/XrHaT8IpOmldPinS.pdf,
January-June 2026,M.Tech,2025,TEXTILE ENGINEERING AND MANAGEMENT,TT-510,Geotextiles,Mid Sem,https://v1.nitj.ac.in/erp/academic_repository/uploads/b6Th3KIHXUDFNAd8.pdf,
January-June 2026,M.Tech,2025,TEXTILE ENGINEERING AND MANAGEMENT,TT-510,Geotextiles,End Sem,https://v1.nitj.ac.in/erp/academic_repository/uploads/FKoaNZs8JHyDI7x0.pdf,
January-June 2026,M.Tech,2025,TEXTILE ENGINEERING AND MANAGEMENT,TT-533,Advances in Apparel Technology,Mid Sem,https://v1.nitj.ac.in/erp/academic_repository/uploads/i0upd1Kg5w9QytoI.pdf,
January-June 2026,M.Tech,2025,TEXTILE ENGINEERING AND MANAGEMENT,TT-533,Advances in Apparel Technology,End Sem,https://v1.nitj.ac.in/erp/academic_repository/uploads/wJSFaPEutxO4vYlL.pdf,
January-June 2026,M.Tech,2025,TEXTILE TECHNOLOGY,TTP-502,Advances in Woven Fabric Production,Mid Sem,https://v1.nitj.ac.in/erp/academic_repository/uploads/OqYWhGUblPx83MQv.pdf,
January-June 2026,M.Tech,2025,TEXTILE TECHNOLOGY,TTP-502,Advances in Woven Fabric Production,End Sem,https://v1.nitj.ac.in/erp/academic_repository/uploads/CYDkM6F5jKrvPIlX.pdf,
January-June 2026,M.Tech,2025,TEXTILE TECHNOLOGY,TTP-504,Physical Properties of Fibres,Mid Sem,https://v1.nitj.ac.in/erp/academic_repository/uploads/AX3mOF0oCNdMtV9B.pdf,
January-June 2026,M.Tech,2025,TEXTILE TECHNOLOGY,TTP-504,Physical Properties of Fibres,End Sem,https://v1.nitj.ac.in/erp/academic_repository/uploads/9qSGFXao2v160fkZ.pdf,
January-June 2026,M.Tech,2025,TEXTILE TECHNOLOGY,TTP-506,"Costing, Project Formulation and Appraisal",Mid Sem,https://v1.nitj.ac.in/erp/academic_repository/uploads/9IkapTC2MK3HqJeU.pdf,
January-June 2026,M.Tech,2025,TEXTILE TECHNOLOGY,TTP-506,"Costing, Project Formulation and Appraisal",End Sem,https://v1.nitj.ac.in/erp/academic_repository/uploads/NwuKgt5LSOb8fmck.pdf,
January-June 2026,M.Tech,2025,VLSI DESIGN,EC-522,Embedded Systems Design,Mid Sem,https://v1.nitj.ac.in/erp/academic_repository/uploads/FOIHNhknA2vmKJM4.pdf,
January-June 2026,M.Tech,2025,VLSI DESIGN,EC-522,Embedded Systems Design,End Sem,https://v1.nitj.ac.in/erp/academic_repository/uploads/1ACWcmaOsqPVnL0M.pdf,
January-June 2026,M.Tech,2025,VLSI DESIGN,EC-524,Analog IC Design,Mid Sem,https://v1.nitj.ac.in/erp/academic_repository/uploads/B3Jln6KRg8aHTQqj.pdf,
January-June 2026,M.Tech,2025,VLSI DESIGN,EC-524,Analog IC Design,End Sem,https://v1.nitj.ac.in/erp/academic_repository/uploads/o41HQOL8EFPjheaR.pdf,
January-June 2026,M.Tech,2025,VLSI DESIGN,EC-526,IC Fabrication,Mid Sem,https://v1.nitj.ac.in/erp/academic_repository/uploads/fQ2JeVsBCRXtaHqj.pdf,
January-June 2026,M.Tech,2025,VLSI DESIGN,EC-526,IC Fabrication,End Sem,https://v1.nitj.ac.in/erp/academic_repository/uploads/5D3qWOTLm1IjCBGs.pdf,
January-June 2026,M.Tech,2025,VLSI DESIGN,EC-630,Low Power VLSI Design,Mid Sem,https://v1.nitj.ac.in/erp/academic_repository/uploads/GXATBciMFejds1Yp.pdf,
January-June 2026,M.Tech,2025,VLSI DESIGN,EC-630,Low Power VLSI Design,End Sem,https://v1.nitj.ac.in/erp/academic_repository/uploads/XhdQiv4IjcCeoabt.pdf,
January-June 2026,M.Tech,2025,VLSI DESIGN,EC-631,Memory Design and Testing,Mid Sem,https://v1.nitj.ac.in/erp/academic_repository/uploads/3SB6iYF1sHro0AdJ.pdf,
January-June 2026,M.Tech,2025,VLSI DESIGN,EC-631,Memory Design and Testing,End Sem,https://v1.nitj.ac.in/erp/academic_repository/uploads/THdJ7XaG8ruDK6iZ.pdf,
January-June 2026,M.Tech,2025,VLSI DESIGN,EC-635,Testing and Fault Tolerance,Mid Sem,https://v1.nitj.ac.in/erp/academic_repository/uploads/d6Ivj2DmVgiGf5Nr.pdf,
January-June 2026,M.Tech,2025,VLSI DESIGN,EC-635,Testing and Fault Tolerance,End Sem,https://v1.nitj.ac.in/erp/academic_repository/uploads/J9T4vzG5WsIxlqi6.pdf,
January-June 2026,M.Tech,2025,VLSI DESIGN,EC-638,System on Chip,Mid Sem,https://v1.nitj.ac.in/erp/academic_repository/uploads/XfFzHjmKlakebINw.pdf,
January-June 2026,M.Tech,2025,VLSI DESIGN,EC-638,System on Chip,End Sem,https://v1.nitj.ac.in/erp/academic_repository/uploads/o4OQcMC7lJVzuHsd.pdf,
January-June 2026,M.Tech,2024,POWER SYSTEMS AND RELIABILITY,PSR-504,Probability and Statistics,Mid Sem,https://v1.nitj.ac.in/erp/academic_repository/uploads/FQ3CGtUIVH94osWx.pdf,
January-June 2026,M.Tech,2024,POWER SYSTEMS AND RELIABILITY,PSR-504,Probability and Statistics,End Sem,https://v1.nitj.ac.in/erp/academic_repository/uploads/dPI5MagvAy1eoES8.pdf,
January-June 2026,M.Tech,2024,POWER SYSTEMS AND RELIABILITY,PSR-505,Quality Management,Mid Sem,https://v1.nitj.ac.in/erp/academic_repository/uploads/0H4ksnbB7GEgFQ6z.pdf,
January-June 2026,M.Tech,2024,POWER SYSTEMS AND RELIABILITY,PSR-505,Quality Management,End Sem,https://v1.nitj.ac.in/erp/academic_repository/uploads/LQ7Ur4befFmnIq8Y.pdf,
January-June 2026,M.Tech,2024,POWER SYSTEMS AND RELIABILITY,PSR-556,Construction Economics and Finance,Mid Sem,https://v1.nitj.ac.in/erp/academic_repository/uploads/0b4E3T5WOB6A8zVY.pdf,
January-June 2026,M.Tech,2024,POWER SYSTEMS AND RELIABILITY,PSR-556,Construction Economics and Finance,End Sem,https://v1.nitj.ac.in/erp/academic_repository/uploads/PiVo74glyTOsrR1p.pdf,
January-June 2026,M.Tech,2024,TEXTILE TECHNOLOGY,TTP-508,Advancement in Textile Testing,Mid Sem,https://v1.nitj.ac.in/erp/academic_repository/uploads/x0R5PB2caYmXSwHZ.pdf,
January-June 2026,M.Tech,2024,TEXTILE TECHNOLOGY,TTP-508,Advancement in Textile Testing,End Sem,https://v1.nitj.ac.in/erp/academic_repository/uploads/BX6aSyG1Tswogmb8.pdf,
January-June 2026,M.Tech,2024,TEXTILE TECHNOLOGY,TTP-517,Structural Mechanics of Yarn,Mid Sem,https://v1.nitj.ac.in/erp/academic_repository/uploads/VnmyQf9TJGzZ5g0F.pdf,
January-June 2026,M.Tech,2024,TEXTILE TECHNOLOGY,TTP-517,Structural Mechanics of Yarn,End Sem,https://v1.nitj.ac.in/erp/academic_repository/uploads/lwycmiaVtfRxLqAp.pdf,
January-June 2026,MBA,2025,HUMANITIES AND MANAGEMENT,HM-552,Cost and Management Accounting,Mid Sem,https://v1.nitj.ac.in/erp/academic_repository/uploads/pxmzODlMRI9UridX.pdf,
January-June 2026,MBA,2025,HUMANITIES AND MANAGEMENT,HM-552,Cost and Management Accounting,End Sem,https://v1.nitj.ac.in/erp/academic_repository/uploads/wY4CZ5Getouq9cxJ.pdf,
January-June 2026,MBA,2025,HUMANITIES AND MANAGEMENT,HM-554,Financial Management,Mid Sem,https://v1.nitj.ac.in/erp/academic_repository/uploads/UKR1P6vm0kOox5Vq.pdf,
January-June 2026,MBA,2025,HUMANITIES AND MANAGEMENT,HM-554,Financial Management,End Sem,https://v1.nitj.ac.in/erp/academic_repository/uploads/7kJ39DKNUGZSW8Fb.pdf,
January-June 2026,MBA,2025,HUMANITIES AND MANAGEMENT,HM-556,Human Resource Management,Mid Sem,https://v1.nitj.ac.in/erp/academic_repository/uploads/DWhkHY62Lncw4xEj.pdf,
January-June 2026,MBA,2025,HUMANITIES AND MANAGEMENT,HM-556,Human Resource Management,End Sem,https://v1.nitj.ac.in/erp/academic_repository/uploads/IFJhPbvXa9UY2m7Q.pdf,
January-June 2026,MBA,2025,HUMANITIES AND MANAGEMENT,HM-558,Marketing Management,Mid Sem,https://v1.nitj.ac.in/erp/academic_repository/uploads/fmGu7vJXhiTreAU0.pdf,
January-June 2026,MBA,2025,HUMANITIES AND MANAGEMENT,HM-558,Marketing Management,End Sem,https://v1.nitj.ac.in/erp/academic_repository/uploads/Nhe4FWTQZ56RHjtL.pdf,
January-June 2026,MBA,2025,HUMANITIES AND MANAGEMENT,HM-560,Research Methodology,Mid Sem,https://v1.nitj.ac.in/erp/academic_repository/uploads/H6O37n80bAXRuk24.pdf,
January-June 2026,MBA,2025,HUMANITIES AND MANAGEMENT,HM-560,Research Methodology,End Sem,https://v1.nitj.ac.in/erp/academic_repository/uploads/xCT9lFNb8o3rEWHu.pdf,
January-June 2026,MBA,2025,HUMANITIES AND MANAGEMENT,HM-562,International Business,Mid Sem,https://v1.nitj.ac.in/erp/academic_repository/uploads/82jnJIXPMViTCx61.pdf,
January-June 2026,MBA,2025,HUMANITIES AND MANAGEMENT,HM-562,International Business,End Sem,https://v1.nitj.ac.in/erp/academic_repository/uploads/RUHvEYbuT7xXaqJn.pdf,
January-June 2026,MBA,2024,HUMANITIES AND MANAGEMENT,HM-564,Corporate Management and Strategy,Mid Sem,https://v1.nitj.ac.in/erp/academic_repository/uploads/43zrcBj95ROyaAFZ.pdf,
January-June 2026,MBA,2024,HUMANITIES AND MANAGEMENT,HM-564,Corporate Management and Strategy,End Sem,https://v1.nitj.ac.in/erp/academic_repository/uploads/phPWMR3XdHY1vOqy.pdf,
January-June 2026,MBA,2024,HUMANITIES AND MANAGEMENT,HM-566,Entrepreneurship Development and Management,Mid Sem,https://v1.nitj.ac.in/erp/academic_repository/uploads/AJDBqxrTzuOC3mXL.pdf,
January-June 2026,MBA,2024,HUMANITIES AND MANAGEMENT,HM-566,Entrepreneurship Development and Management,End Sem,https://v1.nitj.ac.in/erp/academic_repository/uploads/C0qwRtKDNnj8VBE2.pdf,
January-June 2026,MBA,2024,HUMANITIES AND MANAGEMENT,HM-572,Brand and Product Management,Mid Sem,https://v1.nitj.ac.in/erp/academic_repository/uploads/XfmeCFP8Zwgk3YEn.pdf,
January-June 2026,MBA,2024,HUMANITIES AND MANAGEMENT,HM-572,Brand and Product Management,End Sem,https://v1.nitj.ac.in/erp/academic_repository/uploads/QbT7leLF6w38rqpt.pdf,
January-June 2026,MBA,2024,HUMANITIES AND MANAGEMENT,HM-576,International Marketing,Mid Sem,https://v1.nitj.ac.in/erp/academic_repository/uploads/XxVkshmAWolE1aj5.pdf,
January-June 2026,MBA,2024,HUMANITIES AND MANAGEMENT,HM-576,International Marketing,End Sem,https://v1.nitj.ac.in/erp/academic_repository/uploads/OJ96QkYSNtjrxCBW.pdf,
January-June 2026,MBA,2024,HUMANITIES AND MANAGEMENT,HM-578,Digital Marketing,Mid Sem,https://v1.nitj.ac.in/erp/academic_repository/uploads/XVynqIGsroH2KBkT.pdf,
January-June 2026,MBA,2024,HUMANITIES AND MANAGEMENT,HM-578,Digital Marketing,End Sem,https://v1.nitj.ac.in/erp/academic_repository/uploads/EyZnoC4LAV8R6pJN.pdf,
January-June 2026,MBA,2024,HUMANITIES AND MANAGEMENT,HM-584,Project and Infrastructure Finance,Mid Sem,https://v1.nitj.ac.in/erp/academic_repository/uploads/CyAlPDvE615F8moV.pdf,
January-June 2026,MBA,2024,HUMANITIES AND MANAGEMENT,HM-584,Project and Infrastructure Finance,End Sem,https://v1.nitj.ac.in/erp/academic_repository/uploads/CzWfPqnOpsrQRK2o.pdf,
January-June 2026,MBA,2024,HUMANITIES AND MANAGEMENT,HM-589,Behavioural Finance,Mid Sem,https://v1.nitj.ac.in/erp/academic_repository/uploads/kFrox9YbLi3juIDO.pdf,
January-June 2026,MBA,2024,HUMANITIES AND MANAGEMENT,HM-589,Behavioural Finance,End Sem,https://v1.nitj.ac.in/erp/academic_repository/uploads/tOmTj2r7Pn3YxI1S.pdf,
January-June 2026,MBA,2024,HUMANITIES AND MANAGEMENT,HM-592,HR Analytics,Mid Sem,https://v1.nitj.ac.in/erp/academic_repository/uploads/ZtykYGA8x4gdlvLE.pdf,
January-June 2026,MBA,2024,HUMANITIES AND MANAGEMENT,HM-592,HR Analytics,End Sem,https://v1.nitj.ac.in/erp/academic_repository/uploads/D6oHAUCQxEhWpZPN.pdf,
January-June 2026,MBA,2024,HUMANITIES AND MANAGEMENT,HM-593,Industrial Relations and Labour Laws,Mid Sem,https://v1.nitj.ac.in/erp/academic_repository/uploads/O4WS2hdZovEYeMbu.pdf,
January-June 2026,MBA,2024,HUMANITIES AND MANAGEMENT,HM-593,Industrial Relations and Labour Laws,End Sem,https://v1.nitj.ac.in/erp/academic_repository/uploads/ScmXg3eK5qsNA4EO.pdf,
January-June 2026,MBA,2024,HUMANITIES AND MANAGEMENT,HM-596,Workforce Development and Training,Mid Sem,https://v1.nitj.ac.in/erp/academic_repository/uploads/GaPCwH7QypVt1s3F.pdf,
January-June 2026,MBA,2024,HUMANITIES AND MANAGEMENT,HM-596,Workforce Development and Training,End Sem,https://v1.nitj.ac.in/erp/academic_repository/uploads/WUp4NHt5iPrTbf2d.pdf,
January-June 2026,MBA,2024,HUMANITIES AND MANAGEMENT,HM-601,Financial Modelling,Mid Sem,https://v1.nitj.ac.in/erp/academic_repository/uploads/sBDaL0P1jbeAiudS.pdf,
January-June 2026,MBA,2024,HUMANITIES AND MANAGEMENT,HM-601,Financial Modelling,End Sem,https://v1.nitj.ac.in/erp/academic_repository/uploads/WvxaITl1yLEXZDCO.pdf,
